/*
 * UniTime 3.0 (University Course Timetabling & Student Sectioning Application)
 * Copyright (C) 2007, UniTime.org
 * 
 * This program is free software; you can redistribute it and/or modify
 * it under the terms of the GNU General Public License as published by
 * the Free Software Foundation; either version 2 of the License, or
 * (at your option) any later version.
 * 
 * This program is distributed in the hope that it will be useful,
 * but WITHOUT ANY WARRANTY; without even the implied warranty of
 * MERCHANTABILITY or FITNESS FOR A PARTICULAR PURPOSE.  See the
 * GNU General Public License for more details.
 * 
 * You should have received a copy of the GNU General Public License along
 * with this program; if not, write to the Free Software Foundation, Inc.,
 * 51 Franklin Street, Fifth Floor, Boston, MA 02110-1301 USA.
*/

-- ----------------------------------------------------------------------
-- SQL data bulk transfer script generated by the MySQL Migration Toolkit
-- ----------------------------------------------------------------------

-- Disable foreign key checks
SET @OLD_FOREIGN_KEY_CHECKS=@@FOREIGN_KEY_CHECKS, FOREIGN_KEY_CHECKS=0;

DELETE FROM `timetable`.`acad_area_reservation`;
DELETE FROM `timetable`.`academic_area`;
DELETE FROM `timetable`.`academic_classification`;
DELETE FROM `timetable`.`application_config`;
DELETE FROM `timetable`.`assigned_instructors`;
DELETE FROM `timetable`.`assigned_rooms`;
DELETE FROM `timetable`.`assignment`;
DELETE FROM `timetable`.`building`;
DELETE FROM `timetable`.`building_pref`;
DELETE FROM `timetable`.`change_log`;
DELETE FROM `timetable`.`class_`;
DELETE FROM `timetable`.`class_instructor`;
DELETE FROM `timetable`.`class_waitlist`;
DELETE FROM `timetable`.`constraint_info`;
DELETE FROM `timetable`.`course_catalog`;
DELETE FROM `timetable`.`course_credit_type`;
DELETE FROM `timetable`.`course_credit_unit_config`;
DELETE FROM `timetable`.`course_credit_unit_type`;
DELETE FROM `timetable`.`course_demand`;
DELETE FROM `timetable`.`course_offering`;
DELETE FROM `timetable`.`course_request`;
DELETE FROM `timetable`.`course_request_option`;
DELETE FROM `timetable`.`course_reservation`;
DELETE FROM `timetable`.`course_subpart_credit`;
DELETE FROM `timetable`.`crse_credit_format`;
DELETE FROM `timetable`.`date_pattern`;
DELETE FROM `timetable`.`date_pattern_dept`;
DELETE FROM `timetable`.`demand_offr_type`;
DELETE FROM `timetable`.`department`;
DELETE FROM `timetable`.`departmental_instructor`;
DELETE FROM `timetable`.`dept_status_type`;
DELETE FROM `timetable`.`dept_to_tt_mgr`;
DELETE FROM `timetable`.`designator`;
DELETE FROM `timetable`.`dist_type_dept`;
DELETE FROM `timetable`.`distribution_object`;
DELETE FROM `timetable`.`distribution_pref`;
DELETE FROM `timetable`.`distribution_type`;
DELETE FROM `timetable`.`exact_time_mins`;
DELETE FROM `timetable`.`external_building`;
DELETE FROM `timetable`.`external_room`;
DELETE FROM `timetable`.`external_room_department`;
DELETE FROM `timetable`.`external_room_feature`;
DELETE FROM `timetable`.`free_time`;
DELETE FROM `timetable`.`history`;
DELETE FROM `timetable`.`individual_reservation`;
DELETE FROM `timetable`.`instr_offering_config`;
DELETE FROM `timetable`.`instructional_offering`;
DELETE FROM `timetable`.`itype_desc`;
DELETE FROM `timetable`.`jenrl`;
DELETE FROM `timetable`.`lastlike_course_demand`;
DELETE FROM `timetable`.`manager_settings`;
DELETE FROM `timetable`.`non_university_location`;
DELETE FROM `timetable`.`offr_consent_type`;
DELETE FROM `timetable`.`offr_group`;
DELETE FROM `timetable`.`offr_group_offering`;
DELETE FROM `timetable`.`pos_acad_area_major`;
DELETE FROM `timetable`.`pos_acad_area_minor`;
DELETE FROM `timetable`.`pos_major`;
DELETE FROM `timetable`.`pos_minor`;
DELETE FROM `timetable`.`pos_reservation`;
DELETE FROM `timetable`.`position_code_to_type`;
DELETE FROM `timetable`.`position_type`;
DELETE FROM `timetable`.`preference_level`;
DELETE FROM `timetable`.`reservation_type`;
DELETE FROM `timetable`.`roles`;
DELETE FROM `timetable`.`room`;
DELETE FROM `timetable`.`room_dept`;
DELETE FROM `timetable`.`room_feature`;
DELETE FROM `timetable`.`room_feature_pref`;
DELETE FROM `timetable`.`room_group`;
DELETE FROM `timetable`.`room_group_pref`;
DELETE FROM `timetable`.`room_group_room`;
DELETE FROM `timetable`.`room_join_room_feature`;
DELETE FROM `timetable`.`room_pref`;
DELETE FROM `timetable`.`scheduling_subpart`;
DELETE FROM `timetable`.`sectioning_info`;
DELETE FROM `timetable`.`sessions`;
DELETE FROM `timetable`.`settings`;
DELETE FROM `timetable`.`solution`;
DELETE FROM `timetable`.`solver_gr_to_tt_mgr`;
DELETE FROM `timetable`.`solver_group`;
DELETE FROM `timetable`.`solver_info`;
DELETE FROM `timetable`.`solver_info_def`;
DELETE FROM `timetable`.`solver_parameter`;
DELETE FROM `timetable`.`solver_parameter_def`;
DELETE FROM `timetable`.`solver_parameter_group`;
DELETE FROM `timetable`.`solver_predef_setting`;
DELETE FROM `timetable`.`staff`;
DELETE FROM `timetable`.`student`;
DELETE FROM `timetable`.`student_acad_area`;
DELETE FROM `timetable`.`student_accomodation`;
DELETE FROM `timetable`.`student_class_enrl`;
DELETE FROM `timetable`.`student_enrl`;
DELETE FROM `timetable`.`student_enrl_msg`;
DELETE FROM `timetable`.`student_group`;
DELETE FROM `timetable`.`student_group_reservation`;
DELETE FROM `timetable`.`student_major`;
DELETE FROM `timetable`.`student_minor`;
DELETE FROM `timetable`.`student_sect_hist`;
DELETE FROM `timetable`.`student_status_type`;
DELETE FROM `timetable`.`student_to_acomodation`;
DELETE FROM `timetable`.`student_to_group`;
DELETE FROM `timetable`.`subject_area`;
DELETE FROM `timetable`.`time_pattern`;
DELETE FROM `timetable`.`time_pattern_days`;
DELETE FROM `timetable`.`time_pattern_dept`;
DELETE FROM `timetable`.`time_pattern_time`;
DELETE FROM `timetable`.`time_pref`;
DELETE FROM `timetable`.`timetable_manager`;
DELETE FROM `timetable`.`tmtbl_mgr_to_roles`;
DELETE FROM `timetable`.`user_data`;
DELETE FROM `timetable`.`users`;
DELETE FROM `timetable`.`waitlist`;

INSERT INTO `timetable`.`application_config`(`name`, `value`, `description`)
VALUES ('tmtbl.system_message', 'Welcome to Woebegon College test suite.', 'Message displayed to users when they first log in to Timetabling'),
  ('tmtbl.access_level', 'all', 'Access Levels: all | {dept code}(:{dept code})*'),
  ('tmtbl.db.version','10','Timetabling database version (please do not change -- this key is used by automatic database update)');

INSERT INTO `timetable`.`assigned_instructors`(`assignment_id`, `instructor_id`, `last_modified_time`)
VALUES (142137, 226242, NULL),
  (142139, 226240, NULL),
  (142140, 226240, NULL),
  (142141, 226240, NULL),
  (142164, 226240, NULL),
  (142165, 226240, NULL),
  (142166, 226240, NULL),
  (142167, 226242, NULL),
  (142168, 226242, NULL),
  (142169, 226246, NULL),
  (142170, 226244, NULL),
  (142171, 226246, NULL),
  (142172, 226244, NULL),
  (142173, 226242, NULL),
  (142174, 226242, NULL),
  (142175, 226242, NULL),
  (142176, 226238, NULL),
  (142177, 226238, NULL),
  (142178, 226238, NULL),
  (142179, 226238, NULL),
  (142180, 226238, NULL),
  (142181, 226238, NULL),
  (142182, 226238, NULL),
  (142183, 226238, NULL),
  (142184, 226238, NULL),
  (142185, 226238, NULL),
  (142186, 226238, NULL),
  (142187, 226238, NULL);

INSERT INTO `timetable`.`assigned_rooms`(`assignment_id`, `room_id`, `last_modified_time`)
VALUES (142137, 7987, NULL),
  (142138, 7986, NULL),
  (142139, 7986, NULL),
  (142140, 7986, NULL),
  (142141, 7986, NULL),
  (142142, 7989, NULL),
  (142143, 7989, NULL),
  (142144, 7989, NULL),
  (142145, 7989, NULL),
  (142146, 7989, NULL),
  (142147, 7989, NULL),
  (142148, 7989, NULL),
  (142149, 7989, NULL),
  (142150, 7988, NULL),
  (142151, 7989, NULL),
  (142152, 7988, NULL),
  (142153, 7992, NULL),
  (142154, 7992, NULL),
  (142155, 7992, NULL),
  (142156, 7992, NULL),
  (142157, 7992, NULL),
  (142158, 7992, NULL),
  (142159, 7992, NULL),
  (142160, 7992, NULL),
  (142161, 7992, NULL),
  (142162, 7992, NULL),
  (142163, 7992, NULL),
  (142164, 7986, NULL),
  (142165, 7986, NULL),
  (142166, 7986, NULL),
  (142167, 7987, NULL),
  (142168, 7988, NULL),
  (142169, 7993, NULL),
  (142170, 7993, NULL),
  (142171, 7993, NULL),
  (142172, 7993, NULL),
  (142173, 7986, NULL),
  (142174, 7986, NULL),
  (142175, 7986, NULL),
  (142176, 7989, NULL),
  (142177, 7989, NULL),
  (142178, 7988, NULL),
  (142179, 7988, NULL),
  (142180, 7987, NULL),
  (142181, 7988, NULL),
  (142182, 7987, NULL),
  (142183, 7987, NULL),
  (142184, 7988, NULL),
  (142185, 7988, NULL),
  (142186, 7988, NULL),
  (142187, 7989, NULL),
  (142188, 7986, NULL),
  (142189, 7986, NULL),
  (142190, 7986, NULL),
  (142191, 7991, NULL),
  (142192, 7991, NULL),
  (142193, 7991, NULL),
  (142194, 7991, NULL),
  (142195, 7991, NULL),
  (142196, 7991, NULL),
  (142197, 7991, NULL),
  (142198, 7991, NULL),
  (142199, 7991, NULL),
  (142200, 7991, NULL),
  (142201, 7991, NULL),
  (142202, 7991, NULL),
  (142203, 7989, NULL),
  (142204, 7989, NULL),
  (142205, 7989, NULL),
  (142206, 7988, NULL),
  (142207, 7989, NULL),
  (142208, 7989, NULL),
  (142209, 7989, NULL),
  (142210, 7989, NULL),
  (142211, 7988, NULL),
  (142212, 7987, NULL),
  (142213, 7988, NULL),
  (142214, 7989, NULL),
  (142215, 7988, NULL),
  (142216, 7987, NULL),
  (142217, 7989, NULL),
  (142218, 7988, NULL),
  (142219, 7987, NULL),
  (142220, 7989, NULL),
  (142221, 7988, NULL),
  (142222, 7987, NULL),
  (142223, 7987, NULL),
  (142224, 7986, NULL),
  (142225, 7987, NULL),
  (142226, 7988, NULL),
  (142227, 7988, NULL),
  (142228, 7989, NULL),
  (142229, 7988, NULL),
  (142230, 7989, NULL),
  (142231, 7989, NULL),
  (142232, 7989, NULL),
  (142233, 7989, NULL),
  (142234, 7988, NULL),
  (142235, 7993, NULL),
  (142236, 7993, NULL),
  (142237, 7993, NULL),
  (142238, 7993, NULL),
  (142239, 7993, NULL),
  (142240, 7993, NULL),
  (142241, 7993, NULL),
  (142242, 7993, NULL),
  (142243, 7993, NULL),
  (142244, 7993, NULL),
  (142245, 7986, NULL),
  (142246, 7993, NULL),
  (142247, 7993, NULL),
  (142248, 7993, NULL),
  (142249, 7988, NULL),
  (142250, 7987, NULL),
  (142251, 7993, NULL),
  (142252, 7993, NULL),
  (142253, 7993, NULL),
  (142254, 7993, NULL),
  (142255, 7987, NULL),
  (142256, 7987, NULL),
  (142257, 7988, NULL),
  (142258, 7986, NULL),
  (142259, 7992, NULL),
  (142260, 7992, NULL),
  (142261, 7992, NULL),
  (142262, 7986, NULL),
  (142263, 7987, NULL),
  (142264, 7986, NULL),
  (142265, 7988, NULL),
  (142266, 7989, NULL),
  (142267, 7989, NULL),
  (142268, 7988, NULL),
  (142269, 7989, NULL),
  (142270, 7989, NULL),
  (142271, 7993, NULL),
  (142272, 7993, NULL),
  (142273, 7993, NULL),
  (142274, 7993, NULL),
  (142275, 7993, NULL),
  (142276, 7988, NULL),
  (142277, 7987, NULL),
  (142278, 7986, NULL),
  (142279, 7987, NULL),
  (142280, 7987, NULL),
  (142281, 7987, NULL),
  (142282, 7988, NULL),
  (142283, 7993, NULL),
  (142284, 7993, NULL),
  (142285, 7993, NULL),
  (142286, 7993, NULL);

INSERT INTO `timetable`.`assignment`(`uniqueid`, `days`, `slot`, `time_pattern_id`, `solution_id`, `class_id`, `class_name`, `last_modified_time`)
VALUES (142137, 84, 114, 1371, 807, 223884, 'ALG 101 Lec 1', NULL),
  (142138, 124, 186, 1480, 806, 223249, 'BAND 101 Lec 1', NULL),
  (142139, 40, 150, 1373, 806, 223240, 'BIOL 101 Lec 1', NULL),
  (142140, 40, 126, 1373, 806, 223899, 'BIOL 101 Lec 2', NULL),
  (142141, 40, 114, 1373, 806, 223900, 'BIOL 101 Lec 3', NULL),
  (142142, 32, 186, 1377, 807, 223902, 'BIOL 101 Rec 1', NULL),
  (142143, 8, 174, 1377, 807, 223903, 'BIOL 101 Rec 2', NULL),
  (142144, 16, 90, 1377, 807, 223904, 'BIOL 101 Rec 3', NULL),
  (142145, 4, 102, 1377, 807, 223905, 'BIOL 101 Rec 4', NULL),
  (142146, 32, 138, 1377, 807, 223906, 'BIOL 101 Rec 5', NULL),
  (142147, 32, 150, 1377, 807, 223907, 'BIOL 101 Rec 6', NULL),
  (142148, 64, 102, 1377, 807, 223908, 'BIOL 101 Rec 7', NULL),
  (142149, 8, 138, 1377, 807, 223909, 'BIOL 101 Rec 8', NULL),
  (142150, 16, 114, 1377, 807, 223910, 'BIOL 101 Rec 9', NULL),
  (142151, 16, 162, 1377, 807, 223976, 'BIOL 101 Rec 10', NULL),
  (142152, 16, 126, 1377, 807, 223977, 'BIOL 101 Rec 11', NULL),
  (142153, 4, 162, 1378, 807, 223914, 'BIOL 101 Lab 1', NULL),
  (142154, 16, 162, 1378, 807, 223915, 'BIOL 101 Lab 2', NULL),
  (142155, 16, 114, 1378, 807, 223916, 'BIOL 101 Lab 3', NULL),
  (142156, 16, 90, 1378, 807, 223917, 'BIOL 101 Lab 4', NULL),
  (142157, 4, 186, 1378, 807, 223918, 'BIOL 101 Lab 5', NULL),
  (142158, 8, 162, 1378, 807, 223919, 'BIOL 101 Lab 6', NULL),
  (142159, 8, 138, 1378, 807, 223920, 'BIOL 101 Lab 7', NULL),
  (142160, 8, 186, 1378, 807, 223921, 'BIOL 101 Lab 8', NULL),
  (142161, 4, 114, 1378, 807, 223922, 'BIOL 101 Lab 9', NULL),
  (142162, 8, 90, 1378, 807, 223978, 'BIOL 101 Lab 10', NULL),
  (142163, 16, 186, 1378, 807, 223979, 'BIOL 101 Lab 11', NULL),
  (142164, 32, 138, 1377, 806, 223926, 'BIOL 101 Pso 1', NULL),
  (142165, 8, 138, 1377, 806, 223927, 'BIOL 101 Pso 2', NULL),
  (142166, 16, 138, 1377, 806, 223973, 'BIOL 101 Pso 3', NULL),
  (142167, 80, 102, 1373, 807, 223245, 'C S 101 Lec 1', NULL),
  (142168, 68, 126, 1373, 807, 223947, 'C S 101 Lec 2', NULL),
  (142169, 8, 186, 1378, 807, 223949, 'C S 101 Lab 1', NULL),
  (142170, 4, 162, 1378, 807, 223950, 'C S 101 Lab 2', NULL),
  (142171, 8, 162, 1378, 807, 223951, 'C S 101 Lab 3', NULL),
  (142172, 4, 114, 1378, 807, 223970, 'C S 101 Lab 4', NULL),
  (142173, 84, 150, 1371, 806, 223869, 'CALC 101 Lec 1', NULL),
  (142174, 84, 174, 1371, 806, 223956, 'CALC 101 Lec 2', NULL),
  (142175, 84, 90, 1371, 806, 223957, 'CALC 101 Lec 3', NULL),
  (142176, 8, 126, 1377, 807, 223870, 'CALC 101 Rec 1', NULL),
  (142177, 32, 162, 1377, 807, 223958, 'CALC 101 Rec 2', NULL),
  (142178, 8, 114, 1377, 807, 223959, 'CALC 101 Rec 3', NULL),
  (142179, 8, 138, 1377, 807, 223960, 'CALC 101 Rec 4', NULL),
  (142180, 4, 102, 1377, 807, 223961, 'CALC 101 Rec 5', NULL),
  (142181, 32, 150, 1377, 807, 223962, 'CALC 101 Rec 6', NULL),
  (142182, 16, 150, 1377, 807, 223963, 'CALC 101 Rec 7', NULL),
  (142183, 4, 150, 1377, 807, 223964, 'CALC 101 Rec 8', NULL),
  (142184, 32, 102, 1377, 807, 223965, 'CALC 101 Rec 9', NULL),
  (142185, 32, 138, 1377, 807, 223966, 'CALC 101 Rec 10', NULL),
  (142186, 32, 126, 1377, 807, 223967, 'CALC 101 Rec 11', NULL),
  (142187, 8, 150, 1377, 807, 223968, 'CALC 101 Rec 12', NULL),
  (142188, 20, 126, 1373, 806, 223256, 'CHM 101 Lec 1', NULL),
  (142189, 68, 138, 1373, 806, 223257, 'CHM 101 Lec 2', NULL),
  (142190, 80, 114, 1373, 806, 223258, 'CHM 101 Lec 3', NULL),
  (142191, 32, 138, 1379, 807, 223259, 'CHM 101 Lab 1', NULL),
  (142192, 8, 138, 1379, 807, 223260, 'CHM 101 Lab 2', NULL),
  (142193, 4, 138, 1379, 807, 223261, 'CHM 101 Lab 3', NULL),
  (142194, 32, 180, 1379, 807, 223263, 'CHM 101 Lab 4', NULL),
  (142195, 4, 90, 1379, 807, 223264, 'CHM 101 Lab 5', NULL),
  (142196, 32, 90, 1379, 807, 223265, 'CHM 101 Lab 6', NULL),
  (142197, 4, 180, 1379, 807, 223267, 'CHM 101 Lab 7', NULL),
  (142198, 16, 90, 1379, 807, 223268, 'CHM 101 Lab 8', NULL),
  (142199, 16, 180, 1379, 807, 223269, 'CHM 101 Lab 9', NULL),
  (142200, 8, 180, 1379, 807, 223817, 'CHM 101 Lab 10', NULL),
  (142201, 8, 90, 1379, 807, 223818, 'CHM 101 Lab 11', NULL),
  (142202, 16, 138, 1379, 807, 223819, 'CHM 101 Lab 12', NULL),
  (142203, 8, 186, 1377, 807, 223824, 'CHM 101 Rec 1', NULL),
  (142204, 16, 186, 1377, 807, 223825, 'CHM 101 Rec 2', NULL),
  (142205, 32, 198, 1377, 807, 223826, 'CHM 101 Rec 3', NULL),
  (142206, 32, 90, 1377, 807, 223827, 'CHM 101 Rec 4', NULL),
  (142207, 32, 126, 1377, 807, 223828, 'CHM 101 Rec 5', NULL),
  (142208, 16, 102, 1377, 807, 223829, 'CHM 101 Rec 6', NULL),
  (142209, 8, 162, 1377, 807, 223830, 'CHM 101 Rec 7', NULL),
  (142210, 4, 162, 1377, 807, 223831, 'CHM 101 Rec 8', NULL),
  (142211, 8, 102, 1377, 807, 223832, 'CHM 101 Rec 9', NULL),
  (142212, 64, 150, 1377, 807, 223833, 'CHM 101 Rec 10', NULL),
  (142213, 32, 114, 1377, 807, 223834, 'CHM 101 Rec 11', NULL),
  (142214, 64, 186, 1377, 807, 223835, 'CHM 101 Rec 12', NULL),
  (142215, 40, 162, 1374, 807, 223297, 'COM 101 Lec 1', NULL),
  (142216, 40, 198, 1374, 807, 223298, 'COM 101 Lec 2', NULL),
  (142217, 40, 90, 1374, 807, 223299, 'COM 101 Lec 3', NULL),
  (142218, 40, 180, 1374, 807, 223300, 'COM 101 Lec 4', NULL),
  (142219, 40, 162, 1374, 807, 223301, 'COM 101 Lec 5', NULL),
  (142220, 40, 108, 1374, 807, 223302, 'COM 101 Lec 6', NULL),
  (142221, 40, 198, 1374, 807, 223303, 'COM 101 Lec 7', NULL),
  (142222, 40, 144, 1374, 807, 223304, 'COM 101 Lec 8', NULL),
  (142223, 40, 108, 1374, 807, 223305, 'COM 101 Lec 9', NULL),
  (142224, 40, 90, 1374, 806, 223291, 'ECON 101 Lec 1', NULL),
  (142225, 84, 198, 1371, 807, 223310, 'ENGL 101 Lec 1', NULL),
  (142226, 84, 90, 1371, 807, 223311, 'ENGL 101 Lec 2', NULL),
  (142227, 84, 186, 1371, 807, 223312, 'ENGL 101 Lec 3', NULL),
  (142228, 84, 150, 1371, 807, 223313, 'ENGL 101 Lec 4', NULL),
  (142229, 84, 102, 1371, 807, 223314, 'ENGL 101 Lec 5', NULL),
  (142230, 84, 126, 1371, 807, 223315, 'ENGL 101 Lec 6', NULL),
  (142231, 84, 114, 1371, 807, 223316, 'ENGL 101 Lec 7', NULL),
  (142232, 84, 138, 1371, 807, 223317, 'ENGL 101 Lec 8', NULL),
  (142233, 84, 174, 1371, 807, 223318, 'ENGL 101 Lec 9', NULL),
  (142234, 84, 162, 1371, 807, 223319, 'ENGL 101 Lec 10', NULL),
  (142235, 16, 102, 1377, 807, 223851, 'ENGL 101 Lab 1', NULL),
  (142236, 8, 114, 1377, 807, 223852, 'ENGL 101 Lab 2', NULL),
  (142237, 4, 150, 1377, 807, 223853, 'ENGL 101 Lab 3', NULL),
  (142238, 4, 138, 1377, 807, 223854, 'ENGL 101 Lab 4', NULL),
  (142239, 32, 174, 1377, 807, 223855, 'ENGL 101 Lab 5', NULL),
  (142240, 16, 114, 1377, 807, 223856, 'ENGL 101 Lab 6', NULL),
  (142241, 16, 162, 1377, 807, 223857, 'ENGL 101 Lab 7', NULL),
  (142242, 8, 150, 1377, 807, 223858, 'ENGL 101 Lab 8', NULL),
  (142243, 16, 126, 1377, 807, 223859, 'ENGL 101 Lab 9', NULL),
  (142244, 32, 90, 1377, 807, 223860, 'ENGL 101 Lab 10', NULL),
  (142245, 40, 174, 1373, 807, 223996, 'ENGR 101 Lec 1', NULL),
  (142246, 8, 90, 1378, 807, 223998, 'ENGR 101 Lab 1', NULL),
  (142247, 64, 114, 1378, 807, 223999, 'ENGR 101 Lab 2', NULL),
  (142248, 32, 138, 1378, 807, 224000, 'ENGR 101 Lab 3', NULL),
  (142249, 84, 138, 1371, 807, 223324, 'GER 101 Lec 1', NULL),
  (142250, 84, 186, 1371, 807, 223325, 'GER 101 Lec 2', NULL),
  (142251, 64, 102, 1377, 807, 224005, 'GER 101 Lab 1', NULL),
  (142252, 16, 174, 1377, 807, 224006, 'GER 101 Lab 2', NULL),
  (142253, 64, 90, 1377, 807, 224007, 'GER 101 Lab 3', NULL),
  (142254, 16, 90, 1377, 807, 224008, 'GER 101 Lab 4', NULL),
  (142255, 40, 90, 1374, 807, 223330, 'HIST 101 Lec 1', NULL),
  (142256, 84, 126, 1371, 807, 223331, 'HIST 101 Lec 2', NULL),
  (142257, 84, 198, 1371, 807, 224017, 'LING 101 Lec 1', NULL),
  (142258, 20, 102, 1373, 806, 224057, 'MBIO 101 Lec 1', NULL),
  (142259, 64, 186, 1378, 807, 224059, 'MBIO 101 Lab 1', NULL),
  (142260, 64, 162, 1378, 807, 224060, 'MBIO 101 Lab 2', NULL),
  (142261, 64, 114, 1378, 807, 224061, 'MBIO 101 Lab 3', NULL),
  (142262, 64, 102, 1377, 806, 224022, 'PHAR 101 Lec 1', NULL),
  (142263, 40, 126, 1374, 807, 223344, 'PHIL 101 Lec 1', NULL),
  (142264, 40, 162, 1373, 807, 223350, 'PHYS 101 Lec 1', NULL),
  (142265, 68, 114, 1373, 807, 223351, 'PHYS 101 Lec 2', NULL),
  (142266, 64, 162, 1377, 807, 224032, 'PHYS 101 Rec 1', NULL),
  (142267, 4, 186, 1377, 807, 224033, 'PHYS 101 Rec 2', NULL),
  (142268, 8, 90, 1377, 807, 224034, 'PHYS 101 Rec 3', NULL),
  (142269, 8, 198, 1377, 807, 224035, 'PHYS 101 Rec 4', NULL),
  (142270, 32, 174, 1377, 807, 224036, 'PHYS 101 Rec 5', NULL),
  (142271, 4, 90, 1378, 807, 224038, 'PHYS 101 Lab 1', NULL),
  (142272, 32, 114, 1378, 807, 224039, 'PHYS 101 Lab 2', NULL),
  (142273, 64, 138, 1378, 807, 224040, 'PHYS 101 Lab 3', NULL),
  (142274, 64, 162, 1378, 807, 224041, 'PHYS 101 Lab 4', NULL),
  (142275, 16, 138, 1378, 807, 224042, 'PHYS 101 Lab 5', NULL),
  (142276, 84, 150, 1371, 807, 223356, 'POL 101 Lec 1', NULL),
  (142277, 84, 162, 1371, 807, 224028, 'POL 101 Lec 2', NULL),
  (142278, 84, 162, 1371, 806, 223363, 'PSY 101 Lec 1', NULL),
  (142279, 84, 138, 1371, 807, 223373, 'SOC 101 Lec 1', NULL),
  (142280, 84, 90, 1371, 807, 224050, 'SOC 101 Lec 2', NULL),
  (142281, 40, 180, 1374, 807, 223378, 'SPAN 101 Lec 1', NULL),
  (142282, 84, 174, 1371, 807, 223379, 'SPAN 101 Lec 2', NULL),
  (142283, 32, 162, 1377, 807, 223800, 'SPAN 101 Lab 1', NULL),
  (142284, 32, 102, 1377, 807, 223801, 'SPAN 101 Lab 2', NULL),
  (142285, 32, 186, 1377, 807, 223802, 'SPAN 101 Lab 3', NULL),
  (142286, 8, 138, 1377, 807, 223803, 'SPAN 101 Lab 4', NULL);

INSERT INTO `timetable`.`building`(`uniqueid`, `session_id`, `abbreviation`, `name`, `coordinate_x`, `coordinate_y`, `external_uid`)
VALUES (1762, 223206, 'THTR', 'Theater of Performing Arts', 2, 1, NULL),
  (1761, 223206, 'EDUC', 'Education Hall', 1, 1, NULL);

INSERT INTO `timetable`.`building_pref`(`uniqueid`, `owner_id`, `pref_level_id`, `bldg_id`, `distance_from`, `last_modified_time`)
VALUES (121515, 226240, 2, 1761, NULL, NULL);

INSERT INTO `timetable`.`change_log`(`uniqueid`, `session_id`, `manager_id`, `time_stamp`, `obj_type`, `obj_uid`, `obj_title`, `subj_area_id`, `department_id`, `source`, `operation`, `detail`)
VALUES (226272, 223206, 470, '2007-06-06 16:45:02', 'org.unitime.timetable.model.DepartmentalInstructor', 226240, 'G. Newman', NULL, 223207, 'INSTRUCTOR_PREF_EDIT', 'UPDATE', NULL),
  (226273, 223206, 470, '2007-06-06 16:45:32', 'org.unitime.timetable.model.DepartmentalInstructor', 226240, 'G. Newman', NULL, 223207, 'INSTRUCTOR_PREF_EDIT', 'UPDATE', NULL),
  (226274, 223206, 470, '2007-06-06 16:45:55', 'org.unitime.timetable.model.DepartmentalInstructor', 226238, 'J. Smith', NULL, 223207, 'INSTRUCTOR_PREF_EDIT', 'UPDATE', NULL),
  (226275, 223206, 470, '2007-06-06 16:46:25', 'org.unitime.timetable.model.DepartmentalInstructor', 226240, 'G. Newman', NULL, 223207, 'INSTRUCTOR_PREF_EDIT', 'UPDATE', NULL),
  (226276, 223206, 470, '2007-06-06 16:51:41', 'org.unitime.timetable.model.Department', 226199, '0100 - Central Office', NULL, 226199, 'DEPARTMENT_EDIT', 'UPDATE', NULL),
  (226207, 223206, 470, '2007-06-06 15:55:11', 'org.unitime.timetable.model.TimetableManager', 4, 'Murray, Keith', NULL, NULL, 'MANAGER_EDIT', 'DELETE', NULL),
  (226208, 223206, 470, '2007-06-06 15:55:24', 'org.unitime.timetable.model.TimetableManager', 8, 'Muller, Tomas', NULL, NULL, 'MANAGER_EDIT', 'DELETE', NULL),
  (226209, 223206, 470, '2007-06-06 15:55:52', 'org.unitime.timetable.model.TimetableManager', 472, 'Smith, John ', NULL, NULL, 'MANAGER_EDIT', 'UPDATE', NULL),
  (226210, 223206, 470, '2007-06-06 15:56:12', 'org.unitime.timetable.model.TimetableManager', 473, 'Newman, Joe ', NULL, NULL, 'MANAGER_EDIT', 'UPDATE', NULL),
  (226211, 223206, 470, '2007-06-06 15:56:25', 'org.unitime.timetable.model.TimetableManager', 471, 'Guest, Adam ', NULL, NULL, 'MANAGER_EDIT', 'UPDATE', NULL),
  (226212, 223206, 470, '2007-06-06 15:56:40', 'org.unitime.timetable.model.TimetableManager', 473, 'Deputy, Joe ', NULL, NULL, 'MANAGER_EDIT', 'UPDATE', NULL),
  (226213, 223206, 470, '2007-06-06 15:56:45', 'org.unitime.timetable.model.TimetableManager', 473, 'Deputy, Schedule ', NULL, NULL, 'MANAGER_EDIT', 'UPDATE', NULL),
  (226214, 223206, 470, '2007-06-06 15:56:54', 'org.unitime.timetable.model.TimetableManager', 472, 'Room, Large Lecture', NULL, NULL, 'MANAGER_EDIT', 'UPDATE', NULL),
  (226215, 223206, 470, '2007-06-06 15:57:08', 'org.unitime.timetable.model.TimetableManager', 470, 'Root, Abraham ', NULL, NULL, 'MANAGER_EDIT', 'UPDATE', NULL),
  (226217, 223206, 470, '2007-06-06 16:10:07', 'org.unitime.timetable.model.Department', 226216, '0102 - Admission Office', NULL, 226216, 'DEPARTMENT_EDIT', 'CREATE', NULL),
  (226218, 223206, 470, '2007-06-06 16:10:45', 'org.unitime.timetable.model.TimetableManager', 471, 'Guest, Adam ', NULL, NULL, 'MANAGER_EDIT', 'UPDATE', NULL),
  (226219, 223206, 470, '2007-06-06 16:11:18', 'org.unitime.timetable.model.Room', 7986, 'EDUC 101', NULL, 226199, 'ROOM_DEPT_EDIT', 'CREATE', NULL),
  (226220, 223206, 470, '2007-06-06 16:11:18', 'org.unitime.timetable.model.Room', 7994, 'THTR 101', NULL, 226199, 'ROOM_DEPT_EDIT', 'CREATE', NULL),
  (226221, 223206, 470, '2007-06-06 16:11:45', 'org.unitime.timetable.model.Room', 7986, 'EDUC 101', NULL, NULL, 'ROOM_DEPT_EDIT', 'UPDATE', NULL),
  (226222, 223206, 470, '2007-06-06 16:12:14', 'org.unitime.timetable.model.Room', 7994, 'THTR 101', NULL, 223207, 'ROOM_DEPT_EDIT', 'UPDATE', NULL),
  (226223, 223206, 470, '2007-06-06 16:12:30', 'org.unitime.timetable.model.Room', 7994, 'THTR 101', NULL, 223207, 'ROOM_PREF_EDIT', 'UPDATE', NULL),
  (226224, 223206, 470, '2007-06-06 16:12:30', 'org.unitime.timetable.model.Room', 7994, 'THTR 101', NULL, 226199, 'ROOM_PREF_EDIT', 'UPDATE', NULL),
  (226225, 223206, 470, '2007-06-06 16:13:10', 'org.unitime.timetable.model.Room', 7986, 'EDUC 101', NULL, NULL, 'ROOM_FEATURE_EDIT', 'UPDATE', NULL),
  (226226, 223206, 470, '2007-06-06 16:13:37', 'org.unitime.timetable.model.Room', 7994, 'THTR 101', NULL, 223207, 'ROOM_FEATURE_EDIT', 'UPDATE', NULL),
  (226227, 223206, 470, '2007-06-06 16:13:54', 'org.unitime.timetable.model.GlobalRoomFeature', 439, 'DVD', NULL, NULL, 'ROOM_FEATURE_EDIT', 'DELETE', NULL),
  (226228, 223206, 470, '2007-06-06 16:13:57', 'org.unitime.timetable.model.GlobalRoomFeature', 124, 'Docucam', NULL, NULL, 'ROOM_FEATURE_EDIT', 'DELETE', NULL),
  (226229, 223206, 470, '2007-06-06 16:14:18', 'org.unitime.timetable.model.GlobalRoomFeature', 437, 'Fixed Seating', NULL, NULL, 'ROOM_FEATURE_EDIT', 'UPDATE', NULL),
  (226230, 223206, 470, '2007-06-06 16:14:36', 'org.unitime.timetable.model.GlobalRoomFeature', 125, 'Computer', NULL, NULL, 'ROOM_FEATURE_EDIT', 'UPDATE', NULL),
  (226231, 223206, 470, '2007-06-06 16:14:43', 'org.unitime.timetable.model.GlobalRoomFeature', 125, 'Computer', NULL, NULL, 'ROOM_FEATURE_EDIT', 'UPDATE', NULL),
  (226232, 223206, 470, '2007-06-06 16:14:56', 'org.unitime.timetable.model.GlobalRoomFeature', 437, 'Fixed Seating', NULL, NULL, 'ROOM_FEATURE_EDIT', 'UPDATE', NULL),
  (226233, 223206, 470, '2007-06-06 16:15:02', 'org.unitime.timetable.model.GlobalRoomFeature', 440, 'Tables and Chairs', NULL, NULL, 'ROOM_FEATURE_EDIT', 'UPDATE', NULL),
  (226234, 223206, 470, '2007-06-06 16:15:07', 'org.unitime.timetable.model.GlobalRoomFeature', 441, 'Tablet Arm Chairs', NULL, NULL, 'ROOM_FEATURE_EDIT', 'UPDATE', NULL),
  (226235, 223206, 470, '2007-06-06 16:15:12', 'org.unitime.timetable.model.GlobalRoomFeature', 469, 'Chalkboard >= 20 Ft.', NULL, NULL, 'ROOM_FEATURE_EDIT', 'UPDATE', NULL),
  (226236, 223206, 470, '2007-06-06 16:15:22', 'org.unitime.timetable.model.GlobalRoomFeature', 468, 'Chalkboard < 20 Ft.', NULL, NULL, 'ROOM_FEATURE_EDIT', 'UPDATE', NULL),
  (226237, 223206, 470, '2007-06-06 16:15:32', 'org.unitime.timetable.model.GlobalRoomFeature', 438, 'Computer Projection', NULL, NULL, 'ROOM_FEATURE_EDIT', 'UPDATE', NULL),
  (226239, 223206, 470, '2007-06-06 16:16:10', 'org.unitime.timetable.model.DepartmentalInstructor', 226238, 'J. Smith', NULL, 223207, 'INSTRUCTOR_EDIT', 'CREATE', NULL),
  (226241, 223206, 470, '2007-06-06 16:16:32', 'org.unitime.timetable.model.DepartmentalInstructor', 226240, 'G. Newman', NULL, 223207, 'INSTRUCTOR_EDIT', 'CREATE', NULL),
  (226243, 223206, 470, '2007-06-06 16:16:47', 'org.unitime.timetable.model.DepartmentalInstructor', 226242, 'J. Doe', NULL, 223207, 'INSTRUCTOR_EDIT', 'CREATE', NULL),
  (226245, 223206, 470, '2007-06-06 16:17:11', 'org.unitime.timetable.model.DepartmentalInstructor', 226244, 'J. Student', NULL, 223207, 'INSTRUCTOR_EDIT', 'CREATE', NULL),
  (226247, 223206, 470, '2007-06-06 16:17:38', 'org.unitime.timetable.model.DepartmentalInstructor', 226246, 'S. Student', NULL, 223207, 'INSTRUCTOR_EDIT', 'CREATE', NULL),
  (226248, 223206, 470, '2007-06-06 16:18:39', 'org.unitime.timetable.model.InstrOfferingConfig', 36951, 'BAND 101 [1]', 764, 223207, 'INSTR_CFG_EDIT', 'UPDATE', NULL),
  (226249, 223206, 470, '2007-06-06 16:19:23', 'org.unitime.timetable.model.InstrOfferingConfig', 36949, 'BIOL 101 [1]', 762, 223207, 'INSTR_CFG_EDIT', 'UPDATE', NULL),
  (226250, 223206, 470, '2007-06-06 16:23:44', 'org.unitime.timetable.model.InstrOfferingConfig', 36966, 'CALC 101 [1]', 771, 223207, 'INSTR_CFG_EDIT', 'UPDATE', NULL),
  (226251, 223206, 470, '2007-06-06 16:24:30', 'org.unitime.timetable.model.InstrOfferingConfig', 36952, 'CHM 101 [1]', 765, 223207, 'INSTR_CFG_EDIT', 'UPDATE', NULL),
  (226252, 223206, 470, '2007-06-06 16:27:13', 'org.unitime.timetable.model.InstrOfferingConfig', 36953, 'ECON 101 [1]', 766, 223207, 'INSTR_CFG_EDIT', 'UPDATE', NULL),
  (226253, 223206, 470, '2007-06-06 16:27:45', 'org.unitime.timetable.model.InstrOfferingConfig', 36962, 'PSY 101 [1]', 775, 223207, 'INSTR_CFG_EDIT', 'UPDATE', NULL),
  (226254, 223206, 470, '2007-06-06 16:28:41', 'org.unitime.timetable.model.Room', 7986, 'EDUC 101', NULL, NULL, 'ROOM_DEPT_EDIT', 'UPDATE', NULL),
  (226255, 223206, 470, '2007-06-06 16:29:08', 'org.unitime.timetable.model.Room', 7994, 'THTR 101', NULL, 223207, 'ROOM_PREF_EDIT', 'UPDATE', NULL),
  (226256, 223206, 470, '2007-06-06 16:29:08', 'org.unitime.timetable.model.Room', 7994, 'THTR 101', NULL, 226199, 'ROOM_PREF_EDIT', 'UPDATE', NULL),
  (226257, 223206, 470, '2007-06-06 16:29:52', 'org.unitime.timetable.model.InstrOfferingConfig', 36971, 'MBIO 101 [1]', 782, 223207, 'INSTR_CFG_EDIT', 'UPDATE', NULL),
  (226258, 223206, 470, '2007-06-06 16:30:28', 'org.unitime.timetable.model.InstrOfferingConfig', 36970, 'PHAR 101 [1]', 781, 223207, 'INSTR_CFG_EDIT', 'UPDATE', NULL),
  (226259, 223206, 470, '2007-06-06 16:30:44', 'org.unitime.timetable.model.Room', 7986, 'EDUC 101', NULL, NULL, 'ROOM_DEPT_EDIT', 'UPDATE', NULL),
  (226260, 223206, 470, '2007-06-06 16:30:58', 'org.unitime.timetable.model.Room', 7986, 'EDUC 101', NULL, 226199, 'ROOM_EDIT', 'UPDATE', NULL),
  (226261, 223206, 470, '2007-06-06 16:31:10', 'org.unitime.timetable.model.Room', 7994, 'THTR 101', NULL, 226199, 'ROOM_EDIT', 'UPDATE', NULL),
  (226262, 223206, 470, '2007-06-06 16:32:13', 'org.unitime.timetable.model.SolverGroup', 345, 'Large Lecture Room', NULL, NULL, 'SOLVER_GROUP_EDIT', 'CREATE', NULL),
  (226263, 223206, 470, '2007-06-06 16:34:36', 'org.unitime.timetable.model.Room', 7986, 'EDUC 101', NULL, 223207, 'ROOM_PREF_EDIT', 'UPDATE', NULL),
  (226264, 223206, 470, '2007-06-06 16:34:36', 'org.unitime.timetable.model.Room', 7986, 'EDUC 101', NULL, 226199, 'ROOM_PREF_EDIT', 'UPDATE', NULL),
  (226265, 223206, 470, '2007-06-06 16:37:54', 'org.unitime.timetable.model.InstrOfferingConfig', 36948, 'ALG 101 [1]', 761, 223207, 'CLASS_INSTR_ASSIGN', 'UPDATE', NULL),
  (226266, 223206, 470, '2007-06-06 16:39:10', 'org.unitime.timetable.model.InstrOfferingConfig', 36950, 'C S 101 [1]', 763, 223207, 'CLASS_INSTR_ASSIGN', 'UPDATE', NULL),
  (226267, 223206, 470, '2007-06-06 16:40:11', 'org.unitime.timetable.model.InstrOfferingConfig', 36949, 'BIOL 101 [1]', 762, 223207, 'CLASS_INSTR_ASSIGN', 'UPDATE', NULL),
  (226268, 223206, 470, '2007-06-06 16:40:32', 'org.unitime.timetable.model.InstrOfferingConfig', 36949, 'BIOL 101 [1]', 762, 223207, 'CLASS_INSTR_ASSIGN', 'UPDATE', NULL),
  (226269, 223206, 470, '2007-06-06 16:41:55', 'org.unitime.timetable.model.InstrOfferingConfig', 36966, 'CALC 101 [1]', 771, 223207, 'CLASS_INSTR_ASSIGN', 'UPDATE', NULL),
  (226270, 223206, 470, '2007-06-06 16:43:06', 'org.unitime.timetable.model.DepartmentalInstructor', 226242, 'J. Doe', NULL, 223207, 'INSTRUCTOR_PREF_EDIT', 'UPDATE', NULL),
  (226271, 223206, 470, '2007-06-06 16:43:42', 'org.unitime.timetable.model.DepartmentalInstructor', 226242, 'J. Doe', NULL, 223207, 'INSTRUCTOR_PREF_EDIT', 'UPDATE', NULL);

INSERT INTO `timetable`.`class_`(`uniqueid`, `subpart_id`, `expected_capacity`, `nbr_rooms`, `parent_class_id`, `owner_id`, `room_capacity`, `notes`, `date_pattern_id`, `managing_dept`, `display_instructor`, `sched_print_note`, `class_suffix`, `display_in_sched_book`, `max_expected_capacity`, `room_ratio`, `section_number`, `last_modified_time`, `uid_rolled_fwd_from`)
VALUES (223240, 223239, 4, 1, NULL, NULL, NULL, NULL, NULL, 226199, 1, NULL, '003001', 1, 4, 1, 1, NULL, NULL),
  (223245, 223244, 2, 1, NULL, NULL, NULL, NULL, NULL, 223207, 1, NULL, '001001', 1, 2, 1, 1, NULL, NULL),
  (223249, 223248, 4, 1, NULL, NULL, NULL, NULL, NULL, 226199, 1, NULL, '001001', 1, 4, 1, 1, NULL, NULL),
  (223256, 223254, 4, 1, NULL, NULL, NULL, NULL, NULL, 226199, 1, NULL, '003001', 1, 4, 1, 1, NULL, NULL),
  (223257, 223254, 4, 1, NULL, NULL, NULL, NULL, NULL, 226199, 1, NULL, '002001', 1, 4, 1, 2, NULL, NULL),
  (223258, 223254, 4, 1, NULL, NULL, NULL, NULL, NULL, 226199, 1, NULL, '001001', 1, 4, 1, 3, NULL, NULL),
  (223259, 223255, 1, 1, 223256, NULL, NULL, NULL, NULL, 223207, 1, NULL, '009001', 1, 1, 1, 1, NULL, NULL),
  (223260, 223255, 1, 1, 223256, NULL, NULL, NULL, NULL, 223207, 1, NULL, '011001', 1, 1, 1, 2, NULL, NULL),
  (223261, 223255, 1, 1, 223256, NULL, NULL, NULL, NULL, 223207, 1, NULL, '012001', 1, 1, 1, 3, NULL, NULL),
  (223263, 223255, 1, 1, 223256, NULL, NULL, NULL, NULL, 223207, 1, NULL, '010001', 1, 1, 1, 4, NULL, NULL),
  (223264, 223255, 1, 1, 223257, NULL, NULL, NULL, NULL, 223207, 1, NULL, '007001', 1, 1, 1, 5, NULL, NULL),
  (223265, 223255, 1, 1, 223257, NULL, NULL, NULL, NULL, 223207, 1, NULL, '005001', 1, 1, 1, 6, NULL, NULL),
  (223267, 223255, 1, 1, 223257, NULL, NULL, NULL, NULL, 223207, 1, NULL, '008001', 1, 1, 1, 7, NULL, NULL),
  (223268, 223255, 1, 1, 223257, NULL, NULL, NULL, NULL, 223207, 1, NULL, '006001', 1, 1, 1, 8, NULL, NULL),
  (223269, 223255, 1, 1, 223258, NULL, NULL, NULL, NULL, 223207, 1, NULL, '002001', 1, 1, 1, 9, NULL, NULL),
  (223291, 223290, 4, 1, NULL, NULL, NULL, NULL, NULL, 226199, 1, NULL, '001001', 1, 4, 1, 1, NULL, NULL),
  (223297, 223296, 1, 1, NULL, NULL, NULL, NULL, NULL, 223207, 1, NULL, '005001', 1, 1, 1, 1, NULL, NULL),
  (223298, 223296, 1, 1, NULL, NULL, NULL, NULL, NULL, 223207, 1, NULL, '008001', 1, 1, 1, 2, NULL, NULL),
  (223299, 223296, 1, 1, NULL, NULL, NULL, NULL, NULL, 223207, 1, NULL, '001001', 1, 1, 1, 3, NULL, NULL),
  (223300, 223296, 1, 1, NULL, NULL, NULL, NULL, NULL, 223207, 1, NULL, '007001', 1, 1, 1, 4, NULL, NULL),
  (223301, 223296, 1, 1, NULL, NULL, NULL, NULL, NULL, 223207, 1, NULL, '006001', 1, 1, 1, 5, NULL, NULL),
  (223302, 223296, 1, 1, NULL, NULL, NULL, NULL, NULL, 223207, 1, NULL, '002001', 1, 1, 1, 6, NULL, NULL),
  (223303, 223296, 1, 1, NULL, NULL, NULL, NULL, NULL, 223207, 1, NULL, '009001', 1, 1, 1, 7, NULL, NULL),
  (223304, 223296, 1, 1, NULL, NULL, NULL, NULL, NULL, 223207, 1, NULL, '004001', 1, 1, 1, 8, NULL, NULL),
  (223305, 223296, 1, 1, NULL, NULL, NULL, NULL, NULL, 223207, 1, NULL, '003001', 1, 1, 1, 9, NULL, NULL),
  (223310, 223309, 1, 1, NULL, NULL, NULL, NULL, NULL, 223207, 1, NULL, '010001', 1, 1, 1, 1, NULL, NULL),
  (223311, 223309, 1, 1, NULL, NULL, NULL, NULL, NULL, 223207, 1, NULL, '001001', 1, 1, 1, 2, NULL, NULL),
  (223312, 223309, 1, 1, NULL, NULL, NULL, NULL, NULL, 223207, 1, NULL, '009001', 1, 1, 1, 3, NULL, NULL),
  (223313, 223309, 1, 1, NULL, NULL, NULL, NULL, NULL, 223207, 1, NULL, '006001', 1, 1, 1, 4, NULL, NULL),
  (223314, 223309, 1, 1, NULL, NULL, NULL, NULL, NULL, 223207, 1, NULL, '002001', 1, 1, 1, 5, NULL, NULL),
  (223315, 223309, 1, 1, NULL, NULL, NULL, NULL, NULL, 223207, 1, NULL, '004001', 1, 1, 1, 6, NULL, NULL),
  (223316, 223309, 1, 1, NULL, NULL, NULL, NULL, NULL, 223207, 1, NULL, '003001', 1, 1, 1, 7, NULL, NULL),
  (223317, 223309, 1, 1, NULL, NULL, NULL, NULL, NULL, 223207, 1, NULL, '005001', 1, 1, 1, 8, NULL, NULL),
  (223318, 223309, 1, 1, NULL, NULL, NULL, NULL, NULL, 223207, 1, NULL, '008001', 1, 1, 1, 9, NULL, NULL),
  (223319, 223309, 1, 1, NULL, NULL, NULL, NULL, NULL, 223207, 1, NULL, '007001', 1, 1, 1, 10, NULL, NULL),
  (223324, 223323, 2, 1, NULL, NULL, NULL, NULL, NULL, 223207, 1, NULL, '001001', 1, 2, 1, 1, NULL, NULL),
  (223325, 223323, 2, 1, NULL, NULL, NULL, NULL, NULL, 223207, 1, NULL, '002001', 1, 2, 1, 2, NULL, NULL),
  (223330, 223329, 2, 1, NULL, NULL, NULL, NULL, NULL, 223207, 1, NULL, '002001', 1, 2, 1, 1, NULL, NULL),
  (223331, 223329, 2, 1, NULL, NULL, NULL, NULL, NULL, 223207, 1, NULL, '001001', 1, 2, 1, 2, NULL, NULL),
  (223344, 223343, 2, 1, NULL, NULL, NULL, NULL, NULL, 223207, 1, NULL, '001001', 1, 2, 1, 1, NULL, NULL),
  (223350, 223349, 3, 1, NULL, NULL, NULL, NULL, NULL, 223207, 1, NULL, '002001', 1, 3, 1, 1, NULL, NULL),
  (223351, 223349, 2, 1, NULL, NULL, NULL, NULL, NULL, 223207, 1, NULL, '001001', 1, 2, 1, 2, NULL, NULL),
  (223356, 223355, 2, 1, NULL, NULL, NULL, NULL, NULL, 223207, 1, NULL, '001001', 1, 2, 1, 1, NULL, NULL),
  (223363, 223362, 4, 1, NULL, NULL, NULL, NULL, NULL, 226199, 1, NULL, '001001', 1, 4, 1, 1, NULL, NULL),
  (223373, 223372, 2, 1, NULL, NULL, NULL, NULL, NULL, 223207, 1, NULL, '002001', 1, 2, 1, 1, NULL, NULL),
  (223378, 223377, 2, 1, NULL, NULL, NULL, NULL, NULL, 223207, 1, NULL, '002001', 1, 2, 1, 1, NULL, NULL),
  (223379, 223377, 2, 1, NULL, NULL, NULL, NULL, NULL, 223207, 1, NULL, '001001', 1, 2, 1, 2, NULL, NULL),
  (223800, 223799, 1, 1, 223378, NULL, NULL, NULL, NULL, 223207, 1, NULL, '002001', 1, 1, 1, 1, NULL, NULL),
  (223801, 223799, 1, 1, 223378, NULL, NULL, NULL, NULL, 223207, 1, NULL, '001001', 1, 1, 1, 2, NULL, NULL),
  (223802, 223799, 1, 1, 223379, NULL, NULL, NULL, NULL, 223207, 1, NULL, '003001', 1, 1, 1, 3, NULL, NULL),
  (223803, 223799, 1, 1, 223379, NULL, NULL, NULL, NULL, 223207, 1, NULL, '004001', 1, 1, 1, 4, NULL, NULL),
  (223817, 223255, 1, 1, 223258, NULL, NULL, NULL, NULL, 223207, 1, NULL, '004001', 1, 1, 1, 10, NULL, NULL),
  (223818, 223255, 1, 1, 223258, NULL, NULL, NULL, NULL, 223207, 1, NULL, '003001', 1, 1, 1, 11, NULL, NULL),
  (223819, 223255, 1, 1, 223258, NULL, NULL, NULL, NULL, 223207, 1, NULL, '001001', 1, 1, 1, 12, NULL, NULL),
  (223824, 223815, 1, 1, 223259, NULL, NULL, NULL, NULL, 223207, 1, NULL, '009001', 1, 1, 1, 1, NULL, NULL),
  (223825, 223815, 1, 1, 223260, NULL, NULL, NULL, NULL, 223207, 1, NULL, '010001', 1, 1, 1, 2, NULL, NULL),
  (223826, 223815, 1, 1, 223261, NULL, NULL, NULL, NULL, 223207, 1, NULL, '011001', 1, 1, 1, 3, NULL, NULL),
  (223827, 223815, 1, 1, 223263, NULL, NULL, NULL, NULL, 223207, 1, NULL, '012001', 1, 1, 1, 4, NULL, NULL),
  (223828, 223815, 1, 1, 223264, NULL, NULL, NULL, NULL, 223207, 1, NULL, '005001', 1, 1, 1, 5, NULL, NULL),
  (223829, 223815, 1, 1, 223265, NULL, NULL, NULL, NULL, 223207, 1, NULL, '006001', 1, 1, 1, 6, NULL, NULL),
  (223830, 223815, 1, 1, 223267, NULL, NULL, NULL, NULL, 223207, 1, NULL, '007001', 1, 1, 1, 7, NULL, NULL),
  (223831, 223815, 1, 1, 223268, NULL, NULL, NULL, NULL, 223207, 1, NULL, '008001', 1, 1, 1, 8, NULL, NULL),
  (223832, 223815, 1, 1, 223269, NULL, NULL, NULL, NULL, 223207, 1, NULL, '001001', 1, 1, 1, 9, NULL, NULL),
  (223833, 223815, 1, 1, 223817, NULL, NULL, NULL, NULL, 223207, 1, NULL, '002001', 1, 1, 1, 10, NULL, NULL),
  (223834, 223815, 1, 1, 223818, NULL, NULL, NULL, NULL, 223207, 1, NULL, '003001', 1, 1, 1, 11, NULL, NULL),
  (223835, 223815, 1, 1, 223819, NULL, NULL, NULL, NULL, 223207, 1, NULL, '004001', 1, 1, 1, 12, NULL, NULL),
  (223851, 223848, 1, 1, 223310, NULL, NULL, NULL, NULL, 223207, 1, NULL, '001001', 1, 1, 1, 1, NULL, NULL),
  (223852, 223848, 1, 1, 223311, NULL, NULL, NULL, NULL, 223207, 1, NULL, '002001', 1, 1, 1, 2, NULL, NULL),
  (223853, 223848, 1, 1, 223312, NULL, NULL, NULL, NULL, 223207, 1, NULL, '003001', 1, 1, 1, 3, NULL, NULL),
  (223854, 223848, 1, 1, 223313, NULL, NULL, NULL, NULL, 223207, 1, NULL, '004001', 1, 1, 1, 4, NULL, NULL),
  (223855, 223848, 1, 1, 223314, NULL, NULL, NULL, NULL, 223207, 1, NULL, '005001', 1, 1, 1, 5, NULL, NULL),
  (223856, 223848, 1, 1, 223315, NULL, NULL, NULL, NULL, 223207, 1, NULL, '006001', 1, 1, 1, 6, NULL, NULL),
  (223857, 223848, 1, 1, 223316, NULL, NULL, NULL, NULL, 223207, 1, NULL, '007001', 1, 1, 1, 7, NULL, NULL),
  (223858, 223848, 1, 1, 223317, NULL, NULL, NULL, NULL, 223207, 1, NULL, '008001', 1, 1, 1, 8, NULL, NULL),
  (223859, 223848, 1, 1, 223318, NULL, NULL, NULL, NULL, 223207, 1, NULL, '009001', 1, 1, 1, 9, NULL, NULL),
  (223860, 223848, 1, 1, 223319, NULL, NULL, NULL, NULL, 223207, 1, NULL, '010001', 1, 1, 1, 10, NULL, NULL),
  (223869, 223867, 4, 1, NULL, NULL, NULL, NULL, NULL, 226199, 1, NULL, '002001', 1, 4, 1, 1, NULL, NULL),
  (223870, 223868, 1, 1, 223869, NULL, NULL, NULL, NULL, 223207, 1, NULL, '007001', 1, 1, 1, 1, NULL, NULL),
  (224057, 224056, 3, 1, NULL, NULL, NULL, NULL, NULL, 226199, 1, NULL, '001001', 1, 3, 1, 1, NULL, NULL),
  (224059, 224058, 1, 1, NULL, NULL, NULL, NULL, NULL, 223207, 1, NULL, '003001', 1, 1, 1, 1, NULL, NULL),
  (224060, 224058, 1, 1, NULL, NULL, NULL, NULL, NULL, 223207, 1, NULL, '002001', 1, 1, 1, 2, NULL, NULL),
  (224061, 224058, 1, 1, NULL, NULL, NULL, NULL, NULL, 223207, 1, NULL, '001001', 1, 1, 1, 3, NULL, NULL),
  (223884, 223228, 2, 1, NULL, NULL, NULL, NULL, NULL, 223207, 1, NULL, '001001', 1, 2, 1, 1, NULL, NULL),
  (223899, 223239, 4, 1, NULL, NULL, NULL, NULL, NULL, 226199, 1, NULL, '002001', 1, 4, 1, 2, NULL, NULL),
  (223900, 223239, 4, 1, NULL, NULL, NULL, NULL, NULL, 226199, 1, NULL, '001001', 1, 4, 1, 3, NULL, NULL),
  (223902, 223901, 1, 1, NULL, NULL, NULL, NULL, NULL, 223207, 1, NULL, '004001', 1, 1, 1, 1, NULL, NULL),
  (223903, 223901, 1, 1, NULL, NULL, NULL, NULL, NULL, 223207, 1, NULL, '010001', 1, 1, 1, 2, NULL, NULL),
  (223904, 223901, 1, 1, NULL, NULL, NULL, NULL, NULL, 223207, 1, NULL, '005001', 1, 1, 1, 3, NULL, NULL),
  (223905, 223901, 1, 1, NULL, NULL, NULL, NULL, NULL, 223207, 1, NULL, '011001', 1, 1, 1, 4, NULL, NULL),
  (223906, 223901, 1, 1, NULL, NULL, NULL, NULL, NULL, 223207, 1, NULL, '002001', 1, 1, 1, 5, NULL, NULL),
  (223907, 223901, 1, 1, NULL, NULL, NULL, NULL, NULL, 223207, 1, NULL, '003001', 1, 1, 1, 6, NULL, NULL),
  (223908, 223901, 1, 1, NULL, NULL, NULL, NULL, NULL, 223207, 1, NULL, '001001', 1, 1, 1, 7, NULL, NULL),
  (223909, 223901, 1, 1, NULL, NULL, NULL, NULL, NULL, 223207, 1, NULL, '009001', 1, 1, 1, 8, NULL, NULL),
  (223910, 223901, 1, 1, NULL, NULL, NULL, NULL, NULL, 223207, 1, NULL, '006001', 1, 1, 1, 9, NULL, NULL),
  (223973, 223925, 4, 1, NULL, NULL, NULL, NULL, NULL, 226199, 1, NULL, '002001', 1, 4, 1, 3, NULL, NULL),
  (223976, 223901, 1, 1, NULL, NULL, NULL, NULL, NULL, 223207, 1, NULL, '008001', 1, 1, 1, 10, NULL, NULL),
  (223914, 223913, 1, 1, NULL, NULL, NULL, NULL, NULL, 223207, 1, NULL, '010001', 1, 1, 1, 1, NULL, NULL),
  (223915, 223913, 1, 1, NULL, NULL, NULL, NULL, NULL, 223207, 1, NULL, '003001', 1, 1, 1, 2, NULL, NULL),
  (223916, 223913, 1, 1, NULL, NULL, NULL, NULL, NULL, 223207, 1, NULL, '002001', 1, 1, 1, 3, NULL, NULL),
  (223917, 223913, 1, 1, NULL, NULL, NULL, NULL, NULL, 223207, 1, NULL, '001001', 1, 1, 1, 4, NULL, NULL),
  (223918, 223913, 1, 1, NULL, NULL, NULL, NULL, NULL, 223207, 1, NULL, '011001', 1, 1, 1, 5, NULL, NULL),
  (223919, 223913, 1, 1, NULL, NULL, NULL, NULL, NULL, 223207, 1, NULL, '007001', 1, 1, 1, 6, NULL, NULL),
  (223920, 223913, 1, 1, NULL, NULL, NULL, NULL, NULL, 223207, 1, NULL, '006001', 1, 1, 1, 7, NULL, NULL),
  (223921, 223913, 1, 1, NULL, NULL, NULL, NULL, NULL, 223207, 1, NULL, '008001', 1, 1, 1, 8, NULL, NULL),
  (223922, 223913, 1, 1, NULL, NULL, NULL, NULL, NULL, 223207, 1, NULL, '009001', 1, 1, 1, 9, NULL, NULL),
  (223977, 223901, 1, 1, NULL, NULL, NULL, NULL, NULL, 223207, 1, NULL, '007001', 1, 1, 1, 11, NULL, NULL),
  (223978, 223913, 1, 1, NULL, NULL, NULL, NULL, NULL, 223207, 1, NULL, '005001', 1, 1, 1, 10, NULL, NULL),
  (223926, 223925, 4, 1, NULL, NULL, NULL, NULL, NULL, 226199, 1, NULL, '001001', 1, 4, 1, 1, NULL, NULL),
  (223927, 223925, 4, 1, NULL, NULL, NULL, NULL, NULL, 226199, 1, NULL, '003001', 1, 4, 1, 2, NULL, NULL),
  (223979, 223913, 1, 1, NULL, NULL, NULL, NULL, NULL, 223207, 1, NULL, '004001', 1, 1, 1, 11, NULL, NULL),
  (223947, 223244, 2, 1, NULL, NULL, NULL, NULL, NULL, 223207, 1, NULL, '002001', 1, 2, 1, 2, NULL, NULL),
  (223949, 223948, 1, 1, NULL, NULL, NULL, NULL, NULL, 223207, 1, NULL, '002001', 1, 1, 1, 1, NULL, NULL),
  (223950, 223948, 1, 1, NULL, NULL, NULL, NULL, NULL, 223207, 1, NULL, '004001', 1, 1, 1, 2, NULL, NULL),
  (223951, 223948, 1, 1, NULL, NULL, NULL, NULL, NULL, 223207, 1, NULL, '001001', 1, 1, 1, 3, NULL, NULL),
  (223956, 223867, 4, 1, NULL, NULL, NULL, NULL, NULL, 226199, 1, NULL, '003001', 1, 4, 1, 2, NULL, NULL),
  (223957, 223867, 4, 1, NULL, NULL, NULL, NULL, NULL, 226199, 1, NULL, '001001', 1, 4, 1, 3, NULL, NULL),
  (223958, 223868, 1, 1, 223869, NULL, NULL, NULL, NULL, 223207, 1, NULL, '005001', 1, 1, 1, 2, NULL, NULL),
  (223959, 223868, 1, 1, 223869, NULL, NULL, NULL, NULL, 223207, 1, NULL, '006001', 1, 1, 1, 3, NULL, NULL),
  (223960, 223868, 1, 1, 223869, NULL, NULL, NULL, NULL, 223207, 1, NULL, '008001', 1, 1, 1, 4, NULL, NULL),
  (223961, 223868, 1, 1, 223956, NULL, NULL, NULL, NULL, 223207, 1, NULL, '011001', 1, 1, 1, 5, NULL, NULL),
  (223962, 223868, 1, 1, 223956, NULL, NULL, NULL, NULL, 223207, 1, NULL, '009001', 1, 1, 1, 6, NULL, NULL),
  (223963, 223868, 1, 1, 223956, NULL, NULL, NULL, NULL, 223207, 1, NULL, '010001', 1, 1, 1, 7, NULL, NULL),
  (223964, 223868, 1, 1, 223956, NULL, NULL, NULL, NULL, 223207, 1, NULL, '012001', 1, 1, 1, 8, NULL, NULL),
  (223965, 223868, 1, 1, 223957, NULL, NULL, NULL, NULL, 223207, 1, NULL, '001001', 1, 1, 1, 9, NULL, NULL),
  (223966, 223868, 1, 1, 223957, NULL, NULL, NULL, NULL, 223207, 1, NULL, '003001', 1, 1, 1, 10, NULL, NULL),
  (223967, 223868, 1, 1, 223957, NULL, NULL, NULL, NULL, 223207, 1, NULL, '002001', 1, 1, 1, 11, NULL, NULL),
  (223968, 223868, 1, 1, 223957, NULL, NULL, NULL, NULL, 223207, 1, NULL, '004001', 1, 1, 1, 12, NULL, NULL),
  (223970, 223948, 1, 1, NULL, NULL, NULL, NULL, NULL, 223207, 1, NULL, '003001', 1, 1, 1, 4, NULL, NULL),
  (223996, 223995, 3, 1, NULL, NULL, NULL, NULL, NULL, 223207, 1, NULL, '001001', 1, 3, 1, 1, NULL, NULL),
  (223998, 223997, 1, 1, NULL, NULL, NULL, NULL, NULL, 223207, 1, NULL, '003001', 1, 1, 1, 1, NULL, NULL),
  (223999, 223997, 1, 1, NULL, NULL, NULL, NULL, NULL, 223207, 1, NULL, '001001', 1, 1, 1, 2, NULL, NULL),
  (224000, 223997, 1, 1, NULL, NULL, NULL, NULL, NULL, 223207, 1, NULL, '002001', 1, 1, 1, 3, NULL, NULL),
  (224005, 224004, 1, 1, 223324, NULL, NULL, NULL, NULL, 223207, 1, NULL, '001001', 1, 1, 1, 1, NULL, NULL),
  (224006, 224004, 1, 1, 223324, NULL, NULL, NULL, NULL, 223207, 1, NULL, '002001', 1, 1, 1, 2, NULL, NULL),
  (224007, 224004, 1, 1, 223325, NULL, NULL, NULL, NULL, 223207, 1, NULL, '003001', 1, 1, 1, 3, NULL, NULL),
  (224008, 224004, 1, 1, 223325, NULL, NULL, NULL, NULL, 223207, 1, NULL, '004001', 1, 1, 1, 4, NULL, NULL),
  (224017, 224016, 2, 1, NULL, NULL, NULL, NULL, NULL, 223207, 1, NULL, '001001', 1, 2, 1, 1, NULL, NULL),
  (224022, 224021, 4, 1, NULL, NULL, NULL, NULL, NULL, 226199, 1, NULL, '001001', 1, 4, 1, 1, NULL, NULL),
  (224028, 223355, 2, 1, NULL, NULL, NULL, NULL, NULL, 223207, 1, NULL, '002001', 1, 2, 1, 2, NULL, NULL),
  (224032, 224030, 1, 1, 223350, NULL, NULL, NULL, NULL, 223207, 1, NULL, '001001', 1, 1, 1, 1, NULL, NULL),
  (224033, 224030, 1, 1, 223350, NULL, NULL, NULL, NULL, 223207, 1, NULL, '003001', 1, 1, 1, 2, NULL, NULL),
  (224034, 224030, 1, 1, 223350, NULL, NULL, NULL, NULL, 223207, 1, NULL, '002001', 1, 1, 1, 3, NULL, NULL),
  (224035, 224030, 1, 1, 223351, NULL, NULL, NULL, NULL, 223207, 1, NULL, '005001', 1, 1, 1, 4, NULL, NULL),
  (224036, 224030, 1, 1, 223351, NULL, NULL, NULL, NULL, 223207, 1, NULL, '004001', 1, 1, 1, 5, NULL, NULL),
  (224038, 224031, 1, 1, 224032, NULL, NULL, NULL, NULL, 223207, 1, NULL, '001001', 1, 1, 1, 1, NULL, NULL),
  (224039, 224031, 1, 1, 224033, NULL, NULL, NULL, NULL, 223207, 1, NULL, '002001', 1, 1, 1, 2, NULL, NULL),
  (224040, 224031, 1, 1, 224034, NULL, NULL, NULL, NULL, 223207, 1, NULL, '003001', 1, 1, 1, 3, NULL, NULL),
  (224041, 224031, 1, 1, 224035, NULL, NULL, NULL, NULL, 223207, 1, NULL, '004001', 1, 1, 1, 4, NULL, NULL),
  (224042, 224031, 1, 1, 224036, NULL, NULL, NULL, NULL, 223207, 1, NULL, '005001', 1, 1, 1, 5, NULL, NULL),
  (224050, 223372, 2, 1, NULL, NULL, NULL, NULL, NULL, 223207, 1, NULL, '001001', 1, 2, 1, 2, NULL, NULL);

INSERT INTO `timetable`.`class_instructor`(`uniqueid`, `class_id`, `instructor_id`, `percent_share`, `is_lead`, `last_modified_time`)
VALUES (38068, 223884, 226242, 100, 1, NULL),
  (38069, 223245, 226242, 100, 1, NULL),
  (38070, 223947, 226242, 100, 1, NULL),
  (38071, 223949, 226246, 100, 1, NULL),
  (38072, 223950, 226244, 100, 1, NULL),
  (38073, 223951, 226246, 100, 1, NULL),
  (38074, 223970, 226244, 100, 1, NULL),
  (38081, 223926, 226240, 100, 1, NULL),
  (38082, 223927, 226240, 100, 1, NULL),
  (38083, 223973, 226240, 100, 1, NULL),
  (38078, 223240, 226240, 100, 1, NULL),
  (38079, 223899, 226240, 100, 1, NULL),
  (38080, 223900, 226240, 100, 1, NULL),
  (38084, 223869, 226242, 100, 1, NULL),
  (38085, 223870, 226238, 100, 1, NULL),
  (38086, 223958, 226238, 100, 1, NULL),
  (38087, 223959, 226238, 100, 1, NULL),
  (38088, 223960, 226238, 100, 1, NULL),
  (38089, 223956, 226242, 100, 1, NULL),
  (38090, 223961, 226238, 100, 1, NULL),
  (38091, 223962, 226238, 100, 1, NULL),
  (38092, 223963, 226238, 100, 1, NULL),
  (38093, 223964, 226238, 100, 1, NULL),
  (38094, 223957, 226242, 100, 1, NULL),
  (38095, 223965, 226238, 100, 1, NULL),
  (38096, 223966, 226238, 100, 1, NULL),
  (38097, 223967, 226238, 100, 1, NULL),
  (38098, 223968, 226238, 100, 1, NULL);

INSERT INTO `timetable`.`class_waitlist`(`uniqueid`, `student_id`, `course_request_id`, `class_id`, `type`, `timestamp`)
VALUES (226169, 223384, 226168, 223884, 1, '2007-04-25 11:53:22'),
  (226173, 223384, 226172, 223297, 1, '2007-04-25 11:53:22'),
  (226174, 223384, 226172, 223301, 1, '2007-04-25 11:53:22'),
  (226178, 223384, 226177, 223363, 1, '2007-04-25 11:53:22'),
  (226182, 223384, 226181, 223291, 1, '2007-04-25 11:53:22'),
  (226186, 223384, 226185, 223373, 1, '2007-04-25 11:53:22');

INSERT INTO `timetable`.`constraint_info`(`assignment_id`, `solver_info_id`)
VALUES (142173, 274711),
  (142176, 274711),
  (142173, 274712),
  (142177, 274712),
  (142173, 274713),
  (142178, 274713),
  (142173, 274714),
  (142179, 274714),
  (142174, 274715),
  (142180, 274715),
  (142174, 274716),
  (142181, 274716),
  (142174, 274717),
  (142182, 274717),
  (142174, 274718),
  (142183, 274718),
  (142175, 274719),
  (142184, 274719),
  (142175, 274720),
  (142185, 274720),
  (142175, 274721),
  (142186, 274721),
  (142175, 274722),
  (142187, 274722),
  (142188, 274723),
  (142191, 274723),
  (142203, 274723),
  (142188, 274724),
  (142192, 274724),
  (142204, 274724),
  (142188, 274725),
  (142193, 274725),
  (142205, 274725),
  (142188, 274726),
  (142194, 274726),
  (142206, 274726),
  (142189, 274727),
  (142195, 274727),
  (142207, 274727),
  (142189, 274728),
  (142196, 274728),
  (142208, 274728),
  (142189, 274729),
  (142197, 274729),
  (142209, 274729),
  (142189, 274730),
  (142198, 274730),
  (142210, 274730),
  (142190, 274731),
  (142199, 274731),
  (142211, 274731),
  (142190, 274732),
  (142200, 274732),
  (142212, 274732),
  (142190, 274733),
  (142201, 274733),
  (142213, 274733),
  (142190, 274734),
  (142202, 274734),
  (142214, 274734),
  (142225, 274735),
  (142235, 274735),
  (142226, 274736),
  (142236, 274736),
  (142227, 274737),
  (142237, 274737),
  (142228, 274738),
  (142238, 274738),
  (142229, 274739),
  (142239, 274739),
  (142230, 274740),
  (142240, 274740),
  (142231, 274741),
  (142241, 274741),
  (142232, 274742),
  (142242, 274742),
  (142233, 274743),
  (142243, 274743),
  (142234, 274744),
  (142244, 274744),
  (142245, 274745),
  (142246, 274745),
  (142245, 274746),
  (142247, 274746),
  (142245, 274747),
  (142248, 274747),
  (142249, 274748),
  (142251, 274748),
  (142249, 274749),
  (142252, 274749),
  (142250, 274750),
  (142253, 274750),
  (142250, 274751),
  (142254, 274751),
  (142258, 274752),
  (142259, 274752),
  (142258, 274753),
  (142260, 274753),
  (142258, 274754),
  (142261, 274754),
  (142264, 274755),
  (142266, 274755),
  (142271, 274755),
  (142264, 274756),
  (142267, 274756),
  (142272, 274756),
  (142264, 274757),
  (142268, 274757),
  (142273, 274757),
  (142265, 274758),
  (142269, 274758),
  (142274, 274758),
  (142265, 274759),
  (142270, 274759),
  (142275, 274759),
  (142281, 274760),
  (142283, 274760),
  (142281, 274761),
  (142284, 274761),
  (142282, 274762),
  (142285, 274762),
  (142282, 274763),
  (142286, 274763);

INSERT INTO `timetable`.`course_credit_type`(`uniqueid`, `reference`, `label`, `abbreviation`, `legacy_crse_master_code`)
VALUES (238, 'collegiate', 'Collegiate Credit', NULL, ' '),
  (239, 'continuingEdUnits', 'Continuing Education Units', 'CEU', 'Q'),
  (240, 'equivalent', 'Equivalent Credit', 'EQV', 'E'),
  (241, 'mastersCredit', 'Masters Credit', 'MS', 'M'),
  (242, 'phdThesisCredit', 'Phd Thesis Credit', 'PhD', 'T');

INSERT INTO `timetable`.`course_credit_unit_config`(`uniqueid`, `credit_format`, `owner_id`, `credit_type`, `credit_unit_type`, `defines_credit_at_course_level`, `fixed_units`, `min_units`, `max_units`, `fractional_incr_allowed`, `instr_offr_id`, `last_modified_time`)
VALUES (27604, 'fixedUnit', 223228, 238, 248, 0, 3, NULL, NULL, NULL, NULL, NULL),
  (27602, 'fixedUnit', NULL, 238, 248, 1, 3, NULL, NULL, NULL, 132313, NULL);

INSERT INTO `timetable`.`course_credit_unit_type`(`uniqueid`, `reference`, `label`, `abbreviation`)
VALUES (248, 'semesterHours', 'Semester Hours', NULL);

INSERT INTO `timetable`.`course_demand`(`uniqueid`, `student_id`, `priority`, `waitlist`, `is_alternative`, `timestamp`, `free_time_id`)
VALUES (225705, 223396, 0, 0, 0, '2007-04-25 10:31:12', NULL),
  (225708, 223396, 1, 0, 0, '2007-04-25 10:31:12', NULL),
  (225711, 223396, 2, 0, 0, '2007-04-25 10:31:12', NULL),
  (225714, 223396, 3, 0, 0, '2007-04-25 10:31:12', NULL),
  (225717, 223396, 4, 0, 0, '2007-04-25 10:31:12', NULL),
  (225492, 223386, 0, 0, 0, '2007-04-25 10:31:04', NULL),
  (225496, 223386, 1, 0, 0, '2007-04-25 10:31:04', NULL),
  (225500, 223386, 2, 0, 0, '2007-04-25 10:31:04', NULL),
  (225503, 223386, 3, 0, 0, '2007-04-25 10:31:04', NULL),
  (225506, 223386, 4, 0, 0, '2007-04-25 10:31:04', NULL),
  (225622, 223392, 0, 0, 0, '2007-04-25 10:31:09', NULL),
  (225627, 223392, 1, 0, 0, '2007-04-25 10:31:09', NULL),
  (225632, 223392, 2, 0, 0, '2007-04-25 10:31:09', NULL),
  (225636, 223392, 3, 0, 0, '2007-04-25 10:31:09', NULL),
  (225640, 223392, 4, 0, 0, '2007-04-25 10:31:09', NULL),
  (225644, 223393, 0, 0, 0, '2007-04-25 10:31:10', NULL),
  (225722, 223397, 0, 0, 0, '2007-04-25 10:31:13', NULL),
  (225869, 224241, 0, 0, 0, '2007-04-25 10:31:17', NULL),
  (225872, 224241, 1, 0, 0, '2007-04-25 10:31:17', NULL),
  (225875, 224241, 2, 0, 0, '2007-04-25 10:31:17', NULL),
  (225877, 224241, 3, 0, 0, '2007-04-25 10:31:17', NULL),
  (225880, 224241, 4, 0, 0, '2007-04-25 10:31:17', NULL),
  (225883, 224241, 5, 0, 0, '2007-04-25 10:31:17', NULL),
  (226167, 223384, 0, 0, 0, '2007-04-25 11:53:22', NULL),
  (226171, 223384, 1, 0, 0, '2007-04-25 11:53:22', NULL),
  (226176, 223384, 2, 0, 0, '2007-04-25 11:53:22', NULL),
  (226180, 223384, 3, 0, 0, '2007-04-25 11:53:22', NULL),
  (226184, 223384, 4, 0, 0, '2007-04-25 11:53:22', NULL),
  (225532, 223388, 0, 0, 0, '2007-04-25 10:31:06', NULL),
  (225538, 223388, 1, 0, 0, '2007-04-25 10:31:06', NULL),
  (225543, 223388, 2, 0, 0, '2007-04-25 10:31:06', NULL),
  (225547, 223388, 3, 0, 0, '2007-04-25 10:31:06', NULL),
  (225832, 223402, 0, 0, 0, '2007-04-25 10:31:16', NULL),
  (225510, 223387, 0, 0, 0, '2007-04-25 10:31:05', NULL),
  (225516, 223387, 1, 0, 0, '2007-04-25 10:31:05', NULL),
  (225521, 223387, 2, 0, 0, '2007-04-25 10:31:05', NULL),
  (225525, 223387, 3, 0, 0, '2007-04-25 10:31:05', NULL),
  (225528, 223387, 4, 0, 0, '2007-04-25 10:31:05', NULL),
  (225550, 223388, 4, 0, 0, '2007-04-25 10:31:06', NULL),
  (225836, 223402, 1, 0, 0, '2007-04-25 10:31:16', NULL),
  (225841, 223402, 2, 0, 0, '2007-04-25 10:31:16', NULL),
  (225843, 223402, 3, 0, 0, '2007-04-25 10:31:16', NULL),
  (225846, 223402, 4, 0, 0, '2007-04-25 10:31:16', NULL),
  (225554, 223389, 0, 0, 0, '2007-04-25 10:31:07', NULL),
  (225560, 223389, 1, 0, 0, '2007-04-25 10:31:07', NULL),
  (225565, 223389, 2, 0, 0, '2007-04-25 10:31:07', NULL),
  (225569, 223389, 3, 0, 0, '2007-04-25 10:31:07', NULL),
  (225572, 223389, 4, 0, 0, '2007-04-25 10:31:07', NULL),
  (225576, 223390, 0, 0, 0, '2007-04-25 10:31:08', NULL),
  (225581, 223390, 1, 0, 0, '2007-04-25 10:31:08', NULL),
  (225586, 223390, 2, 0, 0, '2007-04-25 10:31:08', NULL),
  (225590, 223390, 3, 0, 0, '2007-04-25 10:31:08', NULL),
  (225594, 223390, 4, 0, 0, '2007-04-25 10:31:08', NULL),
  (225597, 223390, 5, 0, 0, '2007-04-25 10:31:08', NULL),
  (225600, 223391, 0, 0, 0, '2007-04-25 10:31:09', NULL),
  (225605, 223391, 1, 0, 0, '2007-04-25 10:31:09', NULL),
  (225611, 223391, 2, 0, 0, '2007-04-25 10:31:09', NULL),
  (225615, 223391, 3, 0, 0, '2007-04-25 10:31:09', NULL),
  (225649, 223393, 1, 0, 0, '2007-04-25 10:31:10', NULL),
  (225654, 223393, 2, 0, 0, '2007-04-25 10:31:10', NULL),
  (225658, 223393, 3, 0, 0, '2007-04-25 10:31:10', NULL),
  (225662, 223393, 4, 0, 0, '2007-04-25 10:31:10', NULL),
  (225666, 223394, 0, 0, 0, '2007-04-25 10:31:10', NULL),
  (225672, 223394, 1, 0, 0, '2007-04-25 10:31:10', NULL),
  (225675, 223394, 2, 0, 0, '2007-04-25 10:31:10', NULL),
  (225678, 223394, 3, 0, 0, '2007-04-25 10:31:10', NULL),
  (225681, 223394, 4, 0, 0, '2007-04-25 10:31:10', NULL),
  (225685, 223395, 0, 0, 0, '2007-04-25 10:31:11', NULL),
  (225688, 223395, 1, 0, 0, '2007-04-25 10:31:11', NULL),
  (225692, 223395, 2, 0, 0, '2007-04-25 10:31:11', NULL),
  (225696, 223395, 3, 0, 0, '2007-04-25 10:31:11', NULL),
  (225699, 223395, 4, 0, 0, '2007-04-25 10:31:11', NULL),
  (225702, 223395, 5, 0, 0, '2007-04-25 10:31:11', NULL),
  (225728, 223397, 1, 0, 0, '2007-04-25 10:31:13', NULL),
  (225732, 223397, 2, 0, 0, '2007-04-25 10:31:13', NULL),
  (225737, 223397, 3, 0, 0, '2007-04-25 10:31:13', NULL),
  (225741, 223397, 4, 0, 0, '2007-04-25 10:31:13', NULL),
  (225745, 223398, 0, 0, 0, '2007-04-25 10:31:13', NULL),
  (225751, 223398, 1, 0, 0, '2007-04-25 10:31:13', NULL),
  (225755, 223398, 2, 0, 0, '2007-04-25 10:31:13', NULL),
  (225760, 223398, 3, 0, 0, '2007-04-25 10:31:13', NULL),
  (225764, 223398, 4, 0, 0, '2007-04-25 10:31:13', NULL),
  (225768, 223399, 0, 0, 0, '2007-04-25 10:31:14', NULL),
  (225774, 223399, 1, 0, 0, '2007-04-25 10:31:14', NULL),
  (225778, 223399, 2, 0, 0, '2007-04-25 10:31:14', NULL),
  (225780, 223399, 3, 0, 0, '2007-04-25 10:31:14', NULL),
  (225784, 223399, 4, 0, 0, '2007-04-25 10:31:14', NULL),
  (225788, 223400, 0, 0, 0, '2007-04-25 10:31:15', NULL),
  (225791, 223400, 1, 0, 0, '2007-04-25 10:31:15', NULL),
  (225797, 223400, 2, 0, 0, '2007-04-25 10:31:15', NULL),
  (225802, 223400, 3, 0, 0, '2007-04-25 10:31:15', NULL),
  (225806, 223400, 4, 0, 0, '2007-04-25 10:31:15', NULL),
  (225810, 223401, 0, 0, 0, '2007-04-25 10:31:15', NULL),
  (225813, 223401, 1, 0, 0, '2007-04-25 10:31:15', NULL),
  (225819, 223401, 2, 0, 0, '2007-04-25 10:31:15', NULL),
  (225824, 223401, 3, 0, 0, '2007-04-25 10:31:15', NULL),
  (225828, 223401, 4, 0, 0, '2007-04-25 10:31:15', NULL),
  (225849, 224240, 0, 0, 0, '2007-04-25 10:31:16', NULL),
  (225852, 224240, 1, 0, 0, '2007-04-25 10:31:16', NULL),
  (225858, 224240, 2, 0, 0, '2007-04-25 10:31:16', NULL),
  (225861, 224240, 3, 0, 0, '2007-04-25 10:31:16', NULL),
  (225864, 224240, 4, 0, 0, '2007-04-25 10:31:16', NULL),
  (225866, 224240, 5, 0, 0, '2007-04-25 10:31:16', NULL),
  (225476, 223385, 0, 0, 0, '2007-04-25 10:31:02', NULL),
  (225479, 223385, 1, 0, 0, '2007-04-25 10:31:02', NULL),
  (225482, 223385, 2, 0, 0, '2007-04-25 10:31:02', NULL),
  (225485, 223385, 3, 0, 0, '2007-04-25 10:31:02', NULL),
  (225488, 223385, 4, 0, 0, '2007-04-25 10:31:02', NULL),
  (225619, 223391, 4, 0, 0, '2007-04-25 10:31:09', NULL);

INSERT INTO `timetable`.`course_offering`(`uniqueid`, `course_nbr`, `is_control`, `perm_id`, `proj_demand`, `instr_offr_id`, `subject_area_id`, `title`, `schedule_book_note`, `demand_offering_id`, `demand_offering_type`, `nbr_expected_stdents`, `external_uid`, `last_modified_time`, `uid_rolled_fwd_from`)
VALUES (135715, '101', 1, NULL, 0, 132313, 761, 'Algebra I', NULL, NULL, NULL, 0, NULL, NULL, NULL),
  (135716, '101', 1, NULL, 0, 132314, 762, 'Introduction to Biology', NULL, NULL, NULL, 0, NULL, NULL, NULL),
  (135717, '101', 1, NULL, 0, 132315, 763, 'Introductory Computing', NULL, NULL, NULL, 0, NULL, NULL, NULL),
  (135718, '101', 1, NULL, 0, 132316, 764, 'Band', NULL, NULL, NULL, 0, NULL, NULL, NULL),
  (135719, '101', 1, NULL, 0, 132317, 765, 'Chemistry I', NULL, NULL, NULL, 0, NULL, NULL, NULL),
  (135720, '101', 1, NULL, 0, 132318, 766, 'Micoeconomics', NULL, NULL, NULL, 0, NULL, NULL, NULL),
  (135721, '101', 1, NULL, 0, 132319, 767, 'Communications I', NULL, NULL, NULL, 0, NULL, NULL, NULL),
  (135722, '101', 1, NULL, 0, 132320, 768, 'English', NULL, NULL, NULL, 0, NULL, NULL, NULL),
  (135723, '101', 1, NULL, 0, 132321, 769, 'German', NULL, NULL, NULL, 0, NULL, NULL, NULL),
  (135724, '101', 1, NULL, 0, 132322, 770, 'History of the World', NULL, NULL, NULL, 0, NULL, NULL, NULL),
  (135726, '101', 1, NULL, 0, 132324, 772, 'Philosophy', NULL, NULL, NULL, 0, NULL, NULL, NULL),
  (135727, '101', 1, NULL, 0, 132325, 773, 'Physics', NULL, NULL, NULL, 0, NULL, NULL, NULL),
  (135728, '101', 1, NULL, 0, 132326, 774, 'Political Science', NULL, NULL, NULL, 0, NULL, NULL, NULL),
  (135729, '101', 1, NULL, 0, 132327, 775, 'Psychology', NULL, NULL, NULL, 0, NULL, NULL, NULL),
  (135730, '201', 1, NULL, 0, 132328, 776, 'Advanced Chinese', NULL, NULL, NULL, 0, NULL, NULL, NULL),
  (135731, '101', 1, NULL, 0, 132329, 777, 'Sociology', NULL, NULL, NULL, 0, NULL, NULL, NULL),
  (135732, '101', 1, NULL, 0, 132330, 778, 'Spanish', NULL, NULL, NULL, 0, NULL, NULL, NULL),
  (135733, '101', 1, NULL, 0, 132331, 771, 'Calculus', NULL, NULL, NULL, 0, NULL, NULL, NULL),
  (135739, '101', 1, NULL, 0, 132338, 782, 'Principles of Microbiology', NULL, NULL, NULL, 0, NULL, NULL, NULL),
  (135735, '201', 1, NULL, 0, 132334, 762, 'Principles of Microbiology', NULL, NULL, NULL, 0, NULL, NULL, NULL),
  (135736, '101', 1, NULL, 0, 132335, 779, 'Freshman Engineering', NULL, NULL, NULL, 0, NULL, NULL, NULL),
  (135737, '101', 1, NULL, 0, 132336, 780, 'Introduction to Linguistics', NULL, NULL, NULL, 0, NULL, NULL, NULL),
  (135738, '101', 1, NULL, 0, 132337, 781, 'Seminars in Pharmacy', NULL, NULL, NULL, 0, NULL, NULL, NULL);

INSERT INTO `timetable`.`course_request`(`uniqueid`, `course_demand_id`, `course_offering_id`, `ord`, `allow_overlap`, `credit`)
VALUES (225623, 225622, 135719, 0, 0, -1),
  (225628, 225627, 135727, 0, 0, -1),
  (225633, 225632, 135736, 0, 0, -1),
  (225637, 225636, 135733, 0, 0, -1),
  (225641, 225640, 135722, 0, 0, -1),
  (225706, 225705, 135731, 0, 0, -1),
  (225709, 225708, 135724, 0, 0, -1),
  (225712, 225711, 135737, 0, 0, -1),
  (225715, 225714, 135726, 0, 0, -1),
  (225718, 225717, 135727, 0, 0, -1),
  (225645, 225644, 135719, 0, 0, -1),
  (225723, 225722, 135716, 0, 0, -1),
  (225870, 225869, 135728, 0, 0, -1),
  (225873, 225872, 135720, 0, 0, -1),
  (225876, 225875, 135717, 0, 0, -1),
  (225878, 225877, 135721, 0, 0, -1),
  (225881, 225880, 135731, 0, 0, -1),
  (225884, 225883, 135718, 0, 0, -1),
  (226168, 226167, 135715, 0, 0, -1),
  (226172, 226171, 135721, 0, 0, -1),
  (226177, 226176, 135729, 0, 0, -1),
  (226181, 226180, 135720, 0, 0, -1),
  (226185, 226184, 135731, 0, 0, -1),
  (225533, 225532, 135716, 0, 0, -1),
  (225539, 225538, 135719, 0, 0, -1),
  (225544, 225543, 135733, 0, 0, -1),
  (225548, 225547, 135738, 0, 0, -1),
  (225833, 225832, 135717, 0, 0, -1),
  (225493, 225492, 135733, 0, 0, -1),
  (225497, 225496, 135722, 0, 0, -1),
  (225501, 225500, 135729, 0, 0, -1),
  (225504, 225503, 135720, 0, 0, -1),
  (225507, 225506, 135717, 0, 0, -1),
  (225511, 225510, 135716, 0, 0, -1),
  (225517, 225516, 135719, 0, 0, -1),
  (225522, 225521, 135733, 0, 0, -1),
  (225526, 225525, 135738, 0, 0, -1),
  (225529, 225528, 135722, 0, 0, -1),
  (225551, 225550, 135722, 0, 0, -1),
  (225837, 225836, 135727, 0, 0, -1),
  (225842, 225841, 135733, 0, 0, -1),
  (225844, 225843, 135721, 0, 0, -1),
  (225847, 225846, 135728, 0, 0, -1),
  (225555, 225554, 135716, 0, 0, -1),
  (225561, 225560, 135719, 0, 0, -1),
  (225566, 225565, 135733, 0, 0, -1),
  (225570, 225569, 135738, 0, 0, -1),
  (225573, 225572, 135722, 0, 0, -1),
  (225577, 225576, 135719, 0, 0, -1),
  (225582, 225581, 135727, 0, 0, -1),
  (225587, 225586, 135736, 0, 0, -1),
  (225591, 225590, 135733, 0, 0, -1),
  (225595, 225594, 135721, 0, 0, -1),
  (225598, 225597, 135718, 0, 0, -1),
  (225601, 225600, 135719, 0, 0, -1),
  (225606, 225605, 135716, 0, 0, -1),
  (225612, 225611, 135736, 0, 0, -1),
  (225616, 225615, 135733, 0, 0, -1),
  (225667, 225666, 135716, 0, 0, -1),
  (225673, 225672, 135721, 0, 0, -1),
  (225676, 225675, 135728, 0, 0, -1),
  (225679, 225678, 135729, 0, 0, -1),
  (225682, 225681, 135732, 0, 0, -1),
  (225650, 225649, 135727, 0, 0, -1),
  (225655, 225654, 135717, 0, 0, -1),
  (225659, 225658, 135733, 0, 0, -1),
  (225663, 225662, 135722, 0, 0, -1),
  (225686, 225685, 135721, 0, 0, -1),
  (225689, 225688, 135722, 0, 0, -1),
  (225693, 225692, 135723, 0, 0, -1),
  (225697, 225696, 135726, 0, 0, -1),
  (225700, 225699, 135724, 0, 0, -1),
  (225703, 225702, 135718, 0, 0, -1),
  (225729, 225728, 135739, 0, 0, -1),
  (225733, 225732, 135719, 0, 0, -1),
  (225738, 225737, 135733, 0, 0, -1),
  (225742, 225741, 135722, 0, 0, -1),
  (225746, 225745, 135716, 0, 0, -1),
  (225752, 225751, 135739, 0, 0, -1),
  (225756, 225755, 135719, 0, 0, -1),
  (225761, 225760, 135733, 0, 0, -1),
  (225765, 225764, 135723, 0, 0, -1),
  (225789, 225788, 135728, 0, 0, -1),
  (225769, 225768, 135716, 0, 0, -1),
  (225775, 225774, 135739, 0, 0, -1),
  (225779, 225778, 135719, 0, 0, -1),
  (225781, 225780, 135733, 0, 0, -1),
  (225785, 225784, 135732, 0, 0, -1),
  (225792, 225791, 135716, 0, 0, -1),
  (225798, 225797, 135719, 0, 0, -1),
  (225803, 225802, 135722, 0, 0, -1),
  (225807, 225806, 135732, 0, 0, -1),
  (225811, 225810, 135724, 0, 0, -1),
  (225814, 225813, 135716, 0, 0, -1),
  (225820, 225819, 135719, 0, 0, -1),
  (225825, 225824, 135722, 0, 0, -1),
  (225829, 225828, 135723, 0, 0, -1),
  (225850, 225849, 135731, 0, 0, -1),
  (225853, 225852, 135716, 0, 0, -1),
  (225859, 225858, 135724, 0, 0, -1),
  (225862, 225861, 135721, 0, 0, -1),
  (225865, 225864, 135732, 0, 0, -1),
  (225867, 225866, 135718, 0, 0, -1),
  (225477, 225476, 135715, 0, 0, -1),
  (225480, 225479, 135721, 0, 0, -1),
  (225483, 225482, 135729, 0, 0, -1),
  (225486, 225485, 135720, 0, 0, -1),
  (225489, 225488, 135723, 0, 0, -1),
  (225620, 225619, 135721, 0, 0, -1);

INSERT INTO `timetable`.`course_reservation`(`uniqueid`, `owner`, `reservation_type`, `course_offering`, `priority`, `reserved`, `prior_enrollment`, `projected_enrollment`, `owner_class_id`, `requested`, `last_modified_time`)
VALUES (29623, 132313, 288, 135715, 1, 2, NULL, NULL, 'I', NULL, NULL);

INSERT INTO `timetable`.`crse_credit_format`(`uniqueid`, `reference`, `label`, `abbreviation`)
VALUES (243, 'arrangeHours', 'Arrange Hours', 'AH'),
  (244, 'fixedUnit', 'Fixed Unit', NULL),
  (245, 'variableMinMax', 'Variable Min/Max', NULL),
  (246, 'variableRange', 'Variable Range', NULL);

INSERT INTO `timetable`.`date_pattern`(`uniqueid`, `name`, `pattern`, `offset`, `type`, `visible`, `session_id`)
VALUES (49, 'Full Term', '111111011111100111110111111011111101111110111111000111101111110111111011111101111110111111011000001111110111111', 0, 0, 1, 223206),
 (52, 'Week 1-10', '111111011111100111110111111011111101111110111111000111101111110111111011', 0, 0, 1, 223206),
 (53, 'Week 6-15', '1111110111111000111101111110111111011111101111110111111011000001111110111111', -35, 0, 1, 223206),
 (54, 'Week 1-8', '1111110111111001111101111110111111011111101111110001111011', 0, 0, 1, 223206),
 (55, 'Week 9-15', '11110111111011111101111110111111011000001111110111111', -58, 0, 1, 223206),
 (56, 'Week 1-5', '1111110111111001111101111110111111', 0, 0, 1, 223206),
 (57, 'Week 6-10', '1111110111111000111101111110111111011', -35, 0, 1, 223206),
 (58, 'Week 11-15', '111101111110111111011000001111110111111', -72, 0, 1, 223206),
 (59, 'Odd Wks', '111111000000000111110000000011111100000000111111000000000011110110000000111101100000001111011000000000000111111', 0, 1, 1, 223206),
 (60, 'Even Wks', '1111110000000011111100000000111111000000000011110110000000111101100000001111011000000000000111111', -7, 1, 1, 223206),
 (369, 'Week -1', '1111111', 7, 2, 1, 223206),
 (61, 'Week 1', '1111111', 0, 2, 1, 223206),
 (62, 'Week 2', '1111111', -7, 2, 1, 223206),
 (51, 'Week 2-15', '11111100111110111111011111101111110111111000111101111110111111011111101111110111111011000001111110111111', -7, 2, 1, 223206),
 (63, 'Week 3', '111111', -15, 2, 1, 223206),
 (64, 'Week 4', '1111111', -21, 2, 1, 223206),
 (65, 'Week 5', '1111111', -28, 2, 1, 223206),
 (66, 'Week 6', '1111111', -35, 2, 1, 223206),
 (67, 'Week 7', '1111111', -42, 2, 1, 223206),
 (68, 'Week 8', '1111111', -51, 2, 1, 223206),
 (69, 'Week 9', '1111111', -58, 2, 1, 223206),
 (70, 'Week 10', '1111111', -65, 2, 1, 223206),
 (71, 'Week 11', '1111111', -72, 2, 1, 223206),
 (72, 'Week 12', '1111111', -79, 2, 1, 223206),
 (73, 'Week 13', '1111111', -86, 2, 1, 223206),
 (74, 'Week 14', '1111111', -98, 2, 1, 223206),
 (75, 'Week 15', '1111111', -105, 2, 1, 223206);

INSERT INTO `timetable`.`department`(`uniqueid`, `session_id`, `abbreviation`, `name`, `dept_code`, `external_uid`, `rs_color`, `external_manager`, `external_mgr_label`, `external_mgr_abbv`, `solver_group_id`, `status_type`, `dist_priority`, `allow_req_time`, `allow_req_room`, `last_modified_time`)
VALUES (226216, 223206, 'Adm', 'Admission Office', '0102', NULL, NULL, 0, NULL, NULL, NULL, NULL, 0, 0, 0, NULL),
  (226199, 223206, 'Centr', 'Central Office', '0100', NULL, '32f0f0', 1, 'Large Lecture Room', 'LLR', 345, 271, -1, 0, 0, NULL),
  (223207, 223206, 'Instr', 'Student Instructional Planning', '0101', 'Woebegon Dept 0101', 'f032f0', 0, NULL, NULL, 344, NULL, 0, 0, 0, NULL);

INSERT INTO `timetable`.`departmental_instructor`(`uniqueid`, `external_uid`, `career_acct`, `lname`, `fname`, `mname`, `pos_code_type`, `note`, `department_uniqueid`, `ignore_too_far`, `last_modified_time`)
VALUES (226238, NULL, NULL, 'SMITH', 'JOHN', NULL, 1, NULL, 223207, 0, NULL),
  (226240, NULL, NULL, 'NEWMAN', 'GEORGE', NULL, 2, NULL, 223207, 0, NULL),
  (226242, NULL, NULL, 'DOE', 'JOE', NULL, 6, NULL, 223207, 0, NULL),
  (226244, NULL, NULL, 'STUDENT', 'JOHN', NULL, 11, NULL, 223207, 0, NULL),
  (226246, NULL, NULL, 'STUDENT', 'STEVEN', NULL, 19, NULL, 223207, 0, NULL);

INSERT INTO `timetable`.`dept_status_type`(`uniqueid`, `reference`, `label`, `status`, `apply`, `ord`)
VALUES (265, 'initial', 'Initial Data Load', 0, 1, 0),
  (266, 'input', 'Input Data Entry', 185, 1, 1),
  (267, 'timetabling', 'Timetabling', 441, 1, 2),
  (268, 'publish', 'Timetable Published', 9, 1, 3),
  (269, 'finished', 'Session Finished', 9, 1, 4),
  (270, 'dept_input', 'External Mgr. Input Data Entry', 135, 2, 5),
  (271, 'dept_timetabling', 'External Mgr. Timetabling', 423, 2, 6),
  (272, 'dept_publish', 'External Mgr. Timetable Published', 1, 2, 8),
  (385, 'dept_readonly_ni', 'External Mgr. Timetabling (No Instructor Assignments)', 391, 2, 7),
  (325, 'dept_readonly', 'Department Read Only', 9, 2, 9),
  (326, 'dept_edit', 'Department Allow Edit', 441, 2, 10);

INSERT INTO `timetable`.`dept_to_tt_mgr`(`timetable_mgr_id`, `department_id`)
VALUES (470, 226199),
  (471, 226216),
  (472, 226199),
  (473, 223207);

INSERT INTO `timetable`.`distribution_type`(`uniqueid`, `reference`, `label`, `sequencing_required`, `req_id`, `allowed_pref`, `description`, `abbreviation`, `instructor_pref`)
VALUES (205, 'BTB_DAY', 'Back-To-Back Day', '0', 26, 'P43210R', 'Classes must be offered on adjacent days and may be placed in different rooms.<BR>When prohibited or (strongly) discouraged: classes can not be taught on adjacent days. They also can not be taught on the same days. This means that there must be at least one day between these classes.', 'BTB Day', 0),
  (206, 'MIN_GRUSE(10x1h)', 'Minimize Use Of 1h Groups', '0', 27, 'P43210R', 'Minimize number of groups of time that are used by the given classes. The time is spread into the following 10 groups of one hour: 7:30a-8:30a, 8:30a-9:30a, 9:30a-10:30a, ... 4:30p-5:30p.', 'Min 1h Groups', 0),
  (207, 'MIN_GRUSE(5x2h)', 'Minimize Use Of 2h Groups', '0', 28, 'P43210R', 'Minimize number of groups of time that are used by the given classes. The time is spread into the following 5 groups of two hours: 7:30a-9:30a, 9:30a-11:30a, 11:30a-1:30p, 1:30p-3:30p, 3:30p-5:30p.', 'Min 2h Groups', 0),
  (208, 'MIN_GRUSE(3x3h)', 'Minimize Use Of 3h Groups', '0', 29, 'P43210R', 'Minimize number of groups of time that are used by the given classes. The time is spread into the following 3 groups: 7:30a-10:30a, 10:30a-2:30p, 2:30p-5:30p.', 'Min 3h Groups', 0),
  (209, 'MIN_GRUSE(2x5h)', 'Minimize Use Of 5h Groups', '0', 30, 'P43210R', 'Minimize number of groups of time that are used by the given classes. The time is spread into the following 2 groups: 7:30a-12:30a, 12:30a-5:30p.', 'Min 5h Groups', 0),
  (161, 'SAME_STUDENTS', 'Same Students', '0', 20, '210R', 'Given classes are treated as they are attended by the same students, i.e., they cannot overlap in time and if they are back-to-back the assigned rooms cannot be too far (student limit is used).', 'Same Students', 0),
  (162, 'SAME_INSTR', 'Same Instructor', '0', 21, '210R', 'Given classes are treated as they are taught by the same instructor, i.e., they cannot overlap in time and if they are back-to-back the assigned rooms cannot be too far (instructor limit is used).<BR>If the constraint is required and the classes are back-to-back, discouraged and strongly discouraged distances between assigned rooms are also considered.', 'Same Instr', 0),
  (163, 'CAN_SHARE_ROOM', 'Can Share Room', '0', 22, '2R', 'Given classes can share the room (use the room in the same time) if the room is big enough.', 'Share Room', 0),
  (164, 'SPREAD', 'Spread In Time', '0', 23, '2R', 'Given classes have to be spread in time (overlapping of the classes in time needs to be minimized).', 'Time Spread', 0),
  (185, 'MIN_ROOM_USE', 'Minimize Number Of Rooms Used', '0', 25, 'P43210R', 'Minimize number of rooms used by the given set of classes.', 'Min Rooms', 1),
  (165, 'PRECEDENCE', 'Precedence', '1', 24, 'P43210R', 'Given classes have to be taught in the given order (the first meeting of the first class has to end before the first meeting of the second class etc.)<BR>When prohibited or (strongly) discouraged: classes have to be taught in the order reverse to the given one', 'Precede', 0),
  (61, 'BTB', 'Back-To-Back & Same Room', '0', 1, 'P43210R', 'Classes must be offered in adjacent time segments and must be placed in the same room. Given classes must also be taught on the same days.<BR>When prohibited or (strongly) discouraged: classes cannot be back-to-back. There must be at least half-hour between these classes, and they must be taught on the same days and in the same room.', 'BTB Same Room', 1),
  (62, 'BTB_TIME', 'Back-To-Back', '0', 2, 'P43210R', 'Classes must be offered in adjacent time segments but may be placed in different rooms. Given classes must also be taught on the same days.<BR>When prohibited or (strongly) discouraged: no pair of classes can be taught back-to-back. They may not overlap in time, but must be taught on the same days. This means that there must be at least half-hour between these classes. ', 'BTB', 1),
  (63, 'SAME_TIME', 'Same Time', '0', 3, 'P43210R', 'Given classes must be taught at the same time of day (independent of the actual day the classes meet). For the classes of the same length, this is the same constraint as <i>same start</i>. For classes of different length, the shorter one cannot start before, nor end after, the longer one.<BR>When prohibited or (strongly) discouraged: one class may not meet on any day at a time of day that overlaps with that of the other. For example, one class can not meet M 7:30 while the other meets F 7:30. Note the difference here from the <i>different time</i> constraint that only prohibits the actual class meetings from overlapping.', 'Same Time', 0),
  (64, 'SAME_DAYS', 'Same Days', '0', 4, 'P43210R', 'Given classes must be taught on the same days. In case of classes of different time patterns, a class with fewer meetings must meet on a subset of the days used by the class with more meetings. For example, if one class pattern is 3x50, all others given in the constraint can only be taught on Monday, Wednesday, or Friday. For a 2x100 class MW, MF, WF is allowed but TTh is prohibited.<BR>When prohibited or (strongly) discouraged: any pair of classes classes cannot be taught on the same days (cannot overlap in days). For instance, if one class is MFW, the second has to be TTh.', 'Same Days', 1),
  (65, 'NHB(1)', '1 Hour Between', '0', 5, 'P43210R', 'Given classes must have exactly 1 hour in between the end of one and the beginning of another. As with the <i>back-to-back time</i> constraint, given classes must be taught on the same days.<BR>When prohibited or (strongly) discouraged: classes can not have 1 hour in between. They may not overlap in time but must be taught on the same days.', '1h Btw', 0),
  (66, 'NHB(2)', '2 Hours Between', '0', 6, 'P43210R', 'Given classes must have exactly 2 hours in between the end of one and the beginning of another. As with the <i>back-to-back time</i> constraint, given classes must be taught on the same days.<BR>When prohibited or (strongly) discouraged: classes can not have 2 hours in between. They may not overlap in time but must be taught on the same days.', '2h Btw', 0),
  (67, 'NHB(3)', '3 Hours Between', '0', 7, 'P43210R', 'Given classes must have exactly 3 hours in between the end of one and the beginning of another. As with the <i>back-to-back time</i> constraint, given classes must be taught on the same days.<BR>When prohibited or (strongly) discouraged: classes can not have 3 hours in between. They may not overlap in time but must be taught on the same days.', '3h Btw', 0),
  (68, 'NHB(4)', '4 Hours Between', '0', 8, 'P43210R', 'Given classes must have exactly 4 hours in between the end of one and the beginning of another. As with the <i>back-to-back time</i> constraint, given classes must be taught on the same days.<BR>When prohibited or (strongly) discouraged: classes can not have 4 hours in between. They may not overlap in time but must be taught on the same days.', '4h Btw', 0),
  (69, 'NHB(5)', '5 Hours Between', '0', 9, 'P43210R', 'Given classes must have exactly 5 hours in between the end of one and the beginning of another. As with the <i>back-to-back time</i> constraint, given classes must be taught on the same days.<BR>When prohibited or (strongly) discouraged: classes can not have 5 hours in between. They may not overlap in time but must be taught on the same days.', '5h Btw', 0),
  (70, 'NHB(6)', '6 Hours Between', '0', 10, 'P43210R', 'Given classes must have exactly 6 hours in between the end of one and the beginning of another. As with the <i>back-to-back time</i> constraint, given classes must be taught on the same days.<BR>When prohibited or (strongly) discouraged: classes can not have 6 hours in between. They may not overlap in time but must be taught on the same days.', '6h Btw', 0),
  (71, 'NHB(7)', '7 Hours Between', '0', 11, 'P43210R', 'Given classes must have exactly 7 hours in between the end of one and the beginning of another. As with the <i>back-to-back time</i> constraint, given classes must be taught on the same days.<BR>When prohibited or (strongly) discouraged: classes can not have 7 hours in between. They may not overlap in time but must be taught on the same days.', '7h Btw', 0),
  (72, 'NHB(8)', '8 Hours Between', '0', 12, 'P43210R', 'Given classes must have exactly 8 hours in between the end of one and the beginning of another. As with the <i>back-to-back time</i> constraint, given classes must be taught on the same days.<BR>When prohibited or (strongly) discouraged: classes can not have 8 hours in between. They may not overlap in time but must be taught on the same days.', '8h Btw', 0),
  (73, 'DIFF_TIME', 'Different Time', '0', 13, 'P43210R', 'Given classes cannot overlap in time. They may be taught at the same time of day if they are on different days. For instance, MF 7:30 is compatible with TTh 7:30.<BR>When prohibited or (strongly) discouraged: every pair of classes in the constraint must overlap in time.', 'Diff Time', 0),
  (74, 'NHB(1.5)', '90 Minutes Between', '0', 14, 'P43210R', 'Given classes must have exactly 90 minutes in between the end of one and the beginning of another. As with the <i>back-to-back time</i> constraint, given classes must be taught on the same days.<BR>When prohibited or (strongly) discouraged: classes can not have 90 minutes in between. They may not overlap in time but must be taught on the same days.', '90min Btw', 0),
  (75, 'NHB(4.5)', '4.5 Hours Between', '0', 15, 'P43210R', 'Given classes must have exactly 4.5 hours in between the end of one and the beginning of another. As with the <i>back-to-back time</i> constraint, given classes must be taught on the same days.<BR>When prohibited or (strongly) discouraged: classes can not have 4.5 hours in between. They may not overlap in time but must be taught on the same days.', '4.5h Btw', 0),
  (101, 'SAME_ROOM', 'Same Room', '0', 17, 'P43210R', 'Given classes must be taught in the same room.<BR>When prohibited or (strongly) discouraged: any pair of classes in the constraint cannot be taught in the same room.', 'Same Room', 1),
  (102, 'NHB_GTE(1)', 'At Least 1 Hour Between', '0', 18, 'P43210R', 'Given classes have to have 1 hour or more in between.<BR>When prohibited or (strongly) discouraged: given classes have to have less than 1 hour in between.', '>=1h Btw', 1),
  (103, 'SAME_START', 'Same Start Time', '0', 16, 'P43210R', 'Given classes must start during the same half-hour period of a day (independent of the actual day the classes meet). For instance, MW 7:30 is compatible with TTh 7:30 but not with MWF 8:00.<BR>When prohibited or (strongly) discouraged: any pair of classes in the given constraint cannot start during the same half-hour period of any day of the week.', 'Same Start', 0),
  (104, 'NHB_LT(6)', 'Less Than 6 Hours Between', '0', 19, 'P43210R', 'Given classes must have less than 6 hours from end of first class to the beginning of the next.  Given classes must also be taught on the same days.<BR>When prohibited or (strongly) discouraged: given classes must have 6 or more hours between. This constraint does not carry over from classes taught at the end of one day to the beginning of the next.', '<6h Btw', 1),
  (345, 'CH_NOTOVERLAP', 'Children Cannot Overlap', '0', 33, '210R', 'If parent classes do not overlap in time, children classes can not overlap in time as well.<br>Note: This constraint only needs to be put on the parent classes. Preferred configurations are Required All Classes or Pairwise (Strongly) Preferred.', 'Ch No Ovlap', 0),
  (305, 'NDB_GT_1', 'More Than 1 Day Between', '0', 32, 'P43210R', 'Given classes must have two or more days in between.<br>When prohibited or (strongly) discouraged: given classes must be offered on adjacent days or with at most one day in between.', '>1d Btw', 0),
  (365, 'FOLLOWING_DAY', 'Next Day', '1', 34, 'P43210R', 'The second class has to be placed on the following day of the first class (if the first class is on Friday, second class have to be on Monday).<br> When prohibited or (strongly) discouraged: The second class has to be placed on the previous day of the first class (if the first class is on Monday, second class have to be on Friday).<br> Note: This constraint works only between pairs of classes.', 'Next Day', 0),
  (366, 'EVERY_OTHER_DAY', 'Two Days After', '1', 35, 'P43210R', 'The second class has to be placed two days after the first class (Monday &rarr; Wednesday, Tuesday &rarr; Thurday, Wednesday &rarr; Friday, Thursday &rarr; Monday, Friday &rarr; Tuesday).<br> When prohibited or (strongly) discouraged: The second class has to be placed two days before the first class (Monday &rarr; Thursday, Tuesday &rarr; Friday, Wednesday &rarr; Monday, Thursday &rarr; Tuesday, Friday &rarr; Wednesday).<br> Note: This constraint works only between pairs of classes.', '2d After', 0),
  (367, 'MEET_WITH', 'Meet Together', '0', 31, '2R', 'Given classes are meeting together (same as if the given classes require constraints Can Share Room, Same Room, Same Time and Same Days all together).', 'Meet Together', 0);

INSERT INTO `timetable`.`exact_time_mins`(`uniqueid`, `mins_min`, `mins_max`, `nr_slots`, `break_time`)
VALUES (214405, 0, 0, 0, 0),
  (214406, 1, 5, 1, 0),
  (214407, 6, 10, 2, 0),
  (214408, 11, 15, 4, 0),
  (214409, 16, 20, 5, 0),
  (214410, 21, 25, 6, 0),
  (214411, 26, 30, 7, 0),
  (214412, 31, 35, 8, 15),
  (214413, 36, 40, 10, 15),
  (214414, 41, 45, 11, 15),
  (214415, 46, 50, 12, 10),
  (214416, 51, 55, 13, 15),
  (214417, 56, 60, 14, 10),
  (214418, 61, 65, 16, 15),
  (214419, 66, 70, 17, 15),
  (214420, 71, 75, 18, 15),
  (214421, 76, 80, 19, 15),
  (214422, 81, 85, 20, 15),
  (214423, 86, 90, 21, 15),
  (214424, 91, 95, 23, 15),
  (214425, 96, 100, 24, 10),
  (214426, 101, 105, 25, 15),
  (214427, 106, 110, 26, 15),
  (214428, 111, 115, 28, 15),
  (214429, 116, 120, 29, 15),
  (214430, 121, 125, 30, 15),
  (214431, 126, 130, 31, 15),
  (214432, 131, 135, 32, 15),
  (214433, 136, 140, 34, 15),
  (214434, 141, 145, 35, 15),
  (214435, 146, 150, 36, 10),
  (214436, 151, 155, 37, 15),
  (214437, 156, 160, 38, 15),
  (214438, 161, 165, 40, 15),
  (214439, 166, 170, 41, 15),
  (214440, 171, 175, 42, 15),
  (214441, 176, 180, 43, 15),
  (214442, 181, 185, 44, 15),
  (214443, 186, 190, 46, 15),
  (214444, 191, 195, 47, 15),
  (214445, 196, 200, 48, 10),
  (214446, 201, 205, 49, 15),
  (214447, 206, 210, 50, 15),
  (214448, 211, 215, 52, 15),
  (214449, 216, 220, 53, 15),
  (214450, 221, 225, 54, 15),
  (214451, 226, 230, 55, 15),
  (214452, 231, 235, 56, 15),
  (214453, 236, 240, 58, 15),
  (214454, 241, 245, 59, 15),
  (214455, 246, 250, 60, 10),
  (214456, 251, 255, 61, 15),
  (214457, 256, 260, 62, 15),
  (214458, 261, 265, 64, 15),
  (214459, 266, 270, 65, 15),
  (214460, 271, 275, 66, 15),
  (214461, 276, 280, 67, 15),
  (214462, 281, 285, 68, 15),
  (214463, 286, 290, 70, 15),
  (214464, 291, 295, 71, 15),
  (214465, 296, 300, 72, 10),
  (214466, 301, 305, 73, 15),
  (214467, 306, 310, 74, 15),
  (214468, 311, 315, 76, 15),
  (214469, 316, 320, 77, 15),
  (214470, 321, 325, 78, 15),
  (214471, 326, 330, 79, 15),
  (214472, 331, 335, 80, 15),
  (214473, 336, 340, 82, 15),
  (214474, 341, 345, 83, 15),
  (214475, 346, 350, 84, 10),
  (214476, 351, 355, 85, 15),
  (214477, 356, 360, 86, 15),
  (214478, 361, 365, 88, 15),
  (214479, 366, 370, 89, 15),
  (214480, 371, 375, 90, 15),
  (214481, 376, 380, 91, 5),
  (214482, 381, 385, 92, 15),
  (214483, 386, 390, 94, 15),
  (214484, 391, 395, 95, 15),
  (214485, 396, 400, 96, 10),
  (214486, 401, 405, 97, 15),
  (214487, 406, 410, 98, 15),
  (214488, 411, 415, 100, 15),
  (214489, 416, 420, 101, 15),
  (214490, 421, 425, 102, 15),
  (214491, 426, 430, 103, 15),
  (214492, 431, 435, 104, 15),
  (214493, 436, 440, 106, 15),
  (214494, 441, 445, 107, 15),
  (214495, 446, 450, 108, 10),
  (214496, 451, 455, 109, 15),
  (214497, 456, 460, 110, 15),
  (214498, 461, 465, 112, 15),
  (214499, 466, 470, 113, 15),
  (214500, 471, 475, 114, 15),
  (214501, 476, 480, 115, 15),
  (214502, 481, 485, 116, 15),
  (214503, 486, 490, 118, 15),
  (214504, 491, 495, 119, 15),
  (214505, 496, 500, 120, 10),
  (214506, 501, 505, 121, 15),
  (214507, 506, 510, 122, 15),
  (214508, 511, 515, 124, 15),
  (214509, 516, 520, 125, 15),
  (214510, 521, 525, 126, 15),
  (214511, 526, 530, 127, 15),
  (214512, 531, 535, 128, 15),
  (214513, 536, 540, 130, 15),
  (214514, 541, 545, 131, 15),
  (214515, 546, 550, 132, 10),
  (214516, 551, 555, 133, 15),
  (214517, 556, 560, 134, 15),
  (214518, 561, 565, 136, 15),
  (214519, 566, 570, 137, 15),
  (214520, 571, 575, 138, 15),
  (214521, 576, 580, 139, 15),
  (214522, 581, 585, 140, 15),
  (214523, 586, 590, 142, 15),
  (214524, 591, 595, 143, 15),
  (214525, 596, 600, 144, 10),
  (214526, 601, 605, 145, 15),
  (214527, 606, 610, 146, 15),
  (214528, 611, 615, 148, 15),
  (214529, 616, 620, 149, 15),
  (214530, 621, 625, 150, 15),
  (214531, 626, 630, 151, 15),
  (214532, 631, 635, 152, 15),
  (214533, 636, 640, 154, 15),
  (214534, 641, 645, 155, 15),
  (214535, 646, 650, 156, 10),
  (214536, 651, 655, 157, 15),
  (214537, 656, 660, 158, 15),
  (214538, 661, 665, 160, 15),
  (214539, 666, 670, 161, 15),
  (214540, 671, 675, 162, 15),
  (214541, 676, 680, 163, 15),
  (214542, 681, 685, 164, 15),
  (214543, 686, 690, 166, 15),
  (214544, 691, 695, 167, 15),
  (214545, 696, 700, 168, 10),
  (214546, 701, 705, 169, 15),
  (214547, 706, 710, 170, 15),
  (214548, 711, 715, 172, 15),
  (214549, 716, 720, 173, 15);

INSERT INTO `timetable`.`instructional_offering`(`uniqueid`, `session_id`, `instr_offering_perm_id`, `not_offered`, `limit`, `consent_type`, `designator_required`, `last_modified_time`, `uid_rolled_fwd_from`)
VALUES (132331, 223206, 166800, 0, NULL, NULL, 0, NULL, NULL),
  (132334, 223206, 166801, 1, NULL, NULL, 0, NULL, NULL),
  (132335, 223206, 166802, 0, NULL, NULL, 0, NULL, NULL),
  (132336, 223206, 166803, 0, NULL, NULL, 0, NULL, NULL),
  (132337, 223206, 166804, 0, NULL, NULL, 0, NULL, NULL),
  (132313, 223206, 1, 0, NULL, NULL, 0, NULL, NULL),
  (132314, 223206, 2, 0, NULL, NULL, 0, NULL, NULL),
  (132315, 223206, 3, 0, NULL, NULL, 0, NULL, NULL),
  (132316, 223206, 4, 0, NULL, NULL, 0, NULL, NULL),
  (132317, 223206, 5, 0, NULL, NULL, 0, NULL, NULL),
  (132318, 223206, 6, 0, NULL, NULL, 0, NULL, NULL),
  (132319, 223206, 7, 0, NULL, NULL, 0, NULL, NULL),
  (132320, 223206, 8, 0, NULL, NULL, 0, NULL, NULL),
  (132321, 223206, 9, 0, NULL, NULL, 0, NULL, NULL),
  (132322, 223206, 10, 0, NULL, NULL, 0, NULL, NULL),
  (132338, 223206, 166805, 0, NULL, NULL, 0, NULL, NULL),
  (132324, 223206, 12, 0, NULL, NULL, 0, NULL, NULL),
  (132325, 223206, 13, 0, NULL, NULL, 0, NULL, NULL),
  (132326, 223206, 14, 0, NULL, NULL, 0, NULL, NULL),
  (132327, 223206, 15, 0, NULL, NULL, 0, NULL, NULL),
  (132328, 223206, 16, 1, NULL, NULL, 0, NULL, NULL),
  (132329, 223206, 17, 0, NULL, NULL, 0, NULL, NULL),
  (132330, 223206, 18, 0, NULL, NULL, 0, NULL, NULL);

INSERT INTO `timetable`.`instr_offering_config`(`uniqueid`, `config_limit`, `instr_offr_id`, `unlimited_enrollment`, `name`, `last_modified_time`, `uid_rolled_fwd_from`)
VALUES (36966, 12, 132331, 0, '1', NULL, NULL),
  (36967, 3, 132334, 0, '1', NULL, NULL),
  (36968, 3, 132335, 0, '1', NULL, NULL),
  (36969, 2, 132336, 0, '1', NULL, NULL),
  (36970, 4, 132337, 0, '1', NULL, NULL),
  (36948, 2, 132313, 0, '1', NULL, NULL),
  (36949, 11, 132314, 0, '1', NULL, NULL),
  (36950, 4, 132315, 0, '1', NULL, NULL),
  (36951, 4, 132316, 0, '1', NULL, NULL),
  (36952, 12, 132317, 0, '1', NULL, NULL),
  (36953, 4, 132318, 0, '1', NULL, NULL),
  (36954, 9, 132319, 0, '1', NULL, NULL),
  (36955, 10, 132320, 0, '1', NULL, NULL),
  (36956, 4, 132321, 0, '1', NULL, NULL),
  (36957, 4, 132322, 0, '1', NULL, NULL),
  (36971, 3, 132338, 0, '1', NULL, NULL),
  (36959, 2, 132324, 0, '1', NULL, NULL),
  (36960, 5, 132325, 0, '1', NULL, NULL),
  (36961, 4, 132326, 0, '1', NULL, NULL),
  (36962, 4, 132327, 0, '1', NULL, NULL),
  (36963, 2, 132328, 0, '1', NULL, NULL),
  (36964, 4, 132329, 0, '1', NULL, NULL),
  (36965, 4, 132330, 0, '1', NULL, NULL);

INSERT INTO `timetable`.`itype_desc`(`itype`, `description`, `sis_ref`, `abbv`, `basic`,`parent`)
VALUES (10, 'Lecture', 'lec', 'Lec  ', 1, NULL),
  (11, 'Lecture 1', 'lec', 'Lec 1', 0, 10),
  (12, 'Lecture 2', 'lec', 'Lec 2', 0, 10),
  (13, 'Lecture 3', 'lec', 'Lec 3', 0, 10),
  (14, 'Lecture 4', 'lec', 'Lec 4', 0, 10),
  (15, 'Lecture 5', 'lec', 'Lec 5', 0, 10),
  (16, 'Lecture 6', 'lec', 'Lec 6', 0, 10),
  (17, 'Lecture 7', 'lec', 'Lec 7', 0, 10),
  (18, 'Lecture 8', 'lec', 'Lec 8', 0, 10),
  (19, 'Lecture 9', 'lec', 'Lec 9', 0, 10),
  (20, 'Recitation', 'rec', 'Rec  ', 1, NULL),
  (21, 'Recitation 1', 'rec', 'Rec 1', 0, 20),
  (22, 'Recitation 2', 'rec', 'Rec 2', 0, 20),
  (23, 'Recitation 3', 'rec', 'Rec 3', 0, 20),
  (24, 'Recitation 4', 'rec', 'Rec 4', 0, 20),
  (25, 'Presentation', 'prsn', 'Prsn ', 1, NULL),
  (26, 'Presentation 1', 'prsn', 'Prsn1', 0, 25),
  (27, 'Presentation 2', 'prsn', 'Prsn2', 0, 25),
  (28, 'Presentation 3 ', 'prsn', 'Prsn3', 0, 25),
  (29, 'Presentation 4', 'prsn', 'Prsn4', 0, 25),
  (30, 'Laboratory', 'lab', 'Lab  ', 1, NULL),
  (31, 'Laboratory 1', 'lab', 'Lab 1', 0, 30),
  (32, 'Laboratory 2', 'lab', 'Lab 2', 0, 30),
  (33, 'Laboratory 3', 'lab', 'Lab 3', 0, 30),
  (34, 'Laboratory 4', 'lab', 'Lab 4', 0, 30),
  (35, 'Laboratory Preparation', 'labP', 'LabP ', 1, NULL),
  (36, 'Laboratory Preparation 1', 'labP', 'LabP1', 0, 35),
  (37, 'Laboratory Preparation 2', 'labP', 'LabP2', 0, 35),
  (38, 'Laboratory Preparation 3', 'labP', 'LabP3', 0, 35),
  (39, 'Laboratory Preparation 4', 'labP', 'LabP4', 0, 35),
  (40, 'Studio', 'stdo', 'Stdo ', 1, NULL),
  (41, 'Studio 1', 'stdo', 'Stdo1', 0, 40),
  (42, 'Studio 2', 'stdo', 'Stdo2', 0, 40),
  (43, 'Studio 3', 'stdo', 'Stdo3', 0, 40),
  (44, 'Studio 4', 'stdo', 'Stdo4', 0, 40),
  (45, 'Distance Learning', 'dist', 'Dist ', 1, NULL),
  (46, 'Distance Learning 1', 'dist', 'Dist1', 0, 45),
  (47, 'Distance Learning 2', 'dist', 'Dist2', 0, 45),
  (48, 'Distance Learning 3', 'dist', 'Dist3', 0, 45),
  (49, 'Distance Learning 4', 'dist', 'Dist4', 0, 45),
  (50, 'Clinic', 'clin', 'Clin ', 1, NULL),
  (51, 'Clinic 1', 'clin', 'Clin1', 0, 50),
  (52, 'Clinic 2', 'clin', 'Clin2', 0, 50),
  (53, 'Clinic 3', 'clin', 'Clin3', 0, 50),
  (54, 'Clinic 4', 'clin', 'Clin4', 0, 50),
  (55, 'Clinic 5', 'clin', 'Clin5', 0, 50),
  (56, 'Clinic 6', 'clin', 'Clin6', 0, 50),
  (57, 'Clinic 7', 'clin', 'Clin7', 0, 50),
  (58, 'Clinic 8', 'clin', 'Clin8', 0, 50),
  (59, 'Clinic 9', 'clin', 'Clin9', 0, 50),
  (60, 'Experiential', 'expr', 'Expr ', 1, NULL),
  (61, 'Experiential 1', 'expr', 'Expr1', 0, 60),
  (62, 'Experiential 2', 'expr', 'Expr2', 0, 60),
  (63, 'Experiential 3', 'expr', 'Expr3', 0, 60),
  (64, 'Experiential 4', 'expr', 'Expr4', 0, 60),
  (65, 'Experiential 5', 'expr', 'Expr5', 0, 60),
  (66, 'Experiential 6', 'expr', 'Expr6', 0, 60),
  (67, 'Experiential 7', 'expr', 'Expr7', 0, 60),
  (68, 'Experiential 8', 'expr', 'Expr8', 0, 60),
  (69, 'Experiential 9', 'expr', 'Expr9', 0, 60),
  (70, 'Research', 'res', 'Res  ', 1, NULL),
  (71, 'Research 1', 'res', 'Res 1', 0, 70),
  (72, 'Research 2', 'res', 'Res 2', 0, 70),
  (73, 'Research 3', 'res', 'Res 3', 0, 70),
  (74, 'Research 4', 'res', 'Res 4', 0, 70),
  (75, 'Research 5', 'res', 'Res 5', 0, 70),
  (76, 'Research 6', 'res', 'Res 6', 0, 70),
  (77, 'Research 7', 'res', 'Res 7', 0, 70),
  (78, 'Research 8', 'res', 'Res 8', 0, 70),
  (79, 'Research 9', 'res', 'Res 9', 0, 70),
  (80, 'Individual Study', 'ind', 'Ind  ', 1, NULL),
  (81, 'Individual Study 1', 'ind', 'Ind 1', 0, 80),
  (82, 'Individual Study 2', 'ind', 'Ind 2', 0, 80),
  (83, 'Individual Study 3', 'ind', 'Ind 3', 0, 80),
  (84, 'Individual Study 4', 'ind', 'Ind 4', 0, 80),
  (85, 'Individual Study 5', 'ind', 'Ind 5', 0, 80),
  (86, 'Individual Study 6', 'ind', 'Ind 6', 0, 80),
  (87, 'Individual Study 7', 'ind', 'Ind 7', 0, 80),
  (88, 'Individual Study 8', 'ind', 'Ind 8', 0, 80),
  (89, 'Individual Study 9', 'ind', 'Ind 9', 0, 80),
  (90, 'Practice Study Observation', 'pso', 'Pso  ', 1, NULL),
  (91, 'Practice Study Observation 1', 'pso', 'Pso 1', 0, 90),
  (92, 'Practice Study Observation 2', 'pso', 'Pso 2', 0, 90),
  (93, 'Practice Study Observation 3', 'pso', 'Pso 3', 0, 90),
  (94, 'Practice Study Observation 4', 'pso', 'Pso 4', 0, 90),
  (95, 'Practice Study Observation 5', 'pso', 'Pso 5', 0, 90),
  (96, 'Practice Study Observation 6', 'pso', 'Pso 6', 0, 90),
  (97, 'Practice Study Observation 7', 'pso', 'Pso 7', 0, 90),
  (98, 'Practice Study Observation 8', 'pso', 'Pso 8', 0, 90),
  (99, 'Practice Study Observation 9', 'pso', 'Pso 9', 0, 90);

INSERT INTO `timetable`.`lastlike_course_demand`(`uniqueid`, `student_id`, `subject_area_id`, `course_nbr`, `priority`, `course_perm_id`)
VALUES (224760, 223384, 767, '101', 1, NULL),
  (224761, 223384, 775, '101', 2, NULL),
  (224762, 223384, 766, '101', 3, NULL),
  (224763, 223384, 777, '101', 4, NULL),
  (224764, 223384, 761, '101', 0, NULL),
  (224765, 223385, 761, '101', 0, NULL),
  (224766, 223385, 767, '101', 1, NULL),
  (224767, 223385, 775, '101', 2, NULL),
  (224768, 223385, 766, '101', 3, NULL),
  (224769, 223385, 769, '101', 4, NULL),
  (224770, 223386, 768, '101', 1, NULL),
  (224771, 223386, 775, '101', 2, NULL),
  (224772, 223386, 766, '101', 3, NULL),
  (224773, 223386, 763, '101', 4, NULL),
  (224774, 223386, 771, '101', 0, NULL),
  (224775, 223387, 762, '101', 1, NULL),
  (224776, 223387, 765, '101', 2, NULL),
  (224777, 223387, 771, '101', 3, NULL),
  (224778, 223387, 781, '101', 4, NULL),
  (224779, 223387, 768, '101', 5, NULL),
  (224780, 223388, 762, '101', 1, NULL),
  (224781, 223388, 765, '101', 2, NULL),
  (224782, 223388, 771, '101', 3, NULL),
  (224783, 223388, 781, '101', 4, NULL),
  (224784, 223388, 768, '101', 5, NULL),
  (224785, 223389, 762, '101', 1, NULL),
  (224786, 223389, 765, '101', 2, NULL),
  (224787, 223389, 771, '101', 3, NULL),
  (224788, 223389, 781, '101', 4, NULL),
  (224789, 223389, 768, '101', 5, NULL),
  (224790, 223390, 765, '101', 0, NULL),
  (224791, 223390, 773, '101', 1, NULL),
  (224792, 223390, 779, '101', 2, NULL),
  (224793, 223390, 771, '101', 3, NULL),
  (224794, 223390, 767, '101', 4, NULL),
  (224795, 223390, 764, '101', 5, NULL),
  (224796, 223391, 765, '101', 1, NULL),
  (224797, 223391, 762, '101', 2, NULL),
  (224798, 223391, 779, '101', 3, NULL),
  (224799, 223391, 771, '101', 4, NULL),
  (224800, 223391, 767, '101', 5, NULL),
  (224801, 223392, 765, '101', 1, NULL),
  (224802, 223392, 773, '101', 2, NULL),
  (224803, 223392, 779, '101', 3, NULL),
  (224804, 223392, 771, '101', 4, NULL),
  (224805, 223392, 768, '101', 5, NULL),
  (224806, 223393, 765, '101', 1, NULL),
  (224807, 223393, 773, '101', 2, NULL),
  (224808, 223393, 763, '101', 3, NULL),
  (224809, 223393, 771, '101', 4, NULL),
  (224810, 223393, 768, '101', 5, NULL),
  (224811, 223394, 762, '101', 1, NULL),
  (224812, 223394, 767, '101', 2, NULL),
  (224813, 223394, 774, '101', 3, NULL),
  (224814, 223394, 775, '101', 4, NULL),
  (224815, 223394, 778, '101', 5, NULL),
  (224816, 223395, 768, '101', 1, NULL),
  (224817, 223395, 769, '101', 2, NULL),
  (224818, 223395, 772, '101', 3, NULL),
  (224819, 223395, 770, '101', 4, NULL),
  (224820, 223395, 764, '101', 5, NULL),
  (224821, 223395, 767, '101', 0, NULL),
  (224822, 223396, 777, '101', 1, NULL),
  (224823, 223396, 770, '101', 2, NULL),
  (224824, 223396, 780, '101', 3, NULL),
  (224825, 223396, 772, '101', 4, NULL),
  (224826, 223396, 773, '101', 5, NULL),
  (224827, 223397, 762, '101', 1, NULL),
  (224828, 223397, 782, '101', 2, NULL),
  (224829, 223397, 765, '101', 3, NULL),
  (224830, 223397, 771, '101', 4, NULL),
  (224831, 223397, 768, '101', 5, NULL),
  (224832, 223398, 762, '101', 1, NULL),
  (224833, 223398, 782, '101', 2, NULL),
  (224834, 223398, 765, '101', 3, NULL),
  (224835, 223398, 771, '101', 4, NULL),
  (224836, 223398, 769, '101', 5, NULL),
  (224837, 223399, 762, '101', 1, NULL),
  (224838, 223399, 782, '101', 2, NULL),
  (224839, 223399, 765, '101', 3, NULL),
  (224840, 223399, 771, '101', 4, NULL),
  (224841, 223399, 778, '101', 5, NULL),
  (224842, 223400, 774, '101', 0, NULL),
  (224843, 223400, 762, '101', 1, NULL),
  (224844, 223400, 765, '101', 2, NULL),
  (224845, 223400, 768, '101', 3, NULL),
  (224846, 223400, 778, '101', 4, NULL),
  (224847, 223401, 770, '101', 1, NULL),
  (224848, 223401, 762, '101', 2, NULL),
  (224849, 223401, 765, '101', 3, NULL),
  (224850, 223401, 768, '101', 4, NULL),
  (224851, 223401, 769, '101', 5, NULL),
  (224852, 223402, 763, '101', 1, NULL),
  (224853, 223402, 773, '101', 2, NULL),
  (224854, 223402, 771, '101', 3, NULL),
  (224855, 223402, 767, '101', 4, NULL),
  (224856, 223402, 774, '101', 5, NULL),
  (224857, 224240, 777, '101', 0, NULL),
  (224858, 224240, 762, '101', 1, NULL),
  (224859, 224240, 770, '101', 2, NULL),
  (224860, 224240, 767, '101', 3, NULL),
  (224861, 224240, 778, '101', 4, NULL),
  (224862, 224240, 764, '101', 5, NULL),
  (224863, 224241, 774, '101', 0, NULL),
  (224864, 224241, 766, '101', 1, NULL),
  (224865, 224241, 763, '101', 2, NULL),
  (224866, 224241, 767, '101', 3, NULL),
  (224867, 224241, 777, '101', 4, NULL),
  (224868, 224241, 764, '101', 5, NULL);

INSERT INTO `timetable`.`offr_consent_type`(`uniqueid`, `reference`, `label`)
VALUES (225, 'instructor', 'Consent of Instructor'),
  (226, 'department', 'Consent of Department');

INSERT INTO `timetable`.`position_code_to_type`(`position_code`, `pos_code_type`)
VALUES ('2271F', 9),
  ('2266F', 7),
  ('2212F', 8),
  ('2283F', 9),
  ('2293F', 9),
  ('2201F', 10),
  ('2133S', 14),
  ('2135S', 14),
  ('2136S', 14),
  ('2138S', 14),
  ('2142S', 14),
  ('2143S', 14),
  ('2145S', 14),
  ('2150S', 14),
  ('2151S', 14),
  ('2152S', 14),
  ('2154S', 14),
  ('2155S', 14),
  ('2157S', 14),
  ('2161S', 14),
  ('2164S', 14),
  ('2166S', 14),
  ('2167S', 14),
  ('2168S', 14),
  ('2174S', 14),
  ('2181S', 14),
  ('2183S', 14),
  ('2184S', 14),
  ('2185S', 14),
  ('2196S', 14),
  ('2198S', 14),
  ('2199S', 14),
  ('2200S', 14),
  ('2201S', 14),
  ('2202S', 14),
  ('2204S', 14),
  ('2205S', 14),
  ('2206S', 14),
  ('2207S', 14),
  ('2208S', 14),
  ('2212S', 14),
  ('2223S', 14),
  ('2224S', 14),
  ('2235S', 14),
  ('2245S', 14),
  ('2263S', 14),
  ('2341S', 14),
  ('2346S', 14),
  ('2357S', 14),
  ('2359S', 14),
  ('2406S', 14),
  ('2504S', 14),
  ('2505S', 14),
  ('2555S', 14),
  ('2556S', 14),
  ('2618S', 14),
  ('2627S', 14),
  ('2638S', 14),
  ('2648S', 14),
  ('2669S', 14),
  ('2702S', 14),
  ('2705S', 14),
  ('2816S', 14),
  ('2817S', 14),
  ('2907S', 14),
  ('2908S', 14),
  ('2939S', 14),
  ('3102S', 14),
  ('3104S', 14),
  ('3105S', 14),
  ('3106S', 14),
  ('3107S', 14),
  ('3201S', 14),
  ('3203S', 14),
  ('3204S', 14),
  ('3205S', 14),
  ('3206S', 14),
  ('3225S', 14),
  ('3241S', 14),
  ('3304S', 14),
  ('3306S', 14),
  ('3507S', 14),
  ('3509S', 14),
  ('4105S', 14),
  ('4106S', 14),
  ('4256S', 14),
  ('4267S', 14),
  ('4277S', 14),
  ('4278S', 14),
  ('4289S', 14),
  ('4298S', 14),
  ('4309S', 14),
  ('4408S', 14),
  ('4409S', 14),
  ('4456S', 14),
  ('4457S', 14),
  ('4459S', 14),
  ('4509S', 14),
  ('4726S', 14),
  ('4727S', 14),
  ('4728S', 14),
  ('5006S', 14),
  ('5013S', 14),
  ('5014S', 14),
  ('5015S', 14),
  ('5016S', 14),
  ('5023S', 14),
  ('5024S', 14),
  ('5025S', 14),
  ('5026S', 14),
  ('5034S', 14),
  ('5035S', 14),
  ('5036S', 14),
  ('5043S', 14),
  ('5044S', 14),
  ('5046S', 14),
  ('5315S', 14),
  ('5316S', 14),
  ('5325S', 14),
  ('5326S', 14),
  ('5336S', 14),
  ('5355S', 14),
  ('5413S', 14),
  ('5414S', 14),
  ('5416S', 14),
  ('5417S', 14),
  ('5418S', 14),
  ('5423S', 14),
  ('5424S', 14),
  ('5426S', 14),
  ('5427S', 14),
  ('5433S', 14),
  ('5434S', 14),
  ('5435S', 14),
  ('5437S', 14),
  ('5516S', 14),
  ('5517S', 14),
  ('5526S', 14),
  ('5536S', 14),
  ('5616S', 14),
  ('5626S', 14),
  ('5636S', 14),
  ('5706S', 14),
  ('7147S', 14),
  ('7148S', 14),
  ('7149S', 14),
  ('7155S', 14),
  ('7156S', 14),
  ('7165S', 14),
  ('7166S', 14),
  ('7167S', 14),
  ('7169S', 14),
  ('7175S', 14),
  ('7176S', 14),
  ('7177S', 14),
  ('7185S', 14),
  ('7186S', 14),
  ('7187S', 14),
  ('7197S', 14),
  ('7205S', 14),
  ('7207S', 14),
  ('7208S', 14),
  ('7214S', 14),
  ('7216S', 14),
  ('7235S', 14),
  ('7256S', 14),
  ('7316S', 14),
  ('7317S', 14),
  ('7318S', 14),
  ('7413S', 14),
  ('7414S', 14),
  ('7415S', 14),
  ('7416S', 14),
  ('7417S', 14),
  ('7454S', 14),
  ('7455S', 14),
  ('7456S', 14),
  ('7458S', 14),
  ('7466S', 14),
  ('7473S', 14),
  ('7474S', 14),
  ('7475S', 14),
  ('7476S', 14),
  ('7478S', 14),
  ('7544S', 14),
  ('7545S', 14),
  ('7546S', 14),
  ('7547S', 14),
  ('7558S', 14),
  ('7559S', 14),
  ('7564S', 14),
  ('7567S', 14),
  ('7577S', 14),
  ('7586S', 14),
  ('7587S', 14),
  ('7588S', 14),
  ('7596S', 14),
  ('7606S', 14),
  ('7607S', 14),
  ('7608S', 14),
  ('7616S', 14),
  ('7617S', 14),
  ('7626S', 14),
  ('7627S', 14),
  ('7635S', 14),
  ('7636S', 14),
  ('7637S', 14),
  ('7645S', 14),
  ('7657S', 14),
  ('7675S', 14),
  ('7688S', 14),
  ('7698S', 14),
  ('7708S', 14),
  ('7709S', 14),
  ('7715S', 14),
  ('7716S', 14),
  ('7718S', 14),
  ('7719S', 14),
  ('7727S', 14),
  ('7737S', 14),
  ('7916S', 14),
  ('7918S', 14),
  ('7925S', 14),
  ('7926S', 14),
  ('7927S', 14),
  ('7929S', 14),
  ('7938S', 14),
  ('7939S', 14),
  ('8016S', 14),
  ('8017S', 14),
  ('8019S', 14),
  ('8026S', 14),
  ('8027S', 14),
  ('8028S', 14),
  ('8036S', 14),
  ('8038S', 14),
  ('8039S', 14),
  ('8046S', 14),
  ('8047S', 14),
  ('8057S', 14),
  ('8058S', 14),
  ('8066S', 14),
  ('8078S', 14),
  ('8079S', 14),
  ('8086S', 14),
  ('8087S', 14),
  ('8088S', 14),
  ('8089S', 14),
  ('8097S', 14),
  ('8099S', 14),
  ('8109S', 14),
  ('8116S', 14),
  ('2093S', 14),
  ('2102S', 14),
  ('2124S', 14),
  ('0005C', 13),
  ('0112C', 13),
  ('8139S', 14),
  ('8204S', 14),
  ('8268S', 14),
  ('2215S', 14),
  ('2252S', 14),
  ('2401S', 14),
  ('2617S', 14),
  ('0018F', 1),
  ('0118F', 1),
  ('0028F', 1),
  ('0128F', 1),
  ('2228F', 1),
  ('0006F', 1),
  ('0106F', 1),
  ('0206F', 1),
  ('2206F', 1),
  ('0005F', 2),
  ('0105F', 2),
  ('0205F', 2),
  ('2205F', 2),
  ('0004F', 3),
  ('0104F', 3),
  ('0204F', 3),
  ('2204F', 3),
  ('0003F', 4),
  ('0103F', 4),
  ('1103F', 4),
  ('2203F', 4),
  ('22T3F', 6),
  ('2263F', 7),
  ('0062G', 11),
  ('2262G', 11),
  ('0040A', 18),
  ('0070A', 18),
  ('0002Z', 15),
  ('0003Z', 15),
  ('0004Z', 15),
  ('0005Z', 15),
  ('0024Z', 15),
  ('0025Z', 15),
  ('0034Z', 15),
  ('9999Z', 15),
  ('0001F', 10),
  ('0017F', 1),
  ('0027F', 1),
  ('0117F', 1),
  ('0127F', 1),
  ('9991F', 10),
  ('9999F', 10),
  ('2264F', 16),
  ('2208F', 17),
  ('1022C', 13),
  ('1023C', 13),
  ('1103C', 13),
  ('1111C', 13),
  ('2015C', 13),
  ('3013C', 13),
  ('3014C', 13),
  ('3015C', 13),
  ('4023C', 13),
  ('4024C', 13),
  ('4025C', 13),
  ('5005C', 13),
  ('5014C', 13),
  ('5023C', 13),
  ('5024C', 13),
  ('5025C', 13),
  ('5052C', 13),
  ('5053C', 13),
  ('5055C', 13),
  ('5082C', 13),
  ('9999C', 13),
  ('P000C', 13),
  ('P001C', 13),
  ('P003C', 13),
  ('P004C', 13),
  ('P005C', 13),
  ('P993C', 13),
  ('P994C', 13),
  ('S001C', 13),
  ('S002C', 13),
  ('S003C', 13),
  ('S004C', 13),
  ('S005C', 13),
  ('S007C', 13),
  ('T001C', 13),
  ('T002C', 13),
  ('T003C', 13),
  ('T004C', 13),
  ('0000S', 14),
  ('0004S', 14),
  ('0009S', 14),
  ('0213S', 14),
  ('0504S', 14),
  ('0505S', 14),
  ('0506S', 14),
  ('0507S', 14),
  ('0508S', 14),
  ('0514S', 14),
  ('0516S', 14),
  ('0517S', 14),
  ('0518S', 14),
  ('0623S', 14),
  ('0627S', 14),
  ('0635S', 14),
  ('0636S', 14),
  ('0637S', 14),
  ('0643S', 14),
  ('0644S', 14),
  ('0645S', 14),
  ('0646S', 14),
  ('0647S', 14),
  ('0651S', 14),
  ('0653S', 14),
  ('0655S', 14),
  ('1005S', 14),
  ('1006S', 14),
  ('1018S', 14),
  ('1019S', 14),
  ('1029S', 14),
  ('1039S', 14),
  ('1116S', 14),
  ('1117S', 14),
  ('1118S', 14),
  ('1119S', 14),
  ('1126S', 14),
  ('1128S', 14),
  ('1129S', 14),
  ('1134S', 14),
  ('1136S', 14),
  ('1137S', 14),
  ('1139S', 14),
  ('1146S', 14),
  ('1147S', 14),
  ('1148S', 14),
  ('1156S', 14),
  ('1157S', 14),
  ('1167S', 14),
  ('1168S', 14),
  ('1169S', 14),
  ('1177S', 14),
  ('1178S', 14),
  ('1179S', 14),
  ('1186S', 14),
  ('1187S', 14),
  ('1189S', 14),
  ('1196S', 14),
  ('1197S', 14),
  ('1198S', 14),
  ('1207S', 14),
  ('1208S', 14),
  ('1209S', 14),
  ('1216S', 14),
  ('1217S', 14),
  ('1219S', 14),
  ('1226S', 14),
  ('1227S', 14),
  ('1228S', 14),
  ('1229S', 14),
  ('1235S', 14),
  ('1236S', 14),
  ('1237S', 14),
  ('1238S', 14),
  ('1246S', 14),
  ('1256S', 14),
  ('1257S', 14),
  ('1258S', 14),
  ('1259S', 14),
  ('1268S', 14),
  ('1269S', 14),
  ('1287S', 14),
  ('1288S', 14),
  ('1289S', 14),
  ('1297S', 14),
  ('1298S', 14),
  ('1299S', 14),
  ('1306S', 14),
  ('1308S', 14),
  ('1309S', 14),
  ('1316S', 14),
  ('1317S', 14),
  ('1318S', 14),
  ('1326S', 14),
  ('1327S', 14),
  ('1328S', 14),
  ('1329S', 14),
  ('1336S', 14),
  ('1338S', 14),
  ('1339S', 14),
  ('1347S', 14),
  ('1348S', 14),
  ('1356S', 14),
  ('1357S', 14),
  ('1358S', 14),
  ('1359S', 14),
  ('1365S', 14),
  ('1367S', 14),
  ('1368S', 14),
  ('1369S', 14),
  ('1378S', 14),
  ('1379S', 14),
  ('1398S', 14),
  ('1406S', 14),
  ('1407S', 14),
  ('1408S', 14),
  ('1455S', 14),
  ('1457S', 14),
  ('1497S', 14),
  ('1498S', 14),
  ('1504S', 14),
  ('1506S', 14),
  ('1507S', 14),
  ('1508S', 14),
  ('1523S', 14),
  ('1524S', 14),
  ('1526S', 14),
  ('1527S', 14),
  ('1528S', 14),
  ('1529S', 14),
  ('1546S', 14),
  ('1547S', 14),
  ('1548S', 14),
  ('1549S', 14),
  ('1595S', 14),
  ('1597S', 14),
  ('1687S', 14),
  ('1688S', 14),
  ('1696S', 14),
  ('1697S', 14),
  ('1699S', 14),
  ('1706S', 14),
  ('1707S', 14),
  ('1708S', 14),
  ('1717S', 14),
  ('1718S', 14),
  ('1726S', 14),
  ('1727S', 14),
  ('1737S', 14),
  ('1777S', 14),
  ('1778S', 14),
  ('1816S', 14),
  ('1835S', 14),
  ('1836S', 14),
  ('1838S', 14),
  ('1847S', 14),
  ('1848S', 14),
  ('1849S', 14),
  ('1867S', 14),
  ('1909S', 14),
  ('2006S', 14),
  ('2011S', 14),
  ('2012S', 14),
  ('2022S', 14),
  ('2023S', 14),
  ('2024S', 14),
  ('2025S', 14),
  ('2039S', 14),
  ('2042S', 14),
  ('2043S', 14),
  ('2044S', 14),
  ('2045S', 14),
  ('2047S', 14),
  ('2048S', 14),
  ('2049S', 14),
  ('2053S', 14),
  ('2055S', 14),
  ('2063S', 14),
  ('2064S', 14),
  ('2065S', 14),
  ('2066S', 14),
  ('2067S', 14),
  ('2073S', 14),
  ('2074S', 14),
  ('2075S', 14),
  ('2076S', 14),
  ('2081S', 14),
  ('2085S', 14),
  ('2091S', 14),
  ('2094S', 14),
  ('2096S', 14),
  ('2097S', 14),
  ('2101S', 14),
  ('2103S', 14),
  ('2115S', 14),
  ('2116S', 14),
  ('2121S', 14),
  ('2122S', 14),
  ('2125S', 14),
  ('2126S', 14),
  ('2127S', 14),
  ('0000C', 13),
  ('0002C', 13),
  ('0011C', 13),
  ('0012C', 13),
  ('0013C', 13),
  ('0014C', 13),
  ('0015C', 13),
  ('0113C', 13),
  ('0114C', 13),
  ('0134C', 13),
  ('0211C', 13),
  ('0212C', 13),
  ('0213C', 13),
  ('0214C', 13),
  ('0215C', 13),
  ('0233C', 13),
  ('0234C', 13),
  ('0312C', 13),
  ('0313C', 13),
  ('0314C', 13),
  ('0315C', 13),
  ('0342C', 13),
  ('0343C', 13),
  ('0344C', 13),
  ('0345C', 13),
  ('0522C', 13),
  ('0523C', 13),
  ('0524C', 13),
  ('0525C', 13),
  ('0572C', 13),
  ('0573C', 13),
  ('0574C', 13),
  ('0602C', 13),
  ('060SC', 13),
  ('0623C', 13),
  ('0624C', 13),
  ('0802C', 13),
  ('0803C', 13),
  ('0902C', 13),
  ('0903C', 13),
  ('0904C', 13),
  ('0905C', 13),
  ('0912C', 13),
  ('0913C', 13),
  ('0914C', 13),
  ('0922C', 13),
  ('0923C', 13),
  ('0924C', 13),
  ('1002C', 13),
  ('1003C', 13),
  ('1012C', 13),
  ('1013C', 13),
  ('1104C', 13),
  ('4022C', 13),
  ('5022C', 13),
  ('5054C', 13),
  ('P002C', 13),
  ('P995C', 13),
  ('S006C', 13),
  ('T005C', 13),
  ('0217S', 14),
  ('0509S', 14),
  ('0626S', 14),
  ('0638S', 14),
  ('0648S', 14),
  ('1007S', 14),
  ('1111S', 14),
  ('1127S', 14),
  ('1138S', 14),
  ('1149S', 14),
  ('1176S', 14),
  ('1188S', 14),
  ('1199S', 14),
  ('1218S', 14),
  ('1234S', 14),
  ('1239S', 14),
  ('1267S', 14),
  ('1296S', 14),
  ('1307S', 14),
  ('1319S', 14),
  ('1337S', 14),
  ('1349S', 14),
  ('1366S', 14),
  ('1397S', 14),
  ('1409S', 14),
  ('1505S', 14),
  ('1525S', 14),
  ('1537S', 14),
  ('1596S', 14),
  ('1698S', 14),
  ('1709S', 14),
  ('1738S', 14),
  ('1837S', 14),
  ('1859S', 14),
  ('2017S', 14),
  ('2041S', 14),
  ('2046S', 14),
  ('2061S', 14),
  ('2071S', 14),
  ('2077S', 14),
  ('2095S', 14),
  ('2105S', 14),
  ('2123S', 14),
  ('2134S', 14),
  ('2144S', 14),
  ('2153S', 14),
  ('2165S', 14),
  ('2182S', 14),
  ('2197S', 14),
  ('2203S', 14),
  ('2209S', 14),
  ('2225S', 14),
  ('2345S', 14),
  ('2408S', 14),
  ('2557S', 14),
  ('2659S', 14),
  ('2818S', 14),
  ('3103S', 14),
  ('3202S', 14),
  ('3226S', 14),
  ('3508S', 14),
  ('4268S', 14),
  ('4407S', 14),
  ('4458S', 14),
  ('4729S', 14),
  ('5017S', 14),
  ('5033S', 14),
  ('5045S', 14),
  ('5335S', 14),
  ('5415S', 14),
  ('5425S', 14),
  ('5436S', 14),
  ('5527S', 14),
  ('5707S', 14),
  ('5803S', 14),
  ('5804S', 14),
  ('5805S', 14),
  ('5806S', 14),
  ('6023S', 14),
  ('6026S', 14),
  ('6027S', 14),
  ('6076S', 14),
  ('6078S', 14),
  ('6079S', 14),
  ('6107S', 14),
  ('6206S', 14),
  ('6207S', 14),
  ('6307S', 14),
  ('6308S', 14),
  ('6309S', 14),
  ('6317S', 14),
  ('6406S', 14),
  ('6407S', 14),
  ('6408S', 14),
  ('6409S', 14),
  ('6417S', 14),
  ('6418S', 14),
  ('6419S', 14),
  ('6487S', 14),
  ('6488S', 14),
  ('6489S', 14),
  ('6516S', 14),
  ('6517S', 14),
  ('6518S', 14),
  ('6519S', 14),
  ('6586S', 14),
  ('6587S', 14),
  ('6588S', 14),
  ('6589S', 14),
  ('6646S', 14),
  ('6647S', 14),
  ('6648S', 14),
  ('6649S', 14),
  ('6706S', 14),
  ('6707S', 14),
  ('6708S', 14),
  ('6709S', 14),
  ('6807S', 14),
  ('6858S', 14),
  ('7117S', 14),
  ('7118S', 14),
  ('7126S', 14),
  ('7127S', 14),
  ('7128S', 14),
  ('7129S', 14),
  ('7136S', 14),
  ('7137S', 14),
  ('7138S', 14),
  ('7144S', 14),
  ('7145S', 14),
  ('7146S', 14),
  ('7154S', 14),
  ('7168S', 14),
  ('7178S', 14),
  ('7206S', 14),
  ('7236S', 14),
  ('7326S', 14),
  ('7424S', 14),
  ('7468S', 14),
  ('7477S', 14),
  ('7548S', 14),
  ('7578S', 14),
  ('7605S', 14),
  ('7618S', 14),
  ('7638S', 14),
  ('7697S', 14),
  ('7717S', 14),
  ('7917S', 14),
  ('7928S', 14),
  ('8018S', 14),
  ('8037S', 14),
  ('8056S', 14),
  ('8085S', 14),
  ('8098S', 14),
  ('8118S', 14),
  ('8136S', 14),
  ('8177S', 14),
  ('8205S', 14),
  ('8269S', 14),
  ('8287S', 14),
  ('8293S', 14),
  ('8308S', 14),
  ('8388S', 14),
  ('8454S', 14),
  ('8468S', 14),
  ('8479S', 14),
  ('8526S', 14),
  ('8576S', 14),
  ('8597S', 14),
  ('8619S', 14),
  ('8658S', 14),
  ('8689S', 14),
  ('8699S', 14),
  ('8717S', 14),
  ('8728S', 14),
  ('8738S', 14),
  ('8749S', 14),
  ('8765S', 14),
  ('8777S', 14),
  ('8805S', 14),
  ('8816S', 14),
  ('8837S', 14),
  ('8857S', 14),
  ('8875S', 14),
  ('8886S', 14),
  ('8938S', 14),
  ('8985S', 14),
  ('9037S', 14),
  ('9078S', 14),
  ('9153S', 14),
  ('P000S', 14),
  ('P006S', 14),
  ('P053S', 14),
  ('P256S', 14),
  ('P333S', 14),
  ('P415S', 14),
  ('P993S', 14),
  ('S001S', 14),
  ('S007S', 14),
  ('T004S', 14),
  ('0000A', 18),
  ('0030A', 18),
  ('9999A', 18),
  ('0042G', 11),
  ('0002F', 8),
  ('0007F', 1),
  ('0108F', 1),
  ('02C3F', 5),
  ('0207F', 1),
  ('2273F', 9),
  ('0256F', 8),
  ('2254F', 8),
  ('2258F', 8),
  ('2246F', 8),
  ('9951F', 8),
  ('0107F', 1),
  ('0001Z', 15),
  ('8117S', 14),
  ('8119S', 14),
  ('8126S', 14),
  ('8127S', 14),
  ('8128S', 14),
  ('8129S', 14),
  ('8137S', 14),
  ('8138S', 14),
  ('8144S', 14),
  ('8154S', 14),
  ('8178S', 14),
  ('8202S', 14),
  ('8203S', 14),
  ('8206S', 14),
  ('8207S', 14),
  ('8266S', 14),
  ('8267S', 14),
  ('8276S', 14),
  ('8277S', 14),
  ('8278S', 14),
  ('8279S', 14),
  ('8286S', 14),
  ('8288S', 14),
  ('8289S', 14),
  ('8291S', 14),
  ('8292S', 14),
  ('8302S', 14),
  ('8303S', 14),
  ('8305S', 14),
  ('8306S', 14),
  ('8307S', 14),
  ('8309S', 14),
  ('8317S', 14),
  ('8318S', 14),
  ('8319S', 14),
  ('8386S', 14),
  ('8399S', 14),
  ('8408S', 14),
  ('8409S', 14),
  ('8453S', 14),
  ('8456S', 14),
  ('8457S', 14),
  ('8458S', 14),
  ('8466S', 14),
  ('8467S', 14),
  ('8469S', 14),
  ('8471S', 14),
  ('8476S', 14),
  ('8477S', 14),
  ('8478S', 14),
  ('8507S', 14),
  ('8517S', 14),
  ('8518S', 14),
  ('8525S', 14),
  ('8527S', 14),
  ('8528S', 14),
  ('8529S', 14),
  ('8567S', 14),
  ('8568S', 14),
  ('8577S', 14),
  ('8578S', 14),
  ('8594S', 14),
  ('8595S', 14),
  ('8596S', 14),
  ('8598S', 14),
  ('8616S', 14),
  ('8617S', 14),
  ('8618S', 14),
  ('8624S', 14),
  ('8625S', 14),
  ('8626S', 14),
  ('8627S', 14),
  ('8628S', 14),
  ('8667S', 14),
  ('8668S', 14),
  ('8686S', 14),
  ('8687S', 14),
  ('8688S', 14),
  ('8695S', 14),
  ('8696S', 14),
  ('8697S', 14),
  ('8698S', 14),
  ('8706S', 14),
  ('8707S', 14),
  ('8708S', 14),
  ('8715S', 14),
  ('8716S', 14),
  ('8718S', 14),
  ('8719S', 14),
  ('8725S', 14),
  ('8726S', 14),
  ('8727S', 14),
  ('8729S', 14),
  ('8735S', 14),
  ('8736S', 14),
  ('8737S', 14),
  ('8739S', 14),
  ('8745S', 14),
  ('8746S', 14),
  ('8747S', 14),
  ('8748S', 14),
  ('8754S', 14),
  ('8756S', 14),
  ('8757S', 14),
  ('8758S', 14),
  ('8759S', 14),
  ('8766S', 14),
  ('8767S', 14),
  ('8775S', 14),
  ('8776S', 14),
  ('8787S', 14),
  ('8788S', 14),
  ('8789S', 14),
  ('8797S', 14),
  ('8798S', 14),
  ('8806S', 14),
  ('8807S', 14),
  ('8808S', 14),
  ('8809S', 14),
  ('8815S', 14),
  ('8817S', 14),
  ('8827S', 14),
  ('8828S', 14),
  ('8829S', 14),
  ('8838S', 14),
  ('8848S', 14),
  ('8849S', 14),
  ('8855S', 14),
  ('8856S', 14),
  ('8858S', 14),
  ('8859S', 14),
  ('8866S', 14),
  ('8867S', 14),
  ('8874S', 14),
  ('8876S', 14),
  ('8877S', 14),
  ('8878S', 14),
  ('8879S', 14),
  ('8895S', 14),
  ('8897S', 14),
  ('8898S', 14),
  ('8927S', 14),
  ('8929S', 14),
  ('8957S', 14),
  ('8958S', 14),
  ('8959S', 14),
  ('8965S', 14),
  ('8975S', 14),
  ('9017S', 14),
  ('9019S', 14),
  ('9027S', 14),
  ('9029S', 14),
  ('9039S', 14),
  ('9055S', 14),
  ('9056S', 14),
  ('9066S', 14),
  ('9067S', 14),
  ('9106S', 14),
  ('9116S', 14),
  ('9127S', 14),
  ('9137S', 14),
  ('9148S', 14),
  ('9154S', 14),
  ('9155S', 14),
  ('9168S', 14),
  ('9999S', 14),
  ('P001S', 14),
  ('P002S', 14),
  ('P003S', 14),
  ('P004S', 14),
  ('P005S', 14),
  ('P007S', 14),
  ('P008S', 14),
  ('P009S', 14),
  ('P046S', 14),
  ('P047S', 14),
  ('P206S', 14),
  ('P225S', 14),
  ('P226S', 14),
  ('P255S', 14),
  ('P276S', 14),
  ('P303S', 14),
  ('P304S', 14),
  ('P313S', 14),
  ('P323S', 14),
  ('P343S', 14),
  ('P353S', 14),
  ('P354S', 14),
  ('P363S', 14),
  ('P414S', 14),
  ('P525S', 14),
  ('P526S', 14),
  ('P654S', 14),
  ('P725S', 14),
  ('P994S', 14),
  ('P995S', 14),
  ('P996S', 14),
  ('P997S', 14),
  ('P998S', 14),
  ('S002S', 14),
  ('S003S', 14),
  ('S004S', 14),
  ('S005S', 14),
  ('S006S', 14),
  ('S008S', 14),
  ('T001S', 14),
  ('T002S', 14),
  ('T003S', 14),
  ('T005S', 14),
  ('T006S', 14),
  ('T007S', 14),
  ('T008S', 14),
  ('T009S', 14),
  ('0001A', 18),
  ('0010A', 18),
  ('0020A', 18),
  ('0050A', 18),
  ('0060A', 18),
  ('0080A', 18),
  ('0090A', 18),
  ('0001G', 11),
  ('0002G', 11),
  ('0003G', 11),
  ('0012G', 11),
  ('0022G', 11),
  ('0032G', 11),
  ('0052G', 11),
  ('0063G', 11),
  ('0072G', 11),
  ('0074G', 11),
  ('9999G', 11),
  ('0036F', 1),
  ('0065F', 7),
  ('02C6F', 5),
  ('02C5F', 5),
  ('02C4F', 5),
  ('0008F', 1),
  ('0035F', 2),
  ('0046F', 1),
  ('0066F', 7),
  ('2274F', 9),
  ('0253F', 8),
  ('0254F', 8),
  ('0255F', 8),
  ('1253F', 8),
  ('2252F', 8),
  ('2253F', 8),
  ('2255F', 8),
  ('2256F', 8),
  ('2257F', 8),
  ('22C4F', 8),
  ('2243F', 8),
  ('2244F', 8),
  ('2245F', 8),
  ('0075F', 9),
  ('1263F', 6);

INSERT INTO `timetable`.`position_type`(`uniqueid`, `reference`, `label`, `sort_order`)
VALUES (18, 'ADMIN_STAFF', 'Administrative/Professional Staff', 1300),
  (19, 'UNDRGRD_TEACH_ASST', 'Undergrad Teaching Assistant', 1400),
  (1, 'PROF', 'Professor', 100),
  (2, 'ASSOC_PROF', 'Associate Professor', 200),
  (3, 'ASST_PROF', 'Assistant Professor', 300),
  (4, 'INSTRUCTOR', 'Instructor', 800),
  (5, 'CLIN_PROF', 'Clinical / Professional', 500),
  (6, 'CONT_LEC', 'Continuing Lecturer', 600),
  (7, 'LTD_LEC', 'Limited-Term Lecturer', 700),
  (8, 'VISIT_FAC', 'Visiting Faculty', 400),
  (9, 'POST_DOC', 'Post Doctoral', 1500),
  (10, 'ADJUNCT_FAC', 'Adjunct Faculty', 1000),
  (11, 'GRAD_TEACH_ASST', 'Graduate Teaching Assistant', 1200),
  (12, 'GRAD_LEC', 'Graduate Lecturer', 1100),
  (13, 'CLERICAL_STAFF', 'Clerical Staff', 1600),
  (14, 'SERVICE_STAFF', 'Service Staff', 1700),
  (15, 'FELLOWSHIP', 'Fellowship', 1800),
  (16, 'EMERITUS', 'Emeritus Faculty', 900),
  (17, 'OTHER', 'Other', 2000),
  (21, 'NON_PURDUE_INST', 'Non Purdue Instructor', 1900);

INSERT INTO `timetable`.`preference_level`(`pref_id`, `pref_prolog`, `pref_name`, `uniqueid`)
VALUES (1, 'R', 'Required', 1),
  (2, '-2', 'Strongly Preferred', 2),
  (3, '-1', 'Preferred', 3),
  (4, '0', 'Neutral', 4),
  (5, '1', 'Discouraged', 5),
  (6, '2', 'Strongly Discouraged', 6),
  (7, 'P', 'Prohibited', 7);

INSERT INTO `timetable`.`reservation_type`(`uniqueid`, `reference`, `label`)
VALUES (288, 'perm', 'Permanent'),
  (289, 'temp', 'Temporary'),
  (290, 'info', NULL);

INSERT INTO `timetable`.`roles`(`role_id`, `reference`, `abbv`)
VALUES (1, 'Administrator', 'Administrator'),
  (21, 'Dept Sched Mgr', 'Department Schedule Manager'),
  (41, 'View All', 'View All User');

INSERT INTO `timetable`.`room`(`uniqueid`, `external_uid`, `session_id`, `building_id`, `room_number`, `capacity`, `coordinate_x`, `coordinate_y`, `scheduled_room_type`, `ignore_too_far`, `manager_ids`, `pattern`, `ignore_room_check`, `classification`, `display_name`)
VALUES (7986, NULL, 223206, 1761, '101', 4, 1, 1, 'departmental', 0, '226199,223207', 'FFFFFFFFFFFFFFF0000000000000000000000FFFFFFFFFFFFFFFFFFFFFFFFFF0000000000001111000000FFFFFFFFFFFFFFFFFFFFFFFFFF0000000000000000000000FFFFFFFFFFFFFFFFFFFFFFFFFF0000000000001111000000FFFFFFFFFFFFFFFFFFFFFFFFFF0000000000000000000000FFFFFFFFFFFFFFFFFFFFFFFFFFFFFFFFFFFFFFFFFFFFFFFFFFFFFFFFFFFFFFFFFFFFFFFFFFFFFFFFFFFFFFFFFFFFFFFFFFFFFFFFFFF', 0, NULL, NULL),
  (7987, NULL, 223206, 1761, '102', 2, 1, 1, 'departmental', 0, '223207', 'FFFFFFFFFFFFFFFFFFFFFFFFFFFFFFFFFFFFFFFFFFFFFFFFFFFFFFFFFFFFFFFFFFFFFFFFFFFFFFFFFFFFFFFFFFFFFFFFFFFFFFFFFFFFFFFFFFFFFFFFFFFFFFFFFFFFFFFFFFFFFFFFFFFFFFFFFFFFFFFFFFFFFFFFFFFFFFFFFFFFFFFFFFFFFFFFFFFFFFFFFFFFFFFFFFFFFFFFFFFFFFFFFFFFFFFFFFFFFFFFFFFFFFFFFFFFFFFFFFFFFFFFFFFFFFFFFFFFFFFFFFFFFFFFFFFFFFFFFFFFFFFFFFFFFFFFFFFFFFFFFFFFFFFFFFFFFFFF', 0, NULL, NULL),
  (7988, NULL, 223206, 1761, '103', 2, 1, 1, 'departmental', 0, '223207', 'FFFFFFFFFFFFFFFFFFFFFFFFFFFFFFFFFFFFFFFFFFFFFFFFFFFFFFFFFFFFFFFFFFFFFFFFFFFFFFFFFFFFFFFFFFFFFFFFFFFFFFFFFFFFFFFFFFFFFFFFFFFFFFFFFFFFFFFFFFFFFFFFFFFFFFFFFFFFFFFFFFFFFFFFFFFFFFFFFFFFFFFFFFFFFFFFFFFFFFFFFFFFFFFFFFFFFFFFFFFFFFFFFFFFFFFFFFFFFFFFFFFFFFFFFFFFFFFFFFFFFFFFFFFFFFFFFFFFFFFFFFFFFFFFFFFFFFFFFFFFFFFFFFFFFFFFFFFFFFFFFFFFFFFFFFFFFFFF', 0, NULL, NULL),
  (7989, NULL, 223206, 1761, '104', 1, 1, 1, 'departmental', 0, '223207', 'FFFFFFFFFFFFFFFFFFFFFFFFFFFFFFFFFFFFFFFFFFFFFFFFFFFFFFFFFFFFFFFFFFFFFFFFFFFFFFFFFFFFFFFFFFFFFFFFFFFFFFFFFFFFFFFFFFFFFFFFFFFFFFFFFFFFFFFFFFFFFFFFFFFFFFFFFFFFFFFFFFFFFFFFFFFFFFFFFFFFFFFFFFFFFFFFFFFFFFFFFFFFFFFFFFFFFFFFFFFFFFFFFFFFFFFFFFFFFFFFFFFFFFFFFFFFFFFFFFFFFFFFFFFFFFFFFFFFFFFFFFFFFFFFFFFFFFFFFFFFFFFFFFFFFFFFFFFFFFFFFFFFFFFFFFFFFFFF', 0, NULL, NULL),
  (7990, NULL, 223206, 1761, '105', 1, 1, 1, 'departmental', 0, '223207', 'FFFFFFFFFFFFFFFFFFFFFFFFFFFFFFFFFFFFFFFFFFFFFFFFFFFFFFFFFFFFFFFFFFFFFFFFFFFFFFFFFFFFFFFFFFFFFFFFFFFFFFFFFFFFFFFFFFFFFFFFFFFFFFFFFFFFFFFFFFFFFFFFFFFFFFFFFFFFFFFFFFFFFFFFFFFFFFFFFFFFFFFFFFFFFFFFFFFFFFFFFFFFFFFFFFFFFFFFFFFFFFFFFFFFFFFFFFFFFFFFFFFFFFFFFFFFFFFFFFFFFFFFFFFFFFFFFFFFFFFFFFFFFFFFFFFFFFFFFFFFFFFFFFFFFFFFFFFFFFFFFFFFFFFFFFFFFFFF', 0, NULL, NULL),
  (7991, NULL, 223206, 1761, '106', 1, 1, 1, 'departmental', 0, '223207', 'FFFFFFFFFFFFFFFFFFFFFFFFFFFFFFFFFFFFFFFFFFFFFFFFFFFFFFFFFFFFFFFFFFFFFFFFFFFFFFFFFFFFFFFFFFFFFFFFFFFFFFFFFFFFFFFFFFFFFFFFFFFFFFFFFFFFFFFFFFFFFFFFFFFFFFFFFFFFFFFFFFFFFFFFFFFFFFFFFFFFFFFFFFFFFFFFFFFFFFFFFFFFFFFFFFFFFFFFFFFFFFFFFFFFFFFFFFFFFFFFFFFFFFFFFFFFFFFFFFFFFFFFFFFFFFFFFFFFFFFFFFFFFFFFFFFFFFFFFFFFFFFFFFFFFFFFFFFFFFFFFFFFFFFFFFFFFFFF', 0, NULL, NULL),
  (7992, NULL, 223206, 1761, '107', 1, 1, 1, 'departmental', 0, '223207', 'FFFFFFFFFFFFFFFFFFFFFFFFFFFFFFFFFFFFFFFFFFFFFFFFFFFFFFFFFFFFFFFFFFFFFFFFFFFFFFFFFFFFFFFFFFFFFFFFFFFFFFFFFFFFFFFFFFFFFFFFFFFFFFFFFFFFFFFFFFFFFFFFFFFFFFFFFFFFFFFFFFFFFFFFFFFFFFFFFFFFFFFFFFFFFFFFFFFFFFFFFFFFFFFFFFFFFFFFFFFFFFFFFFFFFFFFFFFFFFFFFFFFFFFFFFFFFFFFFFFFFFFFFFFFFFFFFFFFFFFFFFFFFFFFFFFFFFFFFFFFFFFFFFFFFFFFFFFFFFFFFFFFFFFFFFFFFFFF', 0, NULL, NULL),
  (7993, NULL, 223206, 1761, '108', 1, 1, 1, 'departmental', 0, '223207', 'FFFFFFFFFFFFFFFFFFFFFFFFFFFFFFFFFFFFFFFFFFFFFFFFFFFFFFFFFFFFFFFFFFFFFFFFFFFFFFFFFFFFFFFFFFFFFFFFFFFFFFFFFFFFFFFFFFFFFFFFFFFFFFFFFFFFFFFFFFFFFFFFFFFFFFFFFFFFFFFFFFFFFFFFFFFFFFFFFFFFFFFFFFFFFFFFFFFFFFFFFFFFFFFFFFFFFFFFFFFFFFFFFFFFFFFFFFFFFFFFFFFFFFFFFFFFFFFFFFFFFFFFFFFFFFFFFFFFFFFFFFFFFFFFFFFFFFFFFFFFFFFFFFFFFFFFFFFFFFFFFFFFFFFFFFFFFFFF', 0, NULL, NULL),
  (7994, NULL, 223206, 1762, '101', 4, 1, 1, 'departmental', 0, '226199,223207', 'FFFFFFFFFFFFFFFXXXXXXXXXXX111110000XXFFFFFFFFFFFFFFFFFFFFFFFFFFXXXXXXXXXXX111110000XXFFFFFFFFFFFFFFFFFFFFFFFFFFXXXXXXXXXXX111110000XXFFFFFFFFFFFFFFFFFFFFFFFFFFXXXXXXXXXXX111110000XXFFFFFFFFFFFFFFFFFFFFFFFFFFXXXXXXXXXXX111110000XXFFFFFFFFFFFFFFFFFFFFFFFFFFFFFFFFFFFFFFFFFFFFFFFFFFFFFFFFFFFFFFFFFFFFFFFFFFFFFFFFFFFFFFFFFFFFFFFFFFFFFFFFFFF', 0, NULL, NULL);

INSERT INTO `timetable`.`room_dept`(`uniqueid`, `room_id`, `department_id`, `is_control`)
VALUES (12607, 7986, 226199, 1),
  (12608, 7994, 226199, 1),
  (12609, 7986, 223207, 0),
  (12600, 7988, 223207, 1),
  (12601, 7989, 223207, 1),
  (12603, 7991, 223207, 1),
  (12606, 7994, 223207, 0),
  (223697, 7987, 223207, 1),
  (223700, 7990, 223207, 1),
  (223702, 7992, 223207, 1),
  (223703, 7993, 223207, 1);

INSERT INTO `timetable`.`room_feature`(`uniqueid`, `discriminator`, `label`, `abbv`, `sis_reference`, `sis_value`, `department_id`)
VALUES (468, 'global', 'Chalkboard < 20 Ft.', 'Ch<20Ft', 'feetOfChalkboard', '< 20', NULL),
  (469, 'global', 'Chalkboard >= 20 Ft.', 'Ch>=20Ft', 'feetOfChalkboard', '>= 20', NULL),
  (123, 'global', 'Audio Recording', 'AudioRec', 'audioRecording', NULL, NULL),
  (125, 'global', 'Computer', 'Comp', 'puccComputer', NULL, NULL),
  (437, 'global', 'Fixed Seating', 'FixSeat', 'fixedSeating', NULL, NULL),
  (438, 'global', 'Computer Projection', 'CompPrj', 'computerProjection', NULL, NULL),
  (440, 'global', 'Tables and Chairs', 'Tables&Chrs', 'seatingType', 'tablesAndChairs', NULL),
  (441, 'global', 'Tablet Arm Chairs', 'TabletArmChrs', 'seatingType', 'tabletArmChairs', NULL),
  (442, 'global', 'Theater Seats', 'ThtrSeat', 'seatingType', 'theaterSeats', NULL);

INSERT INTO `timetable`.`room_feature_pref`(`uniqueid`, `owner_id`, `pref_level_id`, `room_feature_id`, `last_modified_time`)
VALUES (121508, 226242, 2, 125, NULL),
  (121514, 226240, 7, 442, NULL);

INSERT INTO `timetable`.`room_group`(`uniqueid`, `session_id`, `name`, `abbv`, `description`, `global`, `default_group`, `department_id`)
VALUES (6225, 223206, 'Biology Labs', 'Biol Labs', NULL, 0, 0, 223207),
  (6226, 223206, 'Computing Labs', 'Comp Labs', NULL, 0, 0, 223207),
  (6227, 223206, 'Hall of Music', 'Hall of Music', NULL, 1, 0, NULL),
  (6223, 223206, 'Chemistry Labs', 'Chem Labs', 'Chemistry Laboratories', 1, 0, NULL),
  (6224, 223206, 'Classroom', 'Classroom', NULL, 1, 1, NULL);

INSERT INTO `timetable`.`room_group_pref`(`uniqueid`, `owner_id`, `pref_level_id`, `room_group_id`, `last_modified_time`)
VALUES (121335, 223377, 1, 6224, NULL),
  (121329, 223367, 1, 6224, NULL),
  (121330, 223790, 1, 6224, NULL),
  (121345, 223355, 1, 6224, NULL),
  (121480, 223255, 1, 6223, NULL),
  (121343, 223372, 1, 6224, NULL),
  (121373, 223228, 1, 6224, NULL),
  (121352, 223815, 1, 6224, NULL),
  (121418, 223323, 1, 6224, NULL),
  (121408, 223309, 1, 6224, NULL),
  (121397, 223244, 1, 6224, NULL),
  (121453, 223799, 1, 6226, NULL),
  (121372, 223868, 1, 6224, NULL),
  (121393, 223937, 1, 6224, NULL),
  (121386, 223901, 1, 6224, NULL),
  (121461, 223296, 1, 6224, NULL),
  (121395, 223939, 1, 6224, NULL),
  (121407, 223848, 1, 6226, NULL),
  (121412, 223997, 1, 6226, NULL),
  (121420, 224004, 1, 6226, NULL),
  (121415, 223995, 1, 6224, NULL),
  (121425, 224016, 1, 6224, NULL),
  (121422, 223329, 1, 6224, NULL),
  (121430, 223343, 1, 6224, NULL),
  (121451, 223948, 1, 6226, NULL),
  (121436, 224031, 1, 6226, NULL),
  (121438, 224030, 1, 6224, NULL),
  (121440, 223349, 1, 6224, NULL),
  (121449, 223913, 1, 6225, NULL),
  (121448, 224058, 1, 6225, NULL);

INSERT INTO `timetable`.`room_group_room`(`room_group_id`, `room_id`)
VALUES (6223, 7991),
  (6224, 7986),
  (6224, 7987),
  (6224, 7988),
  (6224, 7989),
  (6224, 7990),
  (6225, 7992),
  (6226, 7993),
  (6227, 7994);

INSERT INTO `timetable`.`room_join_room_feature`(`room_id`, `feature_id`)
VALUES (7986, 438),
  (7994, 442),
  (7994, 123),
  (7994, 468),
  (7986, 437),
  (7986, 125),
  (7987, 125),
  (7988, 125),
  (7989, 125),
  (7990, 125),
  (7991, 125),
  (7992, 125),
  (7993, 125),
  (7987, 437),
  (7988, 437),
  (7989, 440),
  (7990, 440),
  (7991, 440),
  (7992, 440),
  (7993, 441),
  (7986, 469),
  (7987, 468),
  (7988, 468),
  (7989, 468),
  (7990, 468),
  (7991, 468),
  (7992, 468),
  (7993, 468),
  (7988, 438),
  (7990, 438);

INSERT INTO `timetable`.`room_pref`(`uniqueid`, `owner_id`, `pref_level_id`, `room_id`, `last_modified_time`)
VALUES (121505, 226199, 4, 7986, NULL),
  (121502, 223207, 6, 7994, NULL),
  (121503, 226199, 7, 7994, NULL),
  (121504, 223207, 4, 7986, NULL),
  (121471, 223207, 7, 7990, NULL),
  (121474, 223207, 4, 7988, NULL);

INSERT INTO `timetable`.`scheduling_subpart`(`uniqueid`, `min_per_wk`, `parent`, `config_id`, `itype`, `date_pattern_id`, `auto_time_spread`, `subpart_suffix`, `student_allow_overlap`, `last_modified_time`, `uid_rolled_fwd_from`)
VALUES (223790, 50, 223367, 36963, 30, NULL, 1, '-', 0, NULL, NULL),
  (223799, 50, 223377, 36965, 30, NULL, 1, '-', 0, NULL, NULL),
  (223815, 50, 223255, 36952, 20, NULL, 1, '-', 0, NULL, NULL),
  (223848, 50, 223309, 36955, 30, NULL, 1, '-', 0, NULL, NULL),
  (223867, 150, NULL, 36966, 10, NULL, 1, '-', 0, NULL, NULL),
  (223868, 50, 223867, 36966, 20, NULL, 1, '-', 0, NULL, NULL),
  (223901, 50, NULL, 36949, 20, NULL, 1, '-', 0, NULL, NULL),
  (223913, 100, NULL, 36949, 30, NULL, 1, '-', 0, NULL, NULL),
  (223925, 50, NULL, 36949, 90, NULL, 1, '-', 0, NULL, NULL),
  (223937, 100, NULL, 36967, 10, NULL, 1, '-', 0, NULL, NULL),
  (223939, 100, NULL, 36967, 30, NULL, 1, '-', 0, NULL, NULL),
  (223948, 100, NULL, 36950, 30, NULL, 1, '-', 0, NULL, NULL),
  (223995, 100, NULL, 36968, 10, NULL, 1, '-', 0, NULL, NULL),
  (223997, 100, NULL, 36968, 30, NULL, 1, '-', 0, NULL, NULL),
  (224004, 50, 223323, 36956, 30, NULL, 1, '-', 0, NULL, NULL),
  (224016, 150, NULL, 36969, 10, NULL, 1, '-', 0, NULL, NULL),
  (224021, 50, NULL, 36970, 10, NULL, 1, '-', 0, NULL, NULL),
  (224030, 50, 223349, 36960, 20, NULL, 1, '-', 0, NULL, NULL),
  (224031, 100, 224030, 36960, 30, NULL, 1, '-', 0, NULL, NULL),
  (223228, 150, NULL, 36948, 10, NULL, 1, '-', 0, NULL, NULL),
  (223239, 100, NULL, 36949, 10, NULL, 1, '-', 0, NULL, NULL),
  (223244, 100, NULL, 36950, 10, NULL, 1, '-', 0, NULL, NULL),
  (223248, 500, NULL, 36951, 10, NULL, 1, '-', 0, NULL, NULL),
  (223254, 100, NULL, 36952, 10, NULL, 1, '-', 0, NULL, NULL),
  (223255, 150, 223254, 36952, 30, NULL, 1, '-', 0, NULL, NULL),
  (223290, 150, NULL, 36953, 10, NULL, 1, '-', 0, NULL, NULL),
  (223296, 150, NULL, 36954, 10, NULL, 1, '-', 0, NULL, NULL),
  (223309, 150, NULL, 36955, 10, NULL, 1, '-', 0, NULL, NULL),
  (223323, 150, NULL, 36956, 10, NULL, 1, '-', 0, NULL, NULL),
  (223329, 150, NULL, 36957, 10, NULL, 1, '-', 0, NULL, NULL),
  (224056, 100, NULL, 36971, 10, NULL, 1, '-', 0, NULL, NULL),
  (223343, 150, NULL, 36959, 10, NULL, 1, '-', 0, NULL, NULL),
  (223349, 100, NULL, 36960, 10, NULL, 1, '-', 0, NULL, NULL),
  (223355, 150, NULL, 36961, 10, NULL, 1, '-', 0, NULL, NULL),
  (223362, 150, NULL, 36962, 10, NULL, 1, '-', 0, NULL, NULL),
  (223367, 150, NULL, 36963, 10, NULL, 1, '-', 0, NULL, NULL),
  (223372, 150, NULL, 36964, 10, NULL, 1, '-', 0, NULL, NULL),
  (223377, 150, NULL, 36965, 10, NULL, 1, '-', 0, NULL, NULL),
  (224058, 100, NULL, 36971, 30, NULL, 1, '-', 0, NULL, NULL);

INSERT INTO `timetable`.`sectioning_info`(`uniqueid`, `class_id`, `nbr_exp_students`, `nbr_hold_students`)
VALUES (224879, 223965, 0, 0),
  (224880, 223966, 0, 0),
  (224881, 223979, 0, 0),
  (224882, 224034, 0, 0),
  (224883, 223249, 0, 0),
  (224884, 224035, 0, 0),
  (224885, 224040, 0, 0),
  (224886, 224060, 0, 0),
  (224887, 223964, 0, 0),
  (224888, 224006, 0, 0),
  (224889, 223851, 0, 0),
  (224890, 223963, 0, 0),
  (224891, 223869, 0, 0),
  (224892, 223951, 0, 0),
  (224893, 223977, 0, 0),
  (224894, 223314, 0, 0),
  (224895, 224061, 0, 0),
  (224896, 223826, 0, 0),
  (224897, 224038, 0, 0),
  (224898, 224017, 0, 0),
  (224899, 223855, 0, 0),
  (224900, 223922, 0, 0),
  (224901, 223917, 0, 0),
  (224902, 223998, 0, 0),
  (224903, 224007, 0, 0),
  (224904, 224005, 0, 0),
  (224905, 223905, 0, 0),
  (224906, 223313, 0, 0),
  (224907, 223300, 0, 0),
  (224908, 223859, 0, 0),
  (224909, 223904, 0, 0),
  (224910, 223999, 0, 0),
  (224911, 223927, 0, 0),
  (224912, 223956, 0, 0),
  (224913, 223261, 0, 0),
  (224914, 223829, 0, 0),
  (224915, 223317, 0, 0),
  (224916, 223268, 0, 0),
  (224917, 224000, 0, 0),
  (224918, 223258, 0, 0),
  (224919, 223919, 0, 0),
  (224920, 223801, 0, 0),
  (224921, 223950, 0, 0),
  (224922, 223305, 0, 0),
  (224923, 223265, 0, 0),
  (224924, 223825, 0, 0),
  (224925, 223269, 0, 0),
  (224926, 223260, 0, 0),
  (224927, 223379, 0, 0),
  (224928, 223828, 0, 0),
  (224929, 223856, 0, 0),
  (224930, 223835, 0, 0),
  (224931, 223316, 0, 0),
  (224932, 223962, 0, 0),
  (224933, 223908, 0, 0),
  (224934, 223854, 0, 0),
  (224935, 223907, 0, 0),
  (224936, 223852, 0, 0),
  (224937, 223324, 0, 0),
  (224938, 223976, 0, 0),
  (224939, 224028, 0, 0),
  (224940, 224059, 0, 0),
  (224941, 223331, 0, 0),
  (224942, 224022, 0, 0),
  (224943, 223926, 0, 0),
  (224944, 223800, 0, 0),
  (224945, 223297, 0, 0),
  (224946, 223947, 0, 0),
  (224947, 223378, 0, 0),
  (224948, 223350, 0, 0),
  (224949, 223918, 0, 0),
  (224950, 223914, 0, 0),
  (224951, 223958, 0, 0),
  (224952, 223858, 0, 0),
  (224953, 223363, 0, 0),
  (224954, 223312, 0, 0),
  (224955, 223817, 0, 0),
  (224956, 223957, 0, 0),
  (224957, 223298, 0, 0),
  (224958, 223356, 0, 0),
  (224959, 223959, 0, 0),
  (224960, 223830, 0, 0),
  (224961, 223827, 0, 0),
  (224962, 223259, 0, 0),
  (224963, 223921, 0, 0),
  (224964, 223832, 0, 0),
  (224965, 223978, 0, 0),
  (224966, 223344, 0, 0),
  (224967, 223819, 0, 0),
  (224968, 223831, 0, 0),
  (224969, 224008, 0, 0),
  (224970, 223860, 0, 0),
  (224971, 223899, 0, 0),
  (224972, 223291, 0, 0),
  (224973, 223915, 0, 0),
  (224974, 224041, 0, 0),
  (224975, 223857, 0, 0),
  (224976, 223906, 0, 0),
  (224977, 223920, 0, 0),
  (224978, 223302, 0, 0),
  (224979, 223900, 0, 0),
  (224980, 223824, 0, 0),
  (224981, 223870, 0, 0),
  (224982, 223903, 0, 0),
  (224983, 223910, 0, 0),
  (224984, 223853, 0, 0),
  (224985, 223916, 0, 0),
  (224986, 223909, 0, 0),
  (224987, 223960, 0, 0),
  (224988, 224033, 0, 0),
  (224989, 223949, 0, 0),
  (224990, 223318, 0, 0),
  (224991, 223803, 0, 0),
  (224992, 223996, 0, 0),
  (224993, 223330, 0, 0),
  (224994, 223311, 0, 0),
  (224995, 223264, 0, 0),
  (224996, 223325, 0, 0),
  (224997, 223961, 0, 0),
  (224998, 224032, 0, 0),
  (224999, 223834, 0, 0),
  (225000, 223245, 0, 0),
  (225001, 223884, 0, 0),
  (225002, 223304, 0, 0),
  (225003, 224057, 0, 0),
  (225004, 223319, 0, 0),
  (225005, 223267, 0, 0),
  (225006, 223967, 0, 0),
  (225007, 223310, 0, 0),
  (225008, 223299, 0, 0),
  (225009, 223973, 0, 0),
  (225010, 224050, 0, 0),
  (225011, 223970, 0, 0),
  (225012, 223373, 0, 0),
  (225013, 223303, 0, 0),
  (225014, 223802, 0, 0),
  (225015, 223240, 0, 0),
  (225016, 224042, 0, 0),
  (225017, 223315, 0, 0),
  (225018, 224036, 0, 0),
  (225019, 224039, 0, 0),
  (225020, 223902, 0, 0),
  (225021, 223833, 0, 0),
  (225022, 223818, 0, 0),
  (225023, 223263, 0, 0),
  (225024, 223351, 0, 0),
  (225025, 223301, 0, 0),
  (225026, 223968, 0, 0),
  (225027, 223257, 0, 0),
  (225028, 223256, 0, 0);

INSERT INTO `timetable`.`sessions`(`academic_initiative`, `session_begin_date_time`, `classes_end_date_time`, `session_end_date_time`, `uniqueid`, `holidays`, `def_datepatt_id`, `status_type`, `last_modified_time`, `academic_year`, `academic_term`)
VALUES ('woebegon', '2007-08-20 00:00:00', '2007-12-08 23:59:00', '2007-12-15 23:59:00', 223206, '00000000000000000000000000000000000000000000000000000000000000001000000000000000000000000000000000022000000000000000000000000000000000000000000222200000000000000000000000000000000000000000000000000000000000000000000', 49, 267, NULL, '2007', 'Fal');

INSERT INTO `timetable`.`settings`(`uniqueid`, `name`, `default_value`, `allowed_values`, `description`)
VALUES (88, 'jsConfirm', 'yes', 'yes,no', 'Display confirmation dialogs'),
  (85, 'name', 'last-initial', 'last-first,first-last,initial-last,last-initial,first-middle-last,short', 'Instructor name display format'),
  (42, 'timeGrid', 'vertical', 'horizontal,vertical,text', 'Time grid display format'),
  (86, 'cfgAutoCalc', 'yes', 'yes,no', 'Automatically calculate number of classes and room size when editing configuration'),
  (87, 'timeGridSize', 'Workdays x Daytime', 'Workdays x Daytime,All Week x Daytime,Workdays x Evening,All Week x Evening,All Week x All Times', 'Time grid default selection'),
  (89, 'inheritInstrPref', 'never', 'ask,always,never', 'Inherit instructor preferences on a class'),
  (108, 'showVarLimits', 'no', 'yes,no', 'Show the option to set variable class limits'),
  (128, 'keepSort', 'no', 'yes,no', 'Sort classes on detail pages'),
  (168, 'roomFeaturesInOneColumn', 'yes', 'yes,no', 'Display Room Features In One Column');

INSERT INTO `timetable`.`solution`(`uniqueid`, `created`, `valid`, `commited`, `commit_date`, `note`, `creator`, `owner_id`, `last_modified_time`)
VALUES (806, '2007-06-06 17:02:27', 1, 1, '2007-06-06 17:03:11', NULL, 'IFS Timetable Solver v1.1 build127, Tue, 5 Jun 2007', 345, NULL),
  (807, '2007-06-06 17:02:42', 1, 1, '2007-06-06 17:03:14', NULL, 'IFS Timetable Solver v1.1 build127, Tue, 5 Jun 2007', 344, NULL);

INSERT INTO `timetable`.`solver_group`(`uniqueid`, `name`, `abbv`, `session_id`)
VALUES (345, 'Large Lecture Room', 'LLR', 223206),
  (344, 'Instructional Planning', 'Instr Plan', 223206);

INSERT INTO `timetable`.`solver_gr_to_tt_mgr`(`solver_group_id`, `timetable_mgr_id`)
VALUES (344, 473),
  (345, 472);

INSERT INTO `timetable`.`solver_info`(`uniqueid`, `type`, `value`, `opt`, `solver_info_def_id`, `solution_id`, `assignment_id`)
VALUES (274683, 2, 0x1f8b0800000000000000a593db4ec2401086ef7d8aa6f7942224a8194a043490a831a20fb0d00137d943b307a33ebdb33d40a1dc7937ff3fdffeed4cb730fd9622fa4263b956937890a471846aab73aef693f8e3fdb177134fb32bc0dc278537b9c7c44a6613c7253ab61124b5a0e389e7c9bdb57caf242af76a7087867270a576fa183f8a3350dac8773a1d982c4d52e89f38b041eb5e3a4cc705d754bd414ac04182d15a862ae2f9241edfde5ec735d234aa67bc35aa4e3f685066ed7c4e63ccb52adba706f597cce41de6dc246eaea5e40ebbeca506f10b6e1da3ad75f84b0de2c3369ef4361b05a611e487594239087e23c25c4c6239a760db175da694c805bfa6cb7d1fddb4a1cf7ca2cf33dbdd8ddbac9475e6b0efb6066e578a3bce44e68c47e81f3570c5ab5b953d47c3bb615a440f8b8f793448c7841d7af0c9c291e6bdea9833b30585513b50694281c6bda262c2fd5417af6d80d37ac6f76182ba02c9d59aff6218b929c15b1468ed9289dd527b6303dff120c7c2cd98a0af5a3da8a541b2ef45ab4dd92706ec8df605ad965658dfedb603b630c8f22ab6ae43e4ba651f25f4fff36f677fb4d1f4d941040000, NULL, 3, NULL, 142259),
  (274684, 2, 0x1f8b0800000000000000a593db4ec2401086ef7d8aa6f796564d3c64a851d040a2c6083cc04207dc640fcd1e8cfaf4cef644a1dc7937ff3fdffeed4cb770ff2d45f485c672adc67196a471846aa30bae76e378b57c3ebf89eff333c0c227a53785c7c44a6613c7253ab61624b5a0e389e7c983b57ca7242af76e708b867270aeb67a1f7f15e7a0b4914b3a1d983c4d52181d38b046ebde06ccc005d756e7594a4027c1682d4315f1621c5fdfde5ec40dd236ea677cb4aa49ef3428b370bea031265a55ed4383fa33668a01736c1237d152728743f65483f829b78ed1d606fca906f1611b2f7a935f05a615e48759429905bf15612e26b19a53b0cd9bae522ae484dfd0d5bef76edad2473ed1c799fdeedaade7ca3ad3edbbaf81dbb9e28e33913be311467b0d5cf1fa56e5af5176779996d1d3743589b2f49ab0ae079f2c1c69dfab8939327b5018750055269468dc3b2a26dc4f7df1fa0638ad1ff92e4cd05420b95af05f0c23b725788b02ad9d31b19d696f6ce0071e1458ba4726e8abd60fea6990ec7bda6b53f681013ba37d49aba5153677bbef802d0db2a28e6dea10b9e8d97b09a3fffcdbf91f215f452441040000, NULL, 3, NULL, 142260),
  (274685, 2, 0x1f8b0800000000000000a593db4ec2401086ef7d8aa6f794a2268a196a1434902831020fb0d00137d943b307833ebdb33d40a1dc7937ff3fdffeed4cb7f0b89722fa4663b956a37890a471846aa373ae76a378b57cedddc78fd91560ee93c29bdc636225b389e3121d5b0b925ad0f1c4f3e4c95abe531295fb30b845433938535b7d8cbf8d3350dac8259d0e4c962629f44f1c58a375f30ed371c135556f9012709060b496a18a783e8aef86c3ebb8469a46f58ccf46d5e9070dca2c9ccf698cb15665fbd4a0fe9499bcc39c9bc48db594dc6197bdd4207ec2ad63b4b50e7fa9417cd8c69bde64b7816904f96196500e82df8830179358ce29d866aecb9412b9e0d774b9efa39b36f4994ff47966bbbb76eb99b2ce1cf6ddd6c0ed4c71c799c89cf108fda306ae7875abb2f768f87093b2e865b21a4783f48eb0430fbe5838d2bc571d7366b6a0306a072a4d28d0b80f544cb89feae2b50d705a3ff35d98a0ae4072b5e0bf18466e4af016055a3b65623bd5ded8c0773cc8b170cf4cd057ad1ed4d220d97ed26a53f689013ba37d41aba515d677bbed802d0cb2bc8aadeb10b968d94709fdfffcdbd91fe23fd81d41040000, NULL, 3, NULL, 142261),
  (274686, 2, 0x1f8b0800000000000000a553c94ee34010bdcf5758be633bac19546904092891188426f0019db8125aeac5ea05015f4fb51dc74ecc8d5bbda59ffdca6db8f950327947eb84d19374941569827a6d4aa1b793f4f5e5e1649cdeb03f8065c8aa60cb809953dc655e28f47c25091a49c7b320b25be7c4562bd4fed9e2062de5e0426f4c177f9e32d0c6aa173a1d3dacc80ac80f1858a1f34f03cf8005bfd721dfcf608d51714a443949affe8e2f5376322ac8d20acd03feb76817bdc7a0edd287923a4c8daee54382f439b7e5c0734c926f6a94121e87de9f04f2cf84f39c5636f0ff24903faee2d1acd9456d6a1109b14c1c47916f412cc615d645255f3f993ae6b4ee37e477ee7adb1d5bb4ee239edcc7997d75e5570bedbcdd2fbc8f41b885165e70c9bc0d0879874168d1dc29f62f195f9f153cb99fbd4e935141cd3a0dde783cd2bed72ee688ec9962d581a926a142eb9f5173e93f9b6bd727c01b7327b6f57d6b2650422fc517b273c8db11824389cecdb9dccc4db02efa071c9458f93b2ee9b3360fea6150fc63d69329fb8080ad35a1a2d5d20aa3da87e02a8bbc6c327773cc5bf6e80e42fe9bdf9a7d033dfe0a243c040000, NULL, 3, NULL, 142262),
  (274687, 2, 0x1f8b0800000000000000a553db4ec240107df72b9abe5b8a9aa066a811d040620811f880850eb0c95e9abd18f5eb9d6d69299437dfce6d4f3bd32dbc7c4b117da1b15cab61dc4fd23842b5d53957fb61bc5ebddf3ec62fd90d60ee93c29bdc636225b389e3121ddb08a25ad0f1c4f3e4d55abe5712955b18dca1a11e9ca99d3ed53fc419286de48a4e874c962629f4ce14d8a075f34ea6a3826b7ce835188cd632a088e7c378f0f43888835fab55fb67cd8ebd0d076596cee734c058abd23e17c89f329377329722e5c65a4aeeb09bbd66507ec2ad63b4af4efe9a41f9b0870fbdcdfa8310aa1919619800ef835e93301893580e2ad876aecb9a7e395f573fa6cb559fd4b44e5fe894beec6cbb1bb79929eb4cb3f036076e678a3bce44e68c47e89d3870c5ab0b95ad5687a89f3edfa72c7a9bacc784ef28d9d87060e154fd6ac7a60bb1150ad37642a508051ab740c584fba9ae5d5b00a7f588efcbfb5621905c2df92f66f43e35046f51a0b553267653ed8d0df98e0639166ec4047dd9ea412d0e927d4f5a36759f09b037da17b45dda6270db146c6190e555e71187be654b3e51e8fde7b7cefe0007cb399b3c040000, NULL, 3, NULL, 142263),
  (274688, 2, 0x1f8b0800000000000000a593db6eda401086effb1496eff141416d5a0d1b359008a42a8a0a7980050f64a53d587ba8d23e7d676d0c0be62e77f3ffffb763cf780d0f1f4a667fd03a61f42caf8b2acf50ef4c23f46196bf6d9e27f7f903fb02d884a20db6095838c55de18542cfb792a49174bc08a2f8e99c386885dabf5adca3a53eb8d27b736e3fcd196863d5864e4786554505e585035b74fe65c48c5cf0a71cca530dd61815ab4c34b3fcdbf7fbaf399bd4152143d03fe0f7a08ead4f1ab45dfbd0d00c73a3bbf8d2a07cc96d3362ae4de2e64629e171ccde0a885f08e739ad6cc4df0a888fabf865766cda4183a2200e13cb3afa8388837185dda092ef5e4c32dfd83fd2ddb66fd0573ed1d7549a6efd76a59db7a785a71a845b69e10597ccdb80509e35082dfa3bc5369bf7acfe7157b5d9d3e26d9ed515cd764ee19dc743c39b1d1b5d990914871d419d092d5aff8a9a4bffb7bf78a901de984771e86e5c5f81127a2dfe219b423994101c4a746ec9e57e698275911f79d060eb1fb9a40fdb3f28d1a0f8c72289a9f78501076b424bcba525b2c95dbcdea903aeb5c89bbeedb18e2dd7897d96507ee6df66ff01585b379c41040000, NULL, 3, NULL, 142264),
  (274689, 2, 0x1f8b0800000000000000a593dd6ee2301085eff729a2dc37096da5d2d5e0aa855620ed5655a10f60c8402df927f2cfaabb4fbfe3848021dcf56ece399f279989030f5f4a667fd03a61f4241f15559ea1de985ae8dd24ff58bd5c8df307f603b00e45136c1db0708abbc20b859eaf254923e9781144f1e89cd86985dabf59dca2a53eb8d05b736c7f9b33d0c6aa159d8e0cab8a0aca1307d6e8fceb8019b8e00f3994871aac312a5699a827f9ddfd789cc7bc77bbeeefbddaf73d68d076e9434d034c8d6ee35383f239b7f5803937899b1aa584c7217b29207e269ce7b4af017f29203eeee197d9b0db16ea1505719858de44bf177130aeb01d54f2cdab49e61bfa7bba5df505facc273a51a348a5e9daaf17da797b5878aa41b885165e70c9bc0d08e55183d0a2bb50ecf74b76fff3a6e2d9f3ec639a8d2a1aed18c2278f67fa17dbf739331328ce3a805a131ab4fe0d3597fe6f77e95203bc314f62d7deb6ae0225f452fc43760d655f427028d1b93997dbb909d6457ee0418d8d7fe292be6bf7a04483e25fb324a6de2706ecac090ded9676c8aeae2b0252075c6391d75ddb7d1d5b2e13fb28a1fcce7fcdfe032fed34fd3d040000, NULL, 3, NULL, 142265),
  (274690, 2, 0x1f8b0800000000000000a593cb6edb301045f7fd0a41fbe881a6685c8c1924760b1b6883204e3e80b6c60e013e043e8ab45fdfa16459b4e55d7773ef3d1c694614dc7f2899fd46eb84d1f3bc2eaa3c43bd338dd08779fef6fae3e62ebf679f009b50b4c136010ba7b82bbc50e8f9569234928e1741140fce898356a8fdb3c53d5aea836bbd3763fbdb9c813656bdd2e9c8b0aaa8a03c73608bce3f4d98890bfe944379aac11aa3629589669e7f9dddcdf2980f6edffd6550c7be270dda6e7c68688085d15d7c6e50bee2b699309726710ba394f03865af05c42f85f39cf635e1af05c4c73dfc343bf6a5830645411c2696b7d11f441c8c2bec06957cf764ba361d72c53fd2ddaa47b71ae80b9fe844cd2295a65bbf5d6be7ed69e1a906e1d65a78c125f3362094a306a1457fa1d8afacfef6b96ab3efcbb7455657f4da6306ef3c1e19deebd8e6c24ca038ea04ea4c68d1fa67d45cfa3ffd9d4b0df0c63c8a4377d9fa0a94d01bf117590de550427028d1b91597fb9509d6457ee24183ad7fe4923e6bffa04483e21fcb24a6de67061cac092dad9656c86eea8a80d401d75ae44ddff658c7969bc41e2594fff35bb37fcff7baaf3c040000, NULL, 3, NULL, 142266),
  (274691, 2, 0x1f8b0800000000000000a593dd4ee3301085eff729a2dc931f015a584d8d9676512bad10dac203b8cdb46bc93f91ed20e0e9193b4de336dc7137e79ccf93ccc481bb3725b357b44e183dcbeba2ca33d45bd308bd9fe52fcf0f1737f91dfb01d87445dbd9a6c3c229ee0a2f147abe91248da4e345278adfce89bd56a8fd93c51d5aea832bbd3363fbab9c8136563dd3e9c0b0aaa8a03c716083ce3f4e98890bfe984379acc11aa34295896696ffbcbdb9cd433eb87df77f833af43d6ad076edbb8606981b1de35383f225b7cd843937899b1ba584c729fb5540fc4238cf695f13feab80f8b087bf66cbae2334280ac230a1bc0afe20c2605c611c54f2eda3896daee37c53ff40c7558f6e35d0673ed189aa2396c61bbf5969e7ed71e3a906e1565a78c125f3b64328470d428bfe46b187ecf2d765d5667f162ff3acae68b43183ff3c1c195eecd0e6cc4ca030eb048a26b468fd136a2efd7b7fe95203bc31f7621f6f5b5f81127a2d3e90d5500e25740e253ab7e472b7349d75819f78d060ebefb9a4efda3f28d1a0f8db2289a9f789017b6bba96564b2b6417754540ea806b2df2a66f7ba843cb75628f12caeffcd7ec13c476167d3d040000, NULL, 3, NULL, 142267),
  (274692, 2, 0x1f8b0800000000000000a593dd4edb401085effb1496ef71ec42458a268b4ad22a912a844878804d3c092bed8fb53f15f0f49db563671373c7dd9cef9c1d7bc66bb87f5332fb87d609a36779559479867a676aa10fb3fc65f3e76a9adfb36f8075289a60eb808553dc155e28f47c2b491a49c78b208a5fce898356a8fd93c53d5aea832bbd37a7f63739036dacdad0e998616551c2e48cc0169d7f1c654614fce0c364a8c11aa36295897a96dffe9c4ef3e8f7b4ebfedcab63df4183b66b1f6a1a606e746b9f03f297dcd6a3cc25a4dcdc28253c8eb39f19945f08e739ed6b94ffcca07cdcc35fb3633fda50afc888c3c4f226f25ec4c1b8c27650c9778fa66df3bd9d6fcc8fe976d5275af6e90b4ee944556d2cb5b77ebbd2cedb61e3a906e1565a78c125f336204c4e1a8416dd8d629bd7ecf6eebae4d9efc5cb3cabca6bca0d26bcf278a67fb3639f0b9884e2b0a3500ba141eb9f5073e9dfbb5b9702f0c63c8803abe8ba751528a1d7e20323ea4b080e253ab7e472bf34c1ba38f288418d8d7fe0923e6cf7a04483e26f8bc4a6de67000ed68486764b3b645755498194806b2cf2ba6b7bac63cb75824f12265ff9b1d97f469a4d963e040000, NULL, 3, NULL, 142268),
  (274693, 2, 0x1f8b0800000000000000a593dd6eda401085effb1496ef631b9528a11a366aa01148511405f2000b1ec84afb63ed4f95f6e93b6b63bce0dcf56ece39df8e3de3353c7c2a99fd46eb84d1f37c525479867a6f6aa18ff3fc7dfb74739f3fb06f8075289a60eb808553dc155e28f47c27491a49c78b208a9fce89a356a8fdabc5035aea836b7d3043fb69ce401babb6743a32ac2a2a282f1cd8a1f32f2366e4823fe7509e6bb0c6a85865a29ee777b3fb591ef3deedbabff5ead4f7ac41db8d0f350db030ba8d2f0dca57dcd623e6da246e6194121ec7ec5701f14be13ca77d8df8af02e2e31e9ecd9eddb650af2888c3c4721afd5ec4c1b8c27650c9f72fa66d73dbce37f64f74bbeac1ad7afaca273a51b348a5e9ceefd6da797b5e78aa41b8b5165e70c9bc0d08e5a04168d15d28b6fdc8a63fbe574df66bf9bec826158d3684f0c1e399fec54e7daecc048ab38ea0d68406ad7f45cda5ffd35dbad4006fcca338b6b7adab4009bd117f914da0ec4b080e253ab7e2f2b032c1bac88f3ca8b1f18f5cd277ed1e946850fc7399c4d4fbc280a335a1a1ddd20ed9cda4222075c0351679ddb53dd5b1e526b10709e5fffcd7ec1f9560b9253d040000, NULL, 3, NULL, 142269),
  (274694, 2, 0x1f8b0800000000000000a593cb6edb301045f7fd0a41fbe8d12448528c1934760a1b2882a0763e80b6c62e013e04922a927e7d879465d15676ddcdbdf770a41951f0f8ae64f607ad1346cff2baa8f20cf5ce34421f66f9dbe6c7d57dfec8be00365dd176b6e9b0708abbc20b859e6f254923e978d189e2bb73e2a0156aff6a718f96fae04aefcdd8fe2667a08d551b3a1d1856151594670e6cd1f997093371c19f72284f35586354a832d1ccf2bb87fb873ce483db77ff35a863df93066dd7be6b6880b9d1313e37285f72db4c984b93b8b9514a789cb29f05c42f84f39cf635e13f0b880f7bf86976ec364283a2200c13ca9be00f220cc615c64125dfbd98d8e636ce37f58f745cf5e856037de1139da83a6269bcf5db9576de9e369e6a106ea585175c326f3b8472d420b4e86f14db645fbf5d576df6bc789b677545a38d19fce6e1c8f062c7361766028559275034a145eb5f5173e93ffa4b971ae08d79128778dbfa0a94d06bf117590de55042e750a2734b2ef74bd35917f889070db6fe894bfaaefd83120d8abf2f92987a9f1970b0a66b69b5b44276555704a40eb8d6226ffab6c73ab45c27f628a1fc9fff9afd032f71f1d93d040000, NULL, 3, NULL, 142270),
  (274695, 2, 0x1f8b0800000000000000a593db4ec2401086ef7d8aa6f796221a0f196a1424901863041f60a1036eb287660f067d7a677ba250eebc9bffffbf9d76a65b78dc4b117da3b15cab713c4cd23842b5d13957bb71fcb99a5ddec58fd90560ee93c29bdc636225b389e3121d5b0b925ad0f1c4f3e4c95abe5312957b37b845437d70a1b6fad0fe3ace40692357743a30599aa4303872608dd6bdf5989e0baecd61d0d660b496a18a783e8e6fefef477176394c096982ea011f8daa5bb71a94593a9fd30c13adcaf8d8a07cce4cde634e4de2265a4aeeb0cf9e0b889f72eb18adacc79f0b880fab78d59becea26408da2200c13ca61f01b11066312cb4105dbbce9b2cda89cafefd774b9ed839b36f4894ff469cf6eba76eb85b2ceb40bef6ae076a1b8e34c64ce7884c1410357bcba53d92cba7d18a52c7a997e4ea2617a47589bc1170b479af7aadb9c981d288cda834a130a34ee1d1513eea7ba765d039cd6cf7c57deb7aa02c9d592ff62d8745382b728d0da3913dbb9f6c606bee7418e857b66823e6bf5a08e06c9f6d34e4cbd8f0cd819ed0b5a2dadb0bedc5d076c6190e555dbba0e2d971dfb2061f09f3f3bfb03953057353f040000, NULL, 3, NULL, 142271),
  (274696, 2, 0x1f8b0800000000000000a553d94ec240147df72b9abe538a4b14732951d040628c11fc80815e7092599a598cfaf5dee946a1bcf976cf32a7bda753987e4b117da1b15cab493c4ad23842b5d53957fb49fcb17e1edcc5d3ec0230f749e14dee31b192d9c471898e6d04412de878e279f2602ddf2b89cabd19dca1a11c5caa9d3ec45fc719286de49a4e074f9626290c8f18d8a075af3d4f8f05d7ea306c67305acb30453c9fc4b7e3f1559c0d4629591aa17ac07b83eae81683322be773da61a655291f13a42f98c97b9e53927c332d2577d8f79e13c83fe7d631aaace73f27903f54f1a2b7d9e54d30358884b04c1847816f40588c492c17156cfbaacb98cb72bf3e5fbbcbb60f6cdab84f78729f6676d58ddb2c9575a62dbc8b81dba5e28e339139e31186070c5cf1ea4e65eb687c7f95b2e869fe318b46e91dd95a0d3e5938d2bc571d7342764c61d59ea924a140e3de5031e17eaa6bd725c069fdc8f7e57dab26905cadf82f86a69b11bc4581d62e98d82db43736f4d1e320c7c23d32419fb57a50078364dff38e4cd94704ec8df605554b15d697bbcb802d0cb2bc8aade710b9ead00708c3fffcd9d91fc6d771c03f040000, NULL, 3, NULL, 142272),
  (274697, 2, 0x1f8b0800000000000000a593db4ec2401086ef7d8aa6f79656341e32d42868205143441f60a1036eb287660f467d7a677ba250efbc9bffffbf9d76a65bb8fd9222fa4463b95693384bd23842b5d10557bb49fcfef6787a15dfe62780854f4a6f0a8f8995cc268e4b746c2d486a41c713cf933b6bf94e49546e69708b86fae0426df5befd799c83d246bed1e9c0e46992c2e8c081355af73260062eb82e87515783d15a862ae2c524bebcbe1ec7f9699612d206f5035e5bd5b4ee3428b372bea019a65a55f1a141f99c9962c01c9bc44db594dce190fd2b207ec6ad63b4b201ff57407c58c593dee46717016a150561985066c16f45188c49ac06156cf3a2ab36e36abea1dfd0d5b6f76edad2473ed1c73dfbe9daad17ca3ad32dbcaf81db85e28e33913be311467b0d5cf1fa4ee5cf5196dd8c53163dccdea751965e11d785f0c1c299f6c59a3e47660f0ab30ea0ca84128d5ba262c27dd7f7ae6f80d3fa9eefaa0b575720b95af11f0cab6e4bf016055a3b67623bd7ded8c00f3c28b074f74cd077ad1fd4d320d9d7ac1753ef03037646fb92764b3b6c6e77df015b1a6445ddb6a943cb55cfde4b18fde7d7ce7f01fd4703fa40040000, NULL, 3, NULL, 142273),
  (274698, 2, 0x1f8b0800000000000000a593db4ec2401086ef7d8aa6f79656341e32d42868205143441f60a1036eb287660f467d7a677ba250efbc9bffffbf9d76a65bb8fd9222fa4463b95693384bd23842b5d10557bb49fcfef6787a15dfe62780854f4a6f0a8f8995cc268e4b746c2d486a41c713cf933b6bf94e49546e69708b86fae0426df5befd799c83d246bed1e9c0e46992c2e8c081355af73260062eb82e87515783d15a862ae2c524bebcbe1ec7f9699612d206f5035e5bd5b4ee3428b372bea019a65a55f1a141f99c9962c01c9bc44db594dce190fd2b207ec6ad63b4b201ff57407c58c593dee46717016a150561985066c16f45188c49ac06156cf3a2ab36e36abea1dfd0d5b6f76edad2473ed1c73dfbe9daad17ca3ad32dbcaf81db85e28e33913be311467b0d5cf1fa4ee5cf5176334ecbe861f63e8db2f48ab02e830f168eb4efd5b439327b5018750055269468dc121513eebbbe767d039cd6f77c57ddb7ba02c9d58aff60d8745b82b728d0da3913dbb9f6c6067ee04181a5bb67823e6bfda09e06c9be66bd987a1f18b033da97b45a5a6173b9fb0ed8d2202beab64d1d5aae7af65ec2e83f7f76fe0b57fc00613f040000, NULL, 3, NULL, 142274),
  (274699, 2, 0x1f8b0800000000000000a593494fc3301085effc8a2877d2848258340d8216d44a08215ac4d96da6c59297c80b027e3de36c4d1b6edce6bdf77992993870fb2545f489c672ad267196a471846aa30bae7693f86df5787a15dfe62780854f4a6f0a8f8995cc268e4b746c2d486a41c713cf933b6bf94e4954eec5e0160df5c185daea7dfbf33807a58d5cd1e9c0e46992c2e8c081355af73c60062eb82e87515783d15a862ae2c524bebcbe1ec7f9699612d206f5035e5bd5b4ee3428b374bea019a65a55f1a141f99c9962c01c9bc44db594dce190fd2b207ec6ad63b4b201ff57407c58c593dee46717016a150561985066c16f45188c49ac06156cf3acab36e36abea1dfd0d5b6f76edad2473ed1c73dfbe9daad17ca3ad32dbcaf81db85e28e33913be311467b0d5cf1fa4ee5ef5196dd8c53163dccdea651965e11d785f0c1c299f6c59a3e47660f0ab30ea0ca84128d7b41c584fbaeef5ddf00a7f53ddf5517aeae4072b5e43f1856dd96e02d0ab476cec476aebdb1811f785060e9ee99a0ef5a3fa8a741b2af592fa6de0706ec8cf625ed9676d8dceebe03b634c88aba6d538796cb9ebd9730facfaf9dff026e4f905c40040000, NULL, 3, NULL, 142275),
  (274700, 2, 0x1f8b0800000000000000a5934b4feb301085f7fc8a28fb9b075c8982a6419716d44a801005b1769b69af253f223f10f0eb19274deb36ddb19b73cee74966e2c0cda714c9071acbb51aa76556a409aa95aeb9da8cd3b7d7fb3fa3f4a63a03ac7dd678537bccac6436735ca2634b41520b3a9e799efdb3966f9444e59e0daed1501f9cabb5deb7ff9b56a0b491af743a30559115901f38b044eb9e06ccc005b7cb21dfd560b496a14a783d4e2faf46a334e4bddb757fe9d5b6ef4e83320be76b1a60a2551b1f1a94cf98a907ccb149dc444bc91d0ed95301f1536e1da37d0df85301f1610f0f7a55959701ea15056198505e04bf17613026b11d54b0d5938ee61bfa5bba5df509fac8273a5265a0e274e99673659dd92d3cd6c0ed5c71c799a89cf108f95e0357bcbb50d5e3fb7d529e5f5f144d72377d9b246541c3ed63f8cfc2a9fed5b69d8ecc080ad30ea0d684068d7b46c584fbeaae5d6c80d3fa966fdafbd65520b95af06facce21ef4bf016055a3b63623dd3ded8c00f3ca8b171b74cd097ed1e146990ec731ac5d4fbc0808dd1bea1edd216431a4bb08d4156773db775e8b788ecbd84fc37bf75f50343d7f43b3c040000, NULL, 3, NULL, 142276),
  (274701, 2, 0x1f8b0800000000000000a5534b4fc24010befb2b9ade2dad98a066a811d040a2c608c6f34207dc641fcd3e8cfaeb9d6d6929d49bb7f91ef3edce740bb75f52449f682cd76a1c67491a47a836bae06a378edf560fe757f16d7e0658f8a4f4a6f09858c96ce2b844c7d682a016d49e789edc59cb774aa2722f06b7682807176aab0ff197710e4a1bb9a2eee0c9d32485c111036bb4eeb9e7e9b1e05a1d066d0d466b19aa8817e378747d358a83deb075fa6b83f6b92d066596ce1734c054ab4a3e26489f3353f43ca724f9a65a4aeeb0effd4b20ff8c5bc7685f3dff5f02f9c31e1ef526cf46c1d42012c230a11c06be01613026b11a54b0cdb3ae62b26abe3ebf7757ab3eb069e33ee1c97d9ad955d76ebd50d69976e15d0cdc2e14779c89dc198f303860e08ad70f2a7f7a7f88b29b615a46f7b3b76994a517646c55f860a1a9b9d93ee884ec98c2b03d53454289c6bda062c27dd7afae4b80d37ac277d573ab2b905c2df90fe6749fa6046f51a0b57326b673ed8d0dfe1e0705966ec2047dd8faa00e06c9be661d99b28f08d819ed4b5a2e2d31a85d08b634c88a3a735f87bc65873e4018fce7afce7f014f03b8de3b040000, NULL, 3, NULL, 142277),
  (274702, 2, 0x1f8b0800000000000000a5935b4fdb401085dffb2b2cbfe38b40855693459014251245888078dec49374a5bd587ba9a0bfbeb3769c6ce2bcf136e79c6fc79ef11a6e3f94ccfea275c2e8495e17559ea15e9b46e8ed247f7b7db8b8c96fd937c026146db04dc0c229ee0a2f147abe92248da4e34510c59d7362ab156aff6c718396fae0426fcca1fd55ce401bab5ee97464585554501e39b042e79f46ccc805bfcfa1dcd7608d51b1ca4433c9af7fdc7ccfd9455d113204fd035e06b56bbdd7a0edd2878666981addc5c706e5736e9b11736a1237354a098f63f65c40fc4c38cf696523fe5c407c5cc5a359b3fa3a4283a2200ed305d11f441c8c2bec06957cfd6492f9c6fe8eeeb67d863ef1893ea5d274e5570bedbcdd2f3cd520dc420b2fb864de0684f2a04168d1df29f6fbfd21ab7f5e566df66bf636cdea8a663ba4f087c743c39bed1a9d980914871d419d092d5aff8c9a4bffd95fbcd4006fccbdd87637aeaf4009bd14ff905d413994101c4a746ecee5666e8275911f79d060ebefb9a40fdb3f28d1a0f8c72c89a9f791015b6b424bcba525c63495e05a8bbce97beeead86f99d80709e5577e6cf61fe741d2283e040000, NULL, 3, NULL, 142278),
  (274703, 2, 0x1f8b0800000000000000a5534b4fc24010befb2b9ade2dad98a066a811d040a2c608c6f34207dc641fcd3e8cfaeb9d6d6929d49bb7f91ef3edce740bb75f52449f682cd76a1c67491a47a836bae06a378edf560fe757f16d7e0658f8a4f4a6f09858c96ce2b844c7d682a016d49e789edc59cb774aa2722f06b7682807176aab0ff197710e4a1bb9a2eee0c9d32485c111036bb4eeb9e7e9b1e05a1d066d0d466b19aa8817e378747d358a83deb075fa6b83f6b92d066596ce1734c054ab4a3e26489f3353f43ca724f9a65a4aeeb0effd4b20ff8c5bc7685f3dff5f02f9c31e1ef526cf46c1d42012c230a11c06be01613026b11a54b0cdb3ae62b26abe3ebf7757ab3eb069e33ee1c97d9ad955d76ebd50d69976e15d0cdc2e14779c89dc198f303860e08ad70f2a7f7a7f88b2ec6698b2e87ef6368db2f4829cad0c1f2c743557db279d901d5398b667aa4828d1b817544cb8effad97509705a4ff8ae7a6f750592ab25ffc19ceed394e02d0ab476cec476aebdb1c1dfe3a0c0d24d98a02f5b1fd4c120d9d7ac2353f611013ba37d49dba52d06b50bc19606595167eeeb90b7ecd0070883fffcd6f92f294878bf3c040000, NULL, 3, NULL, 142279),
  (274704, 2, 0x1f8b0800000000000000a5534b4fc24010befb2b9ade2d454d5033d4286820514204e379a1036eb28f661f46fdf5cef645a1debccdf7986f77a65bb8fb9222fa4463b956e37898a471846aab73aef6e3f86dfd747e1ddf656780b94f0a6f728f8995cc268e4b746c23086a41ed89e7c9bdb57caf242ab734b843433938573b7d88bf8a3350dac83575074f9626290c8e18d8a0758b9ea7c7826b7518b43518ad65a8229e8fe3d1cdf5280e7ac356e9af0daa735b0ccaac9ccf69808956a57c4c903e6326ef794e49f24db494dc61dffb9740fe29b78ed1be7afebf04f2873d3ceb6d361c0553834808c384f232f00d08833189e5a0826d17ba8c1996f3f5f9da5daefac0a68dfb8427f7696657ddb8cd5c5967da857731703b57dc712632673cc2e080812b5e3da8ece5fd291add5ea62c7a9cbe4da2617a41c656850f169a9a9bd5412764c71486ed994a120a346e898a09f75dbdba2e014eeb07be2f9f5b5581e46ac57f30a3fb3425788b02ad9d31b19b696f6cf0f738c8b1700f4cd087ad0eea6090ec6bda9129fb8880bdd1bea0e5d21283da85600b832caf32eb3ae4ad3af401c2e03f7f75f60b957969ed3b040000, NULL, 3, NULL, 142280),
  (274705, 2, 0x1f8b0800000000000000a593dd4ec2401085ef7d8aa6f7960226a819d628682031c6083ec04207dc647f9afd31ead33bdbd252a877decd9cf3ed6967ba85bb2f25934fb44e183d4d87599e26a8b7a6107a3f4ddfd74f97d7e91dbb002c4256065b04cc9ce22ef342a1e71b49ad91743c0b22bb774eecb542ed5f2deed0520e2ef5ce1ce3af5206da58b5a6d391617996c3e044810d3affd2637a2af8d687415b833546c52a11c5349ddc5c4fd2e8376a9dfed67487dcb6076d573e1434c0cce8ca3e15c85f705bf4987391b899514a78ecb37f19c4cf85f39cf6d5e3ff32888f7b78365b369c44a8e9c888c3c4721cf5a689837185d5a0926f5f4c1533ace6ebeb07ba5af551cd1bfa4c27fa3cb3eb6efc66a99db7edc2bb3d08b7d4c20b2e99b7016170ec4168515f28b65e7f24e3db3c2f93c7f9fb2c19e623025b173e783cd4bcd921e84cec4071d81e548950a2f5afa8b9f4dff5adeb0ae08d7910fbeabad51528a157e20719bd4f53427028d1b90597bb8509d645bea74181a57fe0923e6cfda04e0f8a7fcd3b36659f08b0b72694b45c5a22bb1ce504741570a5455ed4b1873a46ae3af2b185c17f7e6cf60b27d45bb93e040000, NULL, 3, NULL, 142281),
  (274706, 2, 0x1f8b0800000000000000a593cb6edb301045f7fd0a41fb48b253206e3166d0d8096c200d823a41d7b4357609f021f01124fdfa0e25cba2adecba9b7befe14833a2e0f65dc9ec0dad1346cff34951e519ea9da9853eccf3d79787ab597ecbbe00d6a16882ad03164e715778a1d0f3ad2469241d2f82287e38270e5aa1f6cf16f768a90faef5de0cedbfe60cb4b1ea854e4786554505e599035b74fe69c48c5cf0a71cca530dd61815ab4cd4f3fce6db6c96c7bc77bbeebf7a75ec7bd2a0edc6879a065818ddc6e706e52b6eeb11736912b7304a098f63f6b380f8a5709ed3be46fc6701f1710f8f66c7263711ea15057198585e47bf177130aeb01d54f2dd9349e61bfb47ba5df5e04e7afac227fa924ad3addfaeb5f3f6b4f05483706b2dbce092791b10ca4183d0a2bb50ece7ef876cfafdba6ab2fbe5eb229b5434db90c21f1e0ff56f766c746126501c7604b5263468fd336a2efd4777eb5203bc3177e2d05eb7ae0225f446fc453685b22f213894e8dc8acbfdca04eb223ff2a0c6c6df71491fb67b50a241f1f7651253ef33030ed68486964b4b6457d38a80d401d758e475d7f658c7969bc41e2494fff363b37f19077b073e040000, NULL, 3, NULL, 142282),
  (274707, 2, 0x1f8b0800000000000000a553db4ec240107df72b9abe5bdaa8f192a1464003893146e003163ae0267b69f662d0af77b6175aa86fbecdb9ecd99de9141e0f52445f682cd76a1c67491a47a8b6bae06a3f8ed7ab97cbbbf831bf002c7c527a53784cac6436715ca2631b41500b3a9e789e3c59cbf74aa272ef0677682807176aa7bbf8eb3807a58d5cd1e9e0c9d32485d109031bb4ee6de019b0e08e3a8c8e3518ad65a8225e8ce3dbfbfbab38bfcc52b2b4427dc1478b9ae823066596ce17d4c354ab4a3e25489f33530c3ce724f9a65a4aee70e8fd4b20ff8c5bc7686403ff5f02f9c3285ef536bfa94c2d22213413ca2cf02d088d318955a3826ddf74157357f537e41b7735ed8e4d5bf7194feef3ccbeba719b85b2ce1c07dec7c0ed4271c799c89df108a30e0357bcdea97c15650f5769193dcfd6d3284be98a4e834f168eb4ef6a62cec89e29b43a3055249468dc3b2a26dc77bd767d029cd613beaff6adae4072b5e43f1826dd96e02d0ab476cec46eaebdb1c13fe0a0c0d24d98a0cf5a5fd4c320d961d69329fb8480bdd1bea4d1d2089be5ee33604b83aca8639b3a442e7b740761f49f3f3bff0583fd0a433f040000, NULL, 3, NULL, 142283),
  (274708, 2, 0x1f8b0800000000000000a553db4ec240107df72b9abe5b4ad40866a851d040620811fc80850eb8c95e9abd18f4eb9ded8516ea9b6f732e7b76673a85c7a314d1171acbb59ac4c3248d23543b9d737598c41f9bd7eb51fc985d01e63e29bcc93d2656329b382ed1b1ad20a8051d4f3c4f9eace5072551b995c13d1acac185daeb36fe36ce40692337743a78b234496170c6c016ad5bf63c3d16dc4987c1a906a3b50c55c4f3497c3f1edfc4d9f530254b235417bc37a88e3e615066ed7c4e3d4cb52ae57382f4393379cf7349926faaa5e40efbdebf04f2cfb8758c46d6f3ff25903f8ce24defb2bbd2d420124233a11c06be01a13126b16c54b0dd529731a3b2bf3e5fbbcb69b76cdab82f78725f6676d5addb2e9475e634f02e066e178a3bce44e68c4718b418b8e2d54e659b68f47093b2e865f6318d86295dd16af0c9c291e65d75cc05d93185567ba69284028d5ba162c27d576bd725c069fdcc0fe5be551548aed6fc07c3a49b12bc4581d6ce99d8cfb53736f87b1ce458b86726e8b35617753048769c7564ca3e23e060b42f68b434c27ab9bb0cd8c220cbabd8ba0e91eb0edd4218fce7cfce7e012ad9f7e93f040000, NULL, 3, NULL, 142284),
  (274709, 2, 0x1f8b0800000000000000a553db4ec240107df72b9abe5b4ad00866a851d040620811fc80850eb8c95e9abd18f5eb9ded8516ea9b6f732e7b76673a85872f29a24f34966b358d87491a47a8f63ae7ea388ddfb72fd7e3f821bb02cc7d5278937b4cac6436715ca2633b41500b3a9e789e3c5acb8f4aa2726b83073494834b75d06dfc4d9c81d2466ee974f0646992c2e08c811d5ab7ea797a2cb8930e83530d466b19aa88e7d3f86e3219c5d9f530254b235417bc35a88e3e615066e37c4e3dccb42ae57382f4053379cf7349926fa6a5e40efbdebf04f2cfb9758c46d6f3ff25903f8ce255efb3dbd2d420124233a11c06be01a13126b16c54b0fd4a9731e3b2bf3e5fbbcb69b76cdab82f78725f6676d59ddb2d9575e634f02e066e978a3bce44e68c4718b418b8e2d54e65db68743f4a8be879fe3e8b86295dd16af0c1c291e65d75cc05d93185567ba69284028d5ba362c27d576bd725c069fdc48fe5be551548ae36fc07c3a49b12bc4581d62e98382cb43736f87b1ce458b82726e8b35617753048f635efc8947d46c0d1685fd0686984f5727719b085419657b1751d22371dba8530f8cf9f9dfd021673bbbe3f040000, NULL, 3, NULL, 142285),
  (274710, 2, 0x1f8b0800000000000000a553db4ec240107df72b9abe5bdaa8f192a1464003893146e003163ac0267b69f662d4af77b6175aa86fbecdb9ecd99de9141ebfa4883ed158aed538ce92348e506d75c1d57e1caf572f9777f1637e0158f8a4f4a6f09858c96ce2b844c73682a016743cf13c79b296ef9544e5de0deed0500e2ed44e77f1d7710e4a1bb9a2d3c193a7490aa313063668dddbc03360c11d75181d6b305acb5045bc18c7b7f7f757717e99a5646985fa828f1635d1470cca2c9d2fa887a956957c4a903e67a61878ce49f24db594dce1d0fb9740fe19b78ed1c806febf04f28751bcea6d7e53995a444268269459e05b101a6312ab4605dbbee92ae6aeea6fc837ee6ada1d9bb6ee339edce7997d75e3360b659d390ebc8f81db85e28e33913be311461d06ae78bd53f9ea1065d9c355caa2e7d97a1a65295dd2a97060e150fbb226e88cec9942b30353454289c6bda362c27dd78bd727c0693de1fb6ae3ea0a24574bfe8361d66d09dea2406be74cece6da1b1bfc030e0a2cdd8409fab0f5453d0c927dcd7a32659f10b037da97345c1a62b3de7d066c699015756c5387c8658fee208cfef36fe7bf1163cdeb41040000, NULL, 3, NULL, 142286),
  (274711, 3, 0x1f8b08000000000000009d8ebb0ec23010047bbe22728f0d1dc5c52900a31434106a64f0253a293e477e203e9f28556aaad5ac34ab85e6ebc7ea833151e05aece54e54c8efe088875a3c3ab33d88466f005d915389aea04cde2699c963b6af71c630ceba2c242f3194e91838e5688973cb7d582d0b0d6c3dea536bccb36baf67500bc314b1d737504b02a5bbcd947a42a7732c086add80faf388fe0120109551e9000000, '1', 4, NULL, NULL),
  (274712, 3, 0x1f8b08000000000000009d8ebb0ec23010047bbe22728f0d1dc5c52900a31434106a64f0253a293e477e203e9f28556aaad5ac34ab85e6ebc7ea833151e05aece54e54c8efe088875a3c3ab33d88466f005d915389aea04cde2699c963b6af71c630ceba2c242f3194e91838e5688973cb7d582d0b0d6c3dea536bccb36baf67500bc314b1d737504b02a5bbcd947a42a7732c086add80faf388fe0120109551e9000000, '1', 4, NULL, NULL),
  (274713, 3, 0x1f8b08000000000000009d8ebb0ec23010047bbe22728f0d1dc5c52900a31434106a64f0253a293e477e203e9f28556aaad5ac34ab85e6ebc7ea833151e05aece54e54c8efe088875a3c3ab33d88466f005d915389aea04cde2699c963b6af71c630ceba2c242f3194e91838e5688973cb7d582d0b0d6c3dea536bccb36baf67500bc314b1d737504b02a5bbcd947a42a7732c086add80faf388fe0120109551e9000000, '1', 4, NULL, NULL),
  (274714, 3, 0x1f8b08000000000000009d8ebb0ec23010047bbe22728f0d1dc5c52900a31434106a64f0253a293e477e203e9f28556aaad5ac34ab85e6ebc7ea833151e05aece54e54c8efe088875a3c3ab33d88466f005d915389aea04cde2699c963b6af71c630ceba2c242f3194e91838e5688973cb7d582d0b0d6c3dea536bccb36baf67500bc314b1d737504b02a5bbcd947a42a7732c086add80faf388fe0120109551e9000000, '1', 4, NULL, NULL),
  (274715, 3, 0x1f8b08000000000000009d8ebb0ec23010047bbe22728f0d1dc5c52900a31434106a64f0253a293e477e203e9f28556aaad5ac34ab85e6ebc7ea833151e05aece54e54c8efe088875a3c3ab33d88466f005d915389aea04cde2699c963b6af71c630ceba2c242f3194e91838e5688973cb7d582d0b0d6c3dea536bccb36baf67500bc314b1d737504b02a5bbcd947a42a7732c086add80faf388fe0120109551e9000000, '1', 4, NULL, NULL),
  (274716, 3, 0x1f8b08000000000000009d8ebb0ec23010047bbe22728f0d1dc5c52900a31434106a64f0253a293e477e203e9f28556aaad5ac34ab85e6ebc7ea833151e05aece54e54c8efe088875a3c3ab33d88466f005d915389aea04cde2699c963b6af71c630ceba2c242f3194e91838e5688973cb7d582d0b0d6c3dea536bccb36baf67500bc314b1d737504b02a5bbcd947a42a7732c086add80faf388fe0120109551e9000000, '1', 4, NULL, NULL),
  (274717, 3, 0x1f8b08000000000000009d8ebb0ec23010047bbe22728f0d1dc5c52900a31434106a64f0253a293e477e203e9f28556aaad5ac34ab85e6ebc7ea833151e05aece54e54c8efe088875a3c3ab33d88466f005d915389aea04cde2699c963b6af71c630ceba2c242f3194e91838e5688973cb7d582d0b0d6c3dea536bccb36baf67500bc314b1d737504b02a5bbcd947a42a7732c086add80faf388fe0120109551e9000000, '1', 4, NULL, NULL),
  (274718, 3, 0x1f8b08000000000000009d8ebb0ec23010047bbe22728f0d1dc5c52900a31434106a64f0253a293e477e203e9f28556aaad5ac34ab85e6ebc7ea833151e05aece54e54c8efe088875a3c3ab33d88466f005d915389aea04cde2699c963b6af71c630ceba2c242f3194e91838e5688973cb7d582d0b0d6c3dea536bccb36baf67500bc314b1d737504b02a5bbcd947a42a7732c086add80faf388fe0120109551e9000000, '1', 4, NULL, NULL),
  (274719, 3, 0x1f8b08000000000000009d8ebb0ec23010047bbe22728f0d1dc5c52900a31434106a64f0253a293e477e203e9f28556aaad5ac34ab85e6ebc7ea833151e05aece54e54c8efe088875a3c3ab33d88466f005d915389aea04cde2699c963b6af71c630ceba2c242f3194e91838e5688973cb7d582d0b0d6c3dea536bccb36baf67500bc314b1d737504b02a5bbcd947a42a7732c086add80faf388fe0120109551e9000000, '1', 4, NULL, NULL),
  (274720, 3, 0x1f8b08000000000000009d8ebb0ec23010047bbe22728f0d1dc5c52900a31434106a64f0253a293e477e203e9f28556aaad5ac34ab85e6ebc7ea833151e05aece54e54c8efe088875a3c3ab33d88466f005d915389aea04cde2699c963b6af71c630ceba2c242f3194e91838e5688973cb7d582d0b0d6c3dea536bccb36baf67500bc314b1d737504b02a5bbcd947a42a7732c086add80faf388fe0120109551e9000000, '1', 4, NULL, NULL),
  (274721, 3, 0x1f8b08000000000000009d8ebb0ec23010047bbe22728f0d1dc5c52900a31434106a64f0253a293e477e203e9f28556aaad5ac34ab85e6ebc7ea833151e05aece54e54c8efe088875a3c3ab33d88466f005d915389aea04cde2699c963b6af71c630ceba2c242f3194e91838e5688973cb7d582d0b0d6c3dea536bccb36baf67500bc314b1d737504b02a5bbcd947a42a7732c086add80faf388fe0120109551e9000000, '1', 4, NULL, NULL),
  (274722, 3, 0x1f8b08000000000000009d8ebb0ec23010047bbe22728f0d1dc5c52900a31434106a64f0253a293e477e203e9f28556aaad5ac34ab85e6ebc7ea833151e05aece54e54c8efe088875a3c3ab33d88466f005d915389aea04cde2699c963b6af71c630ceba2c242f3194e91838e5688973cb7d582d0b0d6c3dea536bccb36baf67500bc314b1d737504b02a5bbcd947a42a7732c086add80faf388fe0120109551e9000000, '1', 4, NULL, NULL),
  (274723, 3, 0x1f8b08000000000000009d8ebb0ec23010047bbe22728f0d1dc5c52900a31434106a64f0253a293e477e203e9f28556aaad5ac34ab85e6ebc7ea833151e05aece54e54c8efe088875a3c3ab33d88466f005d915389aea04cde2699c963b6af71c630ceba2c242f3194e91838e5688973cb7d582d0b0d6c3dea536bccb36baf67500bc314b1d737504b02a5bbcd947a42a7732c086add80faf388fe0120109551e9000000, '1', 4, NULL, NULL),
  (274724, 3, 0x1f8b08000000000000009d8ebb0ec23010047bbe22728f0d1dc5c52900a31434106a64f0253a293e477e203e9f28556aaad5ac34ab85e6ebc7ea833151e05aece54e54c8efe088875a3c3ab33d88466f005d915389aea04cde2699c963b6af71c630ceba2c242f3194e91838e5688973cb7d582d0b0d6c3dea536bccb36baf67500bc314b1d737504b02a5bbcd947a42a7732c086add80faf388fe0120109551e9000000, '1', 4, NULL, NULL),
  (274725, 3, 0x1f8b08000000000000009d8ebb0ec23010047bbe22728f0d1dc5c52900a31434106a64f0253a293e477e203e9f28556aaad5ac34ab85e6ebc7ea833151e05aece54e54c8efe088875a3c3ab33d88466f005d915389aea04cde2699c963b6af71c630ceba2c242f3194e91838e5688973cb7d582d0b0d6c3dea536bccb36baf67500bc314b1d737504b02a5bbcd947a42a7732c086add80faf388fe0120109551e9000000, '1', 4, NULL, NULL),
  (274726, 3, 0x1f8b08000000000000009d8ebb0ec23010047bbe22728f0d1dc5c52900a31434106a64f0253a293e477e203e9f28556aaad5ac34ab85e6ebc7ea833151e05aece54e54c8efe088875a3c3ab33d88466f005d915389aea04cde2699c963b6af71c630ceba2c242f3194e91838e5688973cb7d582d0b0d6c3dea536bccb36baf67500bc314b1d737504b02a5bbcd947a42a7732c086add80faf388fe0120109551e9000000, '1', 4, NULL, NULL),
  (274727, 3, 0x1f8b08000000000000009d8ebb0ec23010047bbe22728f0d1dc5c52900a31434106a64f0253a293e477e203e9f28556aaad5ac34ab85e6ebc7ea833151e05aece54e54c8efe088875a3c3ab33d88466f005d915389aea04cde2699c963b6af71c630ceba2c242f3194e91838e5688973cb7d582d0b0d6c3dea536bccb36baf67500bc314b1d737504b02a5bbcd947a42a7732c086add80faf388fe0120109551e9000000, '1', 4, NULL, NULL),
  (274728, 3, 0x1f8b08000000000000009d8ebb0ec23010047bbe22728f0d1dc5c52900a31434106a64f0253a293e477e203e9f28556aaad5ac34ab85e6ebc7ea833151e05aece54e54c8efe088875a3c3ab33d88466f005d915389aea04cde2699c963b6af71c630ceba2c242f3194e91838e5688973cb7d582d0b0d6c3dea536bccb36baf67500bc314b1d737504b02a5bbcd947a42a7732c086add80faf388fe0120109551e9000000, '1', 4, NULL, NULL),
  (274729, 3, 0x1f8b08000000000000009d8ebb0ec23010047bbe22728f0d1dc5c52900a31434106a64f0253a293e477e203e9f28556aaad5ac34ab85e6ebc7ea833151e05aece54e54c8efe088875a3c3ab33d88466f005d915389aea04cde2699c963b6af71c630ceba2c242f3194e91838e5688973cb7d582d0b0d6c3dea536bccb36baf67500bc314b1d737504b02a5bbcd947a42a7732c086add80faf388fe0120109551e9000000, '1', 4, NULL, NULL),
  (274730, 3, 0x1f8b08000000000000009d8ebb0ec23010047bbe22728f0d1dc5c52900a31434106a64f0253a293e477e203e9f28556aaad5ac34ab85e6ebc7ea833151e05aece54e54c8efe088875a3c3ab33d88466f005d915389aea04cde2699c963b6af71c630ceba2c242f3194e91838e5688973cb7d582d0b0d6c3dea536bccb36baf67500bc314b1d737504b02a5bbcd947a42a7732c086add80faf388fe0120109551e9000000, '1', 4, NULL, NULL),
  (274731, 3, 0x1f8b08000000000000009d8ebb0ec23010047bbe22728f0d1dc5c52900a31434106a64f0253a293e477e203e9f28556aaad5ac34ab85e6ebc7ea833151e05aece54e54c8efe088875a3c3ab33d88466f005d915389aea04cde2699c963b6af71c630ceba2c242f3194e91838e5688973cb7d582d0b0d6c3dea536bccb36baf67500bc314b1d737504b02a5bbcd947a42a7732c086add80faf388fe0120109551e9000000, '1', 4, NULL, NULL),
  (274732, 3, 0x1f8b08000000000000009d8ebb0ec23010047bbe22728f0d1dc5c52900a31434106a64f0253a293e477e203e9f28556aaad5ac34ab85e6ebc7ea833151e05aece54e54c8efe088875a3c3ab33d88466f005d915389aea04cde2699c963b6af71c630ceba2c242f3194e91838e5688973cb7d582d0b0d6c3dea536bccb36baf67500bc314b1d737504b02a5bbcd947a42a7732c086add80faf388fe0120109551e9000000, '1', 4, NULL, NULL),
  (274733, 3, 0x1f8b08000000000000009d8ebb0ec23010047bbe22728f0d1dc5c52900a31434106a64f0253a293e477e203e9f28556aaad5ac34ab85e6ebc7ea833151e05aece54e54c8efe088875a3c3ab33d88466f005d915389aea04cde2699c963b6af71c630ceba2c242f3194e91838e5688973cb7d582d0b0d6c3dea536bccb36baf67500bc314b1d737504b02a5bbcd947a42a7732c086add80faf388fe0120109551e9000000, '1', 4, NULL, NULL),
  (274734, 3, 0x1f8b08000000000000009d8ebb0ec23010047bbe22728f0d1dc5c52900a31434106a64f0253a293e477e203e9f28556aaad5ac34ab85e6ebc7ea833151e05aece54e54c8efe088875a3c3ab33d88466f005d915389aea04cde2699c963b6af71c630ceba2c242f3194e91838e5688973cb7d582d0b0d6c3dea536bccb36baf67500bc314b1d737504b02a5bbcd947a42a7732c086add80faf388fe0120109551e9000000, '1', 4, NULL, NULL),
  (274735, 3, 0x1f8b08000000000000009d8ebb0ec23010047bbe22728f0d1dc5c52900a31434106a64f0253a293e477e203e9f28556aaad5ac34ab85e6ebc7ea833151e05aece54e54c8efe088875a3c3ab33d88466f005d915389aea04cde2699c963b6af71c630ceba2c242f3194e91838e5688973cb7d582d0b0d6c3dea536bccb36baf67500bc314b1d737504b02a5bbcd947a42a7732c086add80faf388fe0120109551e9000000, '1', 4, NULL, NULL),
  (274736, 3, 0x1f8b08000000000000009d8ebb0ec23010047bbe22728f0d1dc5c52900a31434106a64f0253a293e477e203e9f28556aaad5ac34ab85e6ebc7ea833151e05aece54e54c8efe088875a3c3ab33d88466f005d915389aea04cde2699c963b6af71c630ceba2c242f3194e91838e5688973cb7d582d0b0d6c3dea536bccb36baf67500bc314b1d737504b02a5bbcd947a42a7732c086add80faf388fe0120109551e9000000, '1', 4, NULL, NULL),
  (274737, 3, 0x1f8b08000000000000009d8ebb0ec23010047bbe22728f0d1dc5c52900a31434106a64f0253a293e477e203e9f28556aaad5ac34ab85e6ebc7ea833151e05aece54e54c8efe088875a3c3ab33d88466f005d915389aea04cde2699c963b6af71c630ceba2c242f3194e91838e5688973cb7d582d0b0d6c3dea536bccb36baf67500bc314b1d737504b02a5bbcd947a42a7732c086add80faf388fe0120109551e9000000, '1', 4, NULL, NULL),
  (274738, 3, 0x1f8b08000000000000009d8ebb0ec23010047bbe22728f0d1dc5c52900a31434106a64f0253a293e477e203e9f28556aaad5ac34ab85e6ebc7ea833151e05aece54e54c8efe088875a3c3ab33d88466f005d915389aea04cde2699c963b6af71c630ceba2c242f3194e91838e5688973cb7d582d0b0d6c3dea536bccb36baf67500bc314b1d737504b02a5bbcd947a42a7732c086add80faf388fe0120109551e9000000, '1', 4, NULL, NULL),
  (274739, 3, 0x1f8b08000000000000009d8ebb0ec23010047bbe22728f0d1dc5c52900a31434106a64f0253a293e477e203e9f28556aaad5ac34ab85e6ebc7ea833151e05aece54e54c8efe088875a3c3ab33d88466f005d915389aea04cde2699c963b6af71c630ceba2c242f3194e91838e5688973cb7d582d0b0d6c3dea536bccb36baf67500bc314b1d737504b02a5bbcd947a42a7732c086add80faf388fe0120109551e9000000, '1', 4, NULL, NULL),
  (274740, 3, 0x1f8b08000000000000009d8ebb0ec23010047bbe22728f0d1dc5c52900a31434106a64f0253a293e477e203e9f28556aaad5ac34ab85e6ebc7ea833151e05aece54e54c8efe088875a3c3ab33d88466f005d915389aea04cde2699c963b6af71c630ceba2c242f3194e91838e5688973cb7d582d0b0d6c3dea536bccb36baf67500bc314b1d737504b02a5bbcd947a42a7732c086add80faf388fe0120109551e9000000, '1', 4, NULL, NULL),
  (274741, 3, 0x1f8b08000000000000009d8ebb0ec23010047bbe22728f0d1dc5c52900a31434106a64f0253a293e477e203e9f28556aaad5ac34ab85e6ebc7ea833151e05aece54e54c8efe088875a3c3ab33d88466f005d915389aea04cde2699c963b6af71c630ceba2c242f3194e91838e5688973cb7d582d0b0d6c3dea536bccb36baf67500bc314b1d737504b02a5bbcd947a42a7732c086add80faf388fe0120109551e9000000, '1', 4, NULL, NULL),
  (274742, 3, 0x1f8b08000000000000009d8ebb0ec23010047bbe22728f0d1dc5c52900a31434106a64f0253a293e477e203e9f28556aaad5ac34ab85e6ebc7ea833151e05aece54e54c8efe088875a3c3ab33d88466f005d915389aea04cde2699c963b6af71c630ceba2c242f3194e91838e5688973cb7d582d0b0d6c3dea536bccb36baf67500bc314b1d737504b02a5bbcd947a42a7732c086add80faf388fe0120109551e9000000, '1', 4, NULL, NULL),
  (274743, 3, 0x1f8b08000000000000009d8ebb0ec23010047bbe22728f0d1dc5c52900a31434106a64f0253a293e477e203e9f28556aaad5ac34ab85e6ebc7ea833151e05aece54e54c8efe088875a3c3ab33d88466f005d915389aea04cde2699c963b6af71c630ceba2c242f3194e91838e5688973cb7d582d0b0d6c3dea536bccb36baf67500bc314b1d737504b02a5bbcd947a42a7732c086add80faf388fe0120109551e9000000, '1', 4, NULL, NULL),
  (274744, 3, 0x1f8b08000000000000009d8ebb0ec23010047bbe22728f0d1dc5c52900a31434106a64f0253a293e477e203e9f28556aaad5ac34ab85e6ebc7ea833151e05aece54e54c8efe088875a3c3ab33d88466f005d915389aea04cde2699c963b6af71c630ceba2c242f3194e91838e5688973cb7d582d0b0d6c3dea536bccb36baf67500bc314b1d737504b02a5bbcd947a42a7732c086add80faf388fe0120109551e9000000, '1', 4, NULL, NULL),
  (274745, 3, 0x1f8b08000000000000009d8ebb0ec23010047bbe22728f0d1dc5c52900a31434106a64f0253a293e477e203e9f28556aaad5ac34ab85e6ebc7ea833151e05aece54e54c8efe088875a3c3ab33d88466f005d915389aea04cde2699c963b6af71c630ceba2c242f3194e91838e5688973cb7d582d0b0d6c3dea536bccb36baf67500bc314b1d737504b02a5bbcd947a42a7732c086add80faf388fe0120109551e9000000, '1', 4, NULL, NULL),
  (274746, 3, 0x1f8b08000000000000009d8ebb0ec23010047bbe22728f0d1dc5c52900a31434106a64f0253a293e477e203e9f28556aaad5ac34ab85e6ebc7ea833151e05aece54e54c8efe088875a3c3ab33d88466f005d915389aea04cde2699c963b6af71c630ceba2c242f3194e91838e5688973cb7d582d0b0d6c3dea536bccb36baf67500bc314b1d737504b02a5bbcd947a42a7732c086add80faf388fe0120109551e9000000, '1', 4, NULL, NULL),
  (274747, 3, 0x1f8b08000000000000009d8ebb0ec23010047bbe22728f0d1dc5c52900a31434106a64f0253a293e477e203e9f28556aaad5ac34ab85e6ebc7ea833151e05aece54e54c8efe088875a3c3ab33d88466f005d915389aea04cde2699c963b6af71c630ceba2c242f3194e91838e5688973cb7d582d0b0d6c3dea536bccb36baf67500bc314b1d737504b02a5bbcd947a42a7732c086add80faf388fe0120109551e9000000, '1', 4, NULL, NULL),
  (274748, 3, 0x1f8b08000000000000009d8ebb0ec23010047bbe22728f0d1dc5c52900a31434106a64f0253a293e477e203e9f28556aaad5ac34ab85e6ebc7ea833151e05aece54e54c8efe088875a3c3ab33d88466f005d915389aea04cde2699c963b6af71c630ceba2c242f3194e91838e5688973cb7d582d0b0d6c3dea536bccb36baf67500bc314b1d737504b02a5bbcd947a42a7732c086add80faf388fe0120109551e9000000, '1', 4, NULL, NULL),
  (274749, 3, 0x1f8b08000000000000009d8ebb0ec23010047bbe22728f0d1dc5c52900a31434106a64f0253a293e477e203e9f28556aaad5ac34ab85e6ebc7ea833151e05aece54e54c8efe088875a3c3ab33d88466f005d915389aea04cde2699c963b6af71c630ceba2c242f3194e91838e5688973cb7d582d0b0d6c3dea536bccb36baf67500bc314b1d737504b02a5bbcd947a42a7732c086add80faf388fe0120109551e9000000, '1', 4, NULL, NULL),
  (274750, 3, 0x1f8b08000000000000009d8ebb0ec23010047bbe22728f0d1dc5c52900a31434106a64f0253a293e477e203e9f28556aaad5ac34ab85e6ebc7ea833151e05aece54e54c8efe088875a3c3ab33d88466f005d915389aea04cde2699c963b6af71c630ceba2c242f3194e91838e5688973cb7d582d0b0d6c3dea536bccb36baf67500bc314b1d737504b02a5bbcd947a42a7732c086add80faf388fe0120109551e9000000, '1', 4, NULL, NULL),
  (274751, 3, 0x1f8b08000000000000009d8ebb0ec23010047bbe22728f0d1dc5c52900a31434106a64f0253a293e477e203e9f28556aaad5ac34ab85e6ebc7ea833151e05aece54e54c8efe088875a3c3ab33d88466f005d915389aea04cde2699c963b6af71c630ceba2c242f3194e91838e5688973cb7d582d0b0d6c3dea536bccb36baf67500bc314b1d737504b02a5bbcd947a42a7732c086add80faf388fe0120109551e9000000, '1', 4, NULL, NULL),
  (274752, 3, 0x1f8b08000000000000009d8ebb0ec23010047bbe22728f0d1dc5c52900a31434106a64f0253a293e477e203e9f28556aaad5ac34ab85e6ebc7ea833151e05aece54e54c8efe088875a3c3ab33d88466f005d915389aea04cde2699c963b6af71c630ceba2c242f3194e91838e5688973cb7d582d0b0d6c3dea536bccb36baf67500bc314b1d737504b02a5bbcd947a42a7732c086add80faf388fe0120109551e9000000, '1', 4, NULL, NULL),
  (274753, 3, 0x1f8b08000000000000009d8ebb0ec23010047bbe22728f0d1dc5c52900a31434106a64f0253a293e477e203e9f28556aaad5ac34ab85e6ebc7ea833151e05aece54e54c8efe088875a3c3ab33d88466f005d915389aea04cde2699c963b6af71c630ceba2c242f3194e91838e5688973cb7d582d0b0d6c3dea536bccb36baf67500bc314b1d737504b02a5bbcd947a42a7732c086add80faf388fe0120109551e9000000, '1', 4, NULL, NULL),
  (274754, 3, 0x1f8b08000000000000009d8ebb0ec23010047bbe22728f0d1dc5c52900a31434106a64f0253a293e477e203e9f28556aaad5ac34ab85e6ebc7ea833151e05aece54e54c8efe088875a3c3ab33d88466f005d915389aea04cde2699c963b6af71c630ceba2c242f3194e91838e5688973cb7d582d0b0d6c3dea536bccb36baf67500bc314b1d737504b02a5bbcd947a42a7732c086add80faf388fe0120109551e9000000, '1', 4, NULL, NULL),
  (274755, 3, 0x1f8b08000000000000009d8ebb0ec23010047bbe22728f0d1dc5c52900a31434106a64f0253a293e477e203e9f28556aaad5ac34ab85e6ebc7ea833151e05aece54e54c8efe088875a3c3ab33d88466f005d915389aea04cde2699c963b6af71c630ceba2c242f3194e91838e5688973cb7d582d0b0d6c3dea536bccb36baf67500bc314b1d737504b02a5bbcd947a42a7732c086add80faf388fe0120109551e9000000, '1', 4, NULL, NULL),
  (274756, 3, 0x1f8b08000000000000009d8ebb0ec23010047bbe22728f0d1dc5c52900a31434106a64f0253a293e477e203e9f28556aaad5ac34ab85e6ebc7ea833151e05aece54e54c8efe088875a3c3ab33d88466f005d915389aea04cde2699c963b6af71c630ceba2c242f3194e91838e5688973cb7d582d0b0d6c3dea536bccb36baf67500bc314b1d737504b02a5bbcd947a42a7732c086add80faf388fe0120109551e9000000, '1', 4, NULL, NULL),
  (274757, 3, 0x1f8b08000000000000009d8ebb0ec23010047bbe22728f0d1dc5c52900a31434106a64f0253a293e477e203e9f28556aaad5ac34ab85e6ebc7ea833151e05aece54e54c8efe088875a3c3ab33d88466f005d915389aea04cde2699c963b6af71c630ceba2c242f3194e91838e5688973cb7d582d0b0d6c3dea536bccb36baf67500bc314b1d737504b02a5bbcd947a42a7732c086add80faf388fe0120109551e9000000, '1', 4, NULL, NULL),
  (274758, 3, 0x1f8b08000000000000009d8ebb0ec23010047bbe22728f0d1dc5c52900a31434106a64f0253a293e477e203e9f28556aaad5ac34ab85e6ebc7ea833151e05aece54e54c8efe088875a3c3ab33d88466f005d915389aea04cde2699c963b6af71c630ceba2c242f3194e91838e5688973cb7d582d0b0d6c3dea536bccb36baf67500bc314b1d737504b02a5bbcd947a42a7732c086add80faf388fe0120109551e9000000, '1', 4, NULL, NULL),
  (274759, 3, 0x1f8b08000000000000009d8ebb0ec23010047bbe22728f0d1dc5c52900a31434106a64f0253a293e477e203e9f28556aaad5ac34ab85e6ebc7ea833151e05aece54e54c8efe088875a3c3ab33d88466f005d915389aea04cde2699c963b6af71c630ceba2c242f3194e91838e5688973cb7d582d0b0d6c3dea536bccb36baf67500bc314b1d737504b02a5bbcd947a42a7732c086add80faf388fe0120109551e9000000, '1', 4, NULL, NULL),
  (274760, 3, 0x1f8b08000000000000009d8ebb0ec23010047bbe22728f0d1dc5c52900a31434106a64f0253a293e477e203e9f28556aaad5ac34ab85e6ebc7ea833151e05aece54e54c8efe088875a3c3ab33d88466f005d915389aea04cde2699c963b6af71c630ceba2c242f3194e91838e5688973cb7d582d0b0d6c3dea536bccb36baf67500bc314b1d737504b02a5bbcd947a42a7732c086add80faf388fe0120109551e9000000, '1', 4, NULL, NULL),
  (274761, 3, 0x1f8b08000000000000009d8ebb0ec23010047bbe22728f0d1dc5c52900a31434106a64f0253a293e477e203e9f28556aaad5ac34ab85e6ebc7ea833151e05aece54e54c8efe088875a3c3ab33d88466f005d915389aea04cde2699c963b6af71c630ceba2c242f3194e91838e5688973cb7d582d0b0d6c3dea536bccb36baf67500bc314b1d737504b02a5bbcd947a42a7732c086add80faf388fe0120109551e9000000, '1', 4, NULL, NULL),
  (274762, 3, 0x1f8b08000000000000009d8ebb0ec23010047bbe22728f0d1dc5c52900a31434106a64f0253a293e477e203e9f28556aaad5ac34ab85e6ebc7ea833151e05aece54e54c8efe088875a3c3ab33d88466f005d915389aea04cde2699c963b6af71c630ceba2c242f3194e91838e5688973cb7d582d0b0d6c3dea536bccb36baf67500bc314b1d737504b02a5bbcd947a42a7732c086add80faf388fe0120109551e9000000, '1', 4, NULL, NULL),
  (274763, 3, 0x1f8b08000000000000009d8ebb0ec23010047bbe22728f0d1dc5c52900a31434106a64f0253a293e477e203e9f28556aaad5ac34ab85e6ebc7ea833151e05aece54e54c8efe088875a3c3ab33d88466f005d915389aea04cde2699c963b6af71c630ceba2c242f3194e91838e5688973cb7d582d0b0d6c3dea536bccb36baf67500bc314b1d737504b02a5bbcd947a42a7732c086add80faf388fe0120109551e9000000, '1', 4, NULL, NULL),
  (274764, 1, 0x1f8b0800000000000000ad96cb6edb301045f7fd0a42fb28962ceb01c4090ab7050ca4400137aba228288976d8f2618894d2fe7d877a388a4d5a4ed39d69688e668677eee8e6ee3767a82195a2522cbdc09f798888429654ec96dec3d74f57a97777fbee8694b5bfafabb226bee258f99a72a271cee0281984fb35f5efe56e2db67244f36e6fb8da21461ac2965ee421382dbd7b890d1e51b1af352ab1c6c8f77dcffc221014a44110cf9370314b52effa05213c22140c2b4594353c8ec260229c0aa5abbad0b242b8c194e19c32aaa90398ccb2f904b09292bf11b5215a1bd41e5744e8b31526613a556149a1429ad71aee03ed2bb225402dfe9d37ea588bf65121cd5f980aadd016fe5e9ba3039fc50efc17a9daa271ad25c79a1648614e7e285d97c480c72fb1a2e74138816e1b8918e554bf053734e2909a3d3e9c526e1f6f52d9325a00e889ea47387248909408a6aabd34d70b22977ed60264871952a430f1e65daf24ac2487b934813f89a898237c91b9c22b8275a7952e13e83bdd096eaafd167cb7e3dcb37a1617da7169344f2e571a8c052e2735912e82858b5957bb2ec306335aa23dc305e14e75a48bd8a5aed523297e199499242a4c4e306530b1602476d489450e26bbe905f6515492b12e9b167f09e4249fd1f43812711ada81419e33b122e2d9b1a48e6bd91c346d0784ae1be2b2991cda33e11fa420973c3fef9fff2c4b02135817e0b46a5b33f60731987b525ef4d6a1eaf74f9876d605a68045e94a3b3dd6faa16db8abbab7125b7814650be7263a84c34237fb082c59c36ab772922c7689a8e73ccfad9590c46ed31d32e9653012928d9486d1542e3b2673b0126abe566c84cced473d61f0edab1c2b63d71abc049ca5b0679445535d6e7045cde7549b930b325556aef3f18676a2b2208c5d5a1f3a54c97a3f32c537c14e2fee1c2e994df4aa5b92ed96fc4f60db806741eadce2ab2e83a9e902c4c99a1c3c6233c4bdb009851b8b4b64831eaf5ff1197efb17ec486a39db0b0000, NULL, 6, 806, NULL),
  (274765, 1, 0x1f8b0800000000000000ad96cb6edb301045f7fd0a42fb28962ceb01c4090ab7050ca4400137aba228288976d8f2618894d2fe7d877a388a4d5a4ed39d69688e668677eee8e6ee3767a82195a2522cbdc09f798888429654ec96dec3d74f57a97777fbee8694b5bfafabb226bee258f99a72a271cee0281984fb35f5efe56e2db67244f36e6fb8da21461ac2965ee421382dbd7b890d1e51b1af352ab1c6c8f77dcffc221014a44110cf9370314b52effa05213c22140c2b4594353c8ec260229c0aa5abbad0b242b8c194e19c32aaa90398ccb2f904b09292bf11b5215a1bd41e5744e8b31526613a556149a1429ad71aee03ed2bb225402dfe9d37ea588bf65121cd5f980aadd016fe5e9ba3039fc50efc17a9daa271ad25c79a1648614e7e285d97c480c72fb1a2e74138816e1b8918e554bf053734e2909a3d3e9c526e1f6f52d9325a00e889ea47387248909408a6aabd34d70b22977ed60264871952a430f1e65daf24ac2487b934813f89a898237c91b9c22b8275a7952e13e83bdd096eaafd167cb7e3dcb37a1617da7169344f2e571a8c052e2735912e82858b5957bb2ec306335aa23dc305e14e75a48bd8a5aed523297e199499242a4c4e306530b1602476d489450e26bbe905f6515492b12e9b167f09e4249fd1f43812711ada81419e33b122e2d9b1a48e6bd91c346d0784ae1be2b2991cda33e11fa420973c3fef9fff2c4b02135817e0b46a5b33f60731987b525ef4d6a1eaf74f9876d605a68045e94a3b3dd6faa16db8abbab7125b7814650be7263a84c34237fb082c59c36ab772922c7689a8e73ccfad9590c46ed31d32e9653012928d9486d1542e3b2673b0126abe566c84cced473d61f0edab1c2b63d71abc049ca5b0679445535d6e7045cde7549b930b325556aef3f18676a2b2208c5d5a1f3a54c97a3f32c537c14e2fee1c2e994df4aa5b92ed96fc4f60db806741eadce2ab2e83a9e902c4c99a1c3c6233c4bdb009851b8b4b64831eaf5ff1197efb17ec486a39db0b0000, NULL, 6, 807, NULL),
  (274557, 1, 0x1f8b080000000000000095934f6b023110c5effd14c342a1a5dd9815ad22bad2520a1ea4d2eaa9f490dd1d35984d96fc91faed3b6a0b1622c5d326ecfb4de6cd4b86e3af5ac116ad93468f928cf1045097a6927a354a16f397b49f8cf3ab21568135c1560199ab85635ed6e845a1686b14e12c4836b3a641eb25ba895e9a93a2493e44eded0e36b81b2553ac0dad83132b4cf25e97f51fa6c3d641f0473737060ab9026b4ced929c33ceafe186dfc6b48fcec995c60ab6c2ca7d5b0464fc07c97aadac17c5160e49ea602dd4325d9b600fe7b4bb04b5e10e3a5168e2d10a4fce481bfb3fa319045b1c246e0073e3858206b5507e77b411a3dec8253416976869fe7ffa8f5b7e12e526f5262de80b523b6f43e98dbda8c69c523c03a49dfde22c7534020ecb98e295b2174a01dd8db01f03c5a2023169c659ffdfa19d86f8db3ea5116fe6599273591c8f39e39dc5d1771f2ada4269f452c9d2ef8f838f8a0a0aaa30e0f7742f6c35e09f5158d0e85c281a613d144211424fe64cceadcb9f4ffe0d29fc3d089a030000, NULL, 1, 806, NULL),
  (274558, 1, 0x1f8b080000000000000095935d6bc2301486eff72b0e85c1c6d6183fa7a2958d31d8854c36bd1abb48dba306d3a4e443e6bfdf51192844c62e4a1bfa3ee7eb3d194dbe2b055bb44e1a3d4e9a8c2780ba30a5d4ab71b298bfa4fd64925d8db00cac0eb60cc85c251cf3b2422f724547a3086741b29935355a2fd1bdeaa539099a6423d4deee6083bb7132c5cad07770628549f6d065fdde74d43808ce74736320972bb0c6542ec9baacd5bb869b56ff36267e744eae3496b01556eeeb22a2c939e39c9866bbdda0270a2e1c92d8c15aa865ba36c112c859bb45580feea0d38b52af1eadf0d41d8963ff67348760f383c40d616ebc5050a316caeff6f179947aa74ea1b6b8444b1e9cb590365bd1429e44b149bd49737a83d4cedb5078632f44e1d11873f2f21c180c18ef1cb31278113a76020e8b98e28d16402805b420613f07b24605625272fccfa19dfaf85b3cd911afe55952df323f66b9d0398ba31f3e947484c2e8a59285dfa783cf92020a8a30e4f7b418b61cf2af282c68702ee4b5b01e72a108a16b73c1e7c6ffaf50f6035a72e6dc9e030000, NULL, 1, 807, NULL),
  (274559, 1, 0x1f8b0800000000000000b3b1afc8cd51284b2d2acecccfb35532d433505248cd4bce4fc9cc4bb7550a0d71d3b550b2b7e3b2494d29d52b282d4a294dd52bce4d2cd62bc9cc4d2d494cca0172f37380daf54a33f5dc3273523df3d2f2918c5352c84bcc4db55572760a06c9c4075b1898e95501ad54d2b70300b7f113597b000000, NULL, 2, 806, NULL),
  (274560, 1, 0x1f8b0800000000000000b3b1afc8cd51284b2d2acecccfb35532d433505248cd4bce4fc9cc4bb7550a0d71d3b550b2b7e3b2494d29d52b282d4a294dd52bce4d2cd62bc9cc4d2d494cca0172f37380daf54a33f5dc3273523df3d2f2918c5352c84bcc4db55572760a06c9c4075b1898eb5501ad54d2b70300f4e5684e7b000000, NULL, 2, 807, NULL),
  (274561, 2, 0x1f8b0800000000000000a5935b6fda401085dffb2b2c3f27b6499042aa61a3041a4195465149d4e7050f74a5bd587b8992fefaec180c0be6ad6f73cef976d633b6e1ee43c9ec1dad13468ff34151e519ea95a985de8cf3b7d7c7cb517ec7be01d6a16882ad03164e715778a1d0f3a58cd2c878bc08a2b8774e6cb442ed5f2caed1c63e38d76b73683fcc196863d56b3c4d0cbb1c15159447162cd1f9e73ed4b3c1ef8121947b01d618455526ea717e733bbac95ba0b3b717fcee1445470668bbf0a18e534c8c5e337abc2323e6336eeb1e736a466e6294121efbecb920f253e13c8f4bebf1e782c8d32a9ecc8a0d8604752a06340c95d7e4778206e30adb41255f3d9b64bebebfa3db6d9fa14ffc489f5269baf4cbb976deb60ba677996a106eae85175c326f034279d020b4d87e55ecd79fc7ecf6fb75c5b31fd3b74936a8aeb2a9c18bec67e4f710fce574b67bc05dbf13338168e61ed49ad0a0f52fa8b9f49faca2ef2f35c01bf3203634caae0225f442fc4376056557427028d1b91997eb9909d611dff3a0c6c63f7019dfeff6a24483e21fd3248ebd8f0cd858139ab8e3b84b4a5309aeb1c8eb6dcf5d4dfd16897d9050fecf1fcebe0037cce57c47040000, NULL, 3, NULL, 142137),
  (274562, 2, 0x1f8b0800000000000000a5935b6fda401085dffb2b2cbf638c12a569356c94402290d2282a44795ef04056da8bb5972ae9afefacb1f18279ebdb9c73be1d7bc66bb8fb5432fb83d609a3a7f9a428f30cf5d65442efa7f9dbfa69749bdfb16f805528ea60ab808553dc155e28f47c23491a49c78b208a7be7c45e2bd4fed5e20e2df5c1a5de99befd75ce401babd6743a326c745d16258c4f3cd8a0f32f17a8810fbe27607c14608d51b1ca4435cdbfffb8bdc9d9685252872e383ce377a7dade470ddaae7ca8689099d14d7c6a50bee0b61a30e7267133a394f038642f05c4cf85f39cf636e02f05c4c75d3c9b2d9b3450a72888c33441f43b1107e30a9b4125dfbe9864bea1dfd2cdba2fd0673ed1e7549a6efc66a99db7c785a71a845b6ae10597ccdb8030ee35082d0e178bfd5abfaf3f9eb2ab9f57659d3dcedf66d9a4a4f17a003e783cd7bd5cdbebcc4ca038ef006a4ca8d1fa57d45cfa2fd65cbed4006fcc83d8c731da0a94d02bf11719ddc3ae84e050a2730b2e770b13ac8bfcc0830a6bffc0257ddbc383120d8a7fce93987a9f18b0b726d4b45fda634c5309aeb6c8ab43cfb68efd5689dd4b18ffcf0fcefe01e1f9ac7646040000, NULL, 3, NULL, 142138),
  (274563, 2, 0x1f8b0800000000000000a593cb6edb301045f7fd0a41eb468fd668d360cca0b193da406104b5f301b435760888a4c0479bf6eb3b942c99b6bccb6eeebd8723cd8882fb375927bfd158a1d5342db3224d50ed7425d4619abe6c9e6e6ed37bf601b0f259e34de531b392dbcc09898e6f6b92baa6e39917d9776bc5414954eed9e01e0df5c1a5daeb53fb49ca40692337743a30acc80ac8cf1cd8a275ab113372c10d39e4430d466b19aa4454d3f4ebb7db2f29bb290b42faa07bc0af5e1d5b0f1a94593b5fd10c33addaf8dca07cc14d35622e4de2665a4ae170cc5e0b889f0beb38ad6cc45f0b880fabf8a9776cd242bda2200c13ca32f8bd08837189eda035dfad7434dfd83fd2edb6afd0173ed197549c6edd76a9ac33c3c2630dc22e957082d7cc198f909f340825ba3bc5369bd7a4fc74f7b96892c7f9cb2c298b3259e11fc9d5c7e4079d194078e5e17cff92c79e17660485b947506b4283c63da3e2b5fbdbddc1d800a7f58338b497afab400ab516ff904d20ef4bf0166bb476c1ebfd427b63033ff2a0c2c63df09abe71f7a04883e46ff328a6de67061c8cf60ded99f619d258826d0cf2aaeb79ac43bf75649f24e4eff9c7d97f7c0e520d49040000, NULL, 3, NULL, 142139),
  (274564, 2, 0x1f8b0800000000000000a593db6eda401086effb1496af1b1f54d4a6d1b051036d40aa5014c8032c78202bedc1da439af6e93b6b63633077b99bffffbf1d7bc66bb87f57327943eb84d1d3b4cc8a3441bd3395d08769fab2f975739bdeb34f8055c8ea60ab809953dc655e28f47c2b491a49c7b320b21fce898356a8fd93c53d5aea834bbd37a7f693948136566de87464589115909f39b045e7572366e482ef73c8fb1aac312a5689a8a6e9b7efb75f53765316847441fb80e74e1d5bf71ab45dfb50d10c33a39bf8dca07cc16d35622e4de2664629e171cc5e0b889f0be739ad6cc45f0b888fabf86d766cd2409da2200e13cb32fa9d88837185cda092ef566630dfd83fd2cdb6afd0173ed197d430ddfaed523b6ffb850f3508b7d4c20b2e99b701213f69105ab4778a6d36af4959dc7d2978f273fe32a3ba4c56f84771fd3979a4333d08af3c9eef5ef2d8f3c21c4071ee11d49850a3f54fa8b9f47fdb3b3834c01bf3200ecde56b2b5042afc53f6413c8bb12824389ce2db8dc2f4cb02ef2230f2aacfd0397f48ddb070d3428fe3e1fc4d4fbcc808335a1a63dd33e633a94e06a8bbc6a7b1eebd86f3db04f12f28ffce3ec3f6110622949040000, NULL, 3, NULL, 142140),
  (274565, 2, 0x1f8b0800000000000000a593db6eda401086effb1496af1b1f14d4926ad82881b62055282ae401163c9095f660eda14dfbf49db5b13198bbdecdffffdf8e3de3353cbe2b99fc42eb84d1b3b4cc8a3441bd3795d0c759fabafd76374d1fd907c02a6475b055c0cc29ee322f147abe93248da4e35910d99373e2a8156aff62f18096fae04a1fccb9fd2465a08d555b3a1d19566405e4170eecd0f9f58819b9e0fb1cf2be066b8c8a5522aa59faf961fa29657765414817b40ff8d9a953eb5e83b61b1f2a9a616e74135f1a942fb9ad46ccb549dcdc28253c8ed95b01f10be13ca7958df85b01f171153fcc9e4d1aa85314c461625946bf137130aeb01954f2fdda0ce61bfb27bad9f60dfaca27fa9a1aa63bbf5b69e76dbff0a106e1565a78c125f33620e4670d428bf64eb1edf62d79f8725ff0e4ebe2759e944599acf1b7e2fa63f29d8ef41cbcf178bc7bc753cb2b7300c5b1475063428dd6bfa0e6d2ff69afe0d0006fccb3383677afad4009bd117f914d20ef4a080e253ab7e4f2b034c13a36857ce44185b57fe6923e71fba08106c5df1783987a5f1870b426d4b4665a674c87125c6d91576dcf531dfb6d06f65942fe3fbf38fb07007df0d748040000, NULL, 3, NULL, 142141),
  (274566, 2, 0x1f8b0800000000000000a553db6ee230107def574479df24a8ad7ad1906a0b5b81545555810f3064602df912f9b2eaeed7efd821c490bef56dcec5273913079e3ea5c8fea0b15cab693e29aa3c43b5d30d578769be59bffcb8cf9fea2bc0c617ad378dc7c24a660bc7253ab61504b5a0e385e7c54f6bf9414954eedde01e0de5e052edf5107f93d7a0b4916b3a1d3c755554509e31b045ebde469e110beea443799ac1682dc394f1669adf3ddc3fe441efd92efda347c7dc13066556ce375460a65594cf09d217cc3423cf2549be9996923b1c7bbf12c83fe7d631dad7c8ff9540feb08757bdab6fa3a94724843261bc097c0f4231263116156cf7a663cc6dec37e68feeb8ea81ad7af7054fee044da22d95b76ebb54d699d3c6530cdc2e15779c89da198f500e18b8e2dd8daad7d9f5e375d566bfe69b5936a9a8daa0c16f168ef42f768cb9201353e83a3245125a34ee1d1513ee6f77e952029cd6cffc106f5b3781e46ac5ff613d81b21fc15b1468ed8289fd427b63837fc44183ad7b6682be6bf7a00483649ff344a6ec33020e46fb96564b2b0c6a0ac1b60659d3651ee790b74ae80142f99d9fbafe0f8b02f0353a040000, NULL, 3, NULL, 142142),
  (274567, 2, 0x1f8b0800000000000000a553db4ee330107ddfaf88f2be49ba80b8681ab4b4a0565a2144cb07b8cdb458f225f205c17efd8e9da6711bdef66dcec527391307ee3fa5c83ed058aed5349f14559ea1daea86abfd347f5b3ffdbcc9efeb1f808d2f5a6f1a8f8595cc168e4b746c23086a41c70bcf8bdfd6f2bd92a8dc8bc11d1acac1a5dae921fe32af416923d7743a78eaaaa8a03c616083d63d8f3c2316dc5187f23883d15a8629e3cd34bfbebdb9cd83deb35dfa6b8f0eb9470ccaac9c6fa8c04cab289f12a42f9869469e73927c332d257738f67e27907fcead63b4af91ff3b81fc610f7ff4b6be8aa61e9110ca84f132f03d08c598c45854b0edb38e3157b1df983fb8e3aa07b6eadd673cb9133489b654deb8cd5259678e1b4f3170bb54dc71266a673c423960e08a7737aa5ebf67bfee2eaa367b9cbfcdb24945dd0611de5938d3bfd921e78c4c4ca1ecc8144968d1b817544cb8afeed6a50438ad1ff83e5eb76e02c9d58affc57a02653f82b728d0da0513bb85f6c606ff8883065bf7c0047dd8ee410906c93ee7894cd92704ec8df62ded967618d414826d0db2a6cb3ccc216f95d00384f27ffeeafa1fde40d8883b040000, NULL, 3, NULL, 142143),
  (274568, 2, 0x1f8b0800000000000000a553c96edb3010bdf72b04dd2bc96d8224c5984163b7b0812208e2043dd3d6d825c045e052a4fdfa0e29cba2addc7a9bb7f0496f44c1fd9b92c56fb44e183d2f67555316a877a615fa302f5f5fbe7fbc2defd907c036545db06dc0ca29ee2a2f147abe95048da4e35510d557e7c4412bd4fec9e21e2de5e05aefcd187f5532d0c6aa173a1d3daca91aa8cf18d8a2f38f13cf84057fd2a13ecd608d51712a443b2f6fee6eefcaa80f6c9ffe3ca063ee0983b61b1f5a2ab0303ac9e704e92b6edb89e79224dfc228253c4ebdef09e45f0ae739ed6be27f4f207fdcc30fb363d7c93420126299385e457e00b11857988a4abe7b3429e63af59bf247775af5c83683fb8227778666c996cb5bbf5d6be7ed69e33906e1d65a78c125f33620d42306a1457fa3d8cfe2e6cbe78617df96af8b62d650b551835f3c1e195eec18734166a6d875624a247468fd136a2efd9ffed2e50478631ec421ddb67e0225f446fc4536837a18213894e8dc8acbfdca04ebd827a8271cb4d8f9072ee9bbf60fca3028feb6cc64ca3e23e0604de868b5b4c2a8e6105c6791b77de6718e799b8c1e21d4fff353b37fb2e1b2c73a040000, NULL, 3, NULL, 142144),
  (274569, 2, 0x1f8b0800000000000000a553db4ee330107ddfaf88f2be49aa055156d3a0a505b5124288960f709b69d7922f912f2b96af67ec348ddbf0c6db9c8b4f72260edcbd4b91fd4363b956b37c525479866aa71bae0eb3fc6df3f8739adfd53f001b5fb4de341e0b2b992d1c97e8d85610d4828e179e177face5072551b917837b3494832bb5d743fc555e83d2466ee874f0d455514179c6c016ad7b1e79462cb8930ee56906a3b50c53c69b597e733bbdcd83deb35dfa6b8f8eb9270ccaac9d6fa8c05cab289f13a42f9969469e4b927c732d257738f67e25907fc1ad63b4af91ff2b81fc610f4f7a575f47538f480865c27815f81e84624c622c2ad8ee59c798ebd86fcc1fdd71d5035bf5ee0b9edc099a445b2a6fdd76a5ac33a78da718b85d29ee3813b5331ea11c3070c5bb1b553f66d3dfbf2a963d2cdee6d9a4a26a83067f5938d2bfd831e6824c4ca1ebc8144968d1b817544cb8ffdda54b09705adff343bc6ddd0492ab35ffc07a02653f82b728d0da2513fba5f6c606ff8883065b77cf047dd7ee410906c9de17894cd967041c8cf62dad965618d414826d0db2a6cb3cce216f9dd00384f23b3f75fd092b2062a03a040000, NULL, 3, NULL, 142145),
  (274570, 2, 0x1f8b0800000000000000a553c96edb3010bdf72b04dda3054dd0a4182b48ec1436500441ed7c006d8d1d025c042e459aafcf90b22cdacaadb7790b9ff44614dcbf4b91fd4563b956b3bc2eaa3c43b5d32d578759febaf975759bdf37df005b5f74deb41e0b2b992d1c97e8d85610d4828e179e170fd6f28392a8dc8bc13d1acac195daeb31fe3a6f40692337743a789aaaa8a03c63608bd63d4f3c1316dc4987f23483d15a8629e3ed2cff71777b97077d60fbf43f033ae69e3028b376bea50273ada27c4e90be64a69d782e49f2cdb594dce1d4fb9540fe05b78ed1be26feaf04f2873dfcd6bbe6269a0644422813c6ebc00f201463126351c176cf3ac6dcc47e53fee88eab1ed96a705ff0e44e501d6da9bc75db95b2ce9c369e62e076a5b8e34c34ce788472c4c015ef6f54b3c9eafae7f78a654f8bd7795657d46d14e18d8533c39b1d732ec8c414ca4e4c91840e8d7b41c584fbd7dfba9400a7f5233fc4ebd64f20b95af30f6c6a288711bc4581d62e99d82fb53736f8271cb4d8b94726e8c3f60f4a3048f6be4864ca3e23e060b4ef68b7b4c3a0a6106c6790b57de6710e79eb841e2194fff357379f25c5b4863b040000, NULL, 3, NULL, 142146),
  (274571, 2, 0x1f8b0800000000000000a553c96edb3010bdf72b04ddaba549d024182b68ec1436500441ec7c006d8d5d025c042e45daafef90b22cdaca2db7790b9ff446143cbc4b91fd4163b956b3bc2eaa3c43b5d32d578759feb6f9f9f5367f68be00b6bee8bc693d1656325b382ed1b1ad20a8051d2f3c2f7e58cb0f4aa2722f06f7682807576aafc7f8ebbc01a58ddcd0e9e069aaa282f28c812d5af73cf14c5870271dcad30c466b19a68cb7b3fcfbdded5d1ef481edd35f0774cc3d615066ed7c4b05e65a45f99c207dc94c3bf15c92e49b6b29b9c3a9f72381fc0b6e1da37d4dfc1f09e40f7bf8a577cd4d340d888450268cd7811f4028c624c6a282ed9e758cb989fda6fcd11d573db2d5e0bee0c99da03ada5279ebb62b659d396d3cc5c0ed4a71c799689cf108e588812bdedfa86693d5dfeeafaa2e7b5abccdb3baa26ea308bf593833bcd931e7824c4ca1ecc41449e8d0b817544cb8bffdad4b09705a3ff243bc6efd0492ab35ff874d0de53082b728d0da2513fba5f6c606ff8483163bf7c8047dd8fe410906c9de17894cd967041c8cf61ded967618d41482ed0cb2b6cf3cce216f9dd02384f2337f75f31f0c0571723b040000, NULL, 3, NULL, 142147),
  (274572, 2, 0x1f8b0800000000000000a553db4ee330107de72ba2bc93a45ad016340d8296552bed2244e103dc665a2cf912f98260bf7ec74ed3b80d6ffb36e7e2939c8903779f52641f682cd76a964f8a2acf506d75c3d57e96bfbdfeba9ce677f50560e38bd69bc6636125b385e3121ddb08825ad0f1c2f3e2de5abe5712957b36b8434339b8523b3dc45fe535286de42b9d0e9eba2a2a284f18d8a0754f23cf880577d4a13cce60b49661ca7833cb7fde4c6ff2a0f76c97fed2a343ee1183326be71b2a30d72acaa704e94b669a91e79c24df5c4bc91d8ebddf09e45f70eb18ed6be4ff4e207fd8c36fbdadafa3a94724843261bc0a7c0f4231263116156cfba463cc75ec37e60feeb8ea81ad7af7194fee044da22d95376eb352d699e3c6530cdcae14779c89da198f500e18b8e2dd8daaff64d3db1f15cb1e176ff36c5251b5418377168ef42f768839231353e83a3245125a34ee191513eeabbb7429014eeb07be8fb7ad9b4072b5e67fb19e40d98fe02d0ab476c9c46ea9bdb1c13fe2a0c1d63d3041dfb57b508241b2cf452253f609017ba37d4baba515063585605b83ace9320f73c85b27f400a1fc9f9fbafe07568893e13a040000, NULL, 3, NULL, 142148),
  (274573, 2, 0x1f8b0800000000000000a553c96edb3010bdf72b04ddab054dd0a4182b68ec1636500441ed7c006d8d1d025c042e4192afcf90b22cdaca2db7790b9ff44614dcbd4a91bda0b15cab595e17559ea1dae996abc32c7fdafcfd7e93df35df005b5f74deb41e0b2b992d1c97e8d85610d4828e179e17bfade5072551b947837b3494832bb5d763fc55de80d2466ee874f03455514179c6c016ad7b9878262cb8930ee56906a3b50c53c6db59fef3f6e6360ffac0f6e9ff0774cc3d615066ed7c4b05e65a45f99c207dc94c3bf15c92e49b6b29b9c3a9f73381fc0b6e1da37d4dfc9f09e40f7bf8a777cd75340d888450268c57811f4028c624c6a282ed1e748cb98efda6fcd11d573db2d5e0bee0c99da03ada5279ebb62b659d396d3cc5c0ed4a71c799689cf108e588812bdedfa866f39cd5f5af1f15cbfe2c9ee6595d51b9518567160e0daf760cba201353683b3145123a34ee111513eeadbf7629014eeb7b7e88f7ad9f4072b5e6efd8d4500e23788b02ad5d32b15f6a6f6cf04f3868b173f74cd097ed1f946090ec7591c8947d46c0c168dfd1726989414d21d8ce206bfbcce31cf2d6093d4228bff25b371f8f3b3d203c040000, NULL, 3, NULL, 142149),
  (274574, 2, 0x1f8b0800000000000000a553cb4ec24014ddfb154df796e223a2b9d428682031c608c6f5402f38c93c9a7918f5ebbdd3d2325077eeee79cc69cfed146ebfa4483ed158aed5381d66799aa05aeb92abed387d5b3e9e8ed2dbe204b0f459e54de931b392d9cc71898ead04412de878e67976672ddf2a89cabd18dca0a11c9cab8ddec75fa405286de4924e074f9167390c0e1858a175cf3d4f8f05d7e930e866305acb3025bc1ca757d7a3511af4966dd25f5bb4cbed3028b370bea40213ad6af990207dc64cd9f31c93e49b6829b9c3bef72f81fc536e1da37df5fc7f09e40f7b78d2ebe2b236b5888450268c17816f4128c624d645055b3feb3ae6aceed7e777ee7ad57b366fdd473cb92334ac6db1bc72abb9b2ce741b8f31703b57dc71260a673cc2608f812bdedca8e23db9be39cf59f2307d9b24c3fc9c6c9d061f2c1c695f6c17734446a6d0b567aa49a8d0b817544cb8efe6d2c50438adeff9b618d26d6b26905c2df80f06aa1dc15b1468ed8c89cd4c7b6343e31e072556ee9e09faaecd83220c927d4d2399b20f08d81aed2b5a2dad30a831045b19646593b99b43de22a2f71006fff9a98b5f22f8cfba3a040000, NULL, 3, NULL, 142150),
  (274575, 2, 0x1f8b0800000000000000a553cb4edb4014ddf72b2ceff1430515aa1b23485a251242a801b19ec437e948f3b0e68180afef9d711c4f6276ddddf398639feb31dcbe4b91bda1b15cab595e17559ea1daea96abfd2c7f79fe7d719ddf36df005b5f74deb41e0b2b992d1c97e8d84610d4828e179e1777d6f2bd92a8dc93c11d1acac195dae931fe326f4069239fe974f03455514179c2c006ad7b9c78262cb8a30ee57106a3b50c53c6db59fee3e6fa260ffac0f6e97f0674c83d625066ed7c4b05e65a45f994207dc94c3bf19c93e49b6b29b9c3a9f72b81fc0b6e1da37d4dfc5f09e40f7b78d0dbe62a9a0644422813c6cbc00f201463126351c1b68f3ac65cc57e53fee08eab1ed96a709ff1e44e501d6da9bc719b95b2ce1c379e62e076a5b8e34c34ce788472c4c015ef6f54f39ad53fbf575df66bf132cfea8aaa8d1afc65e1c8f062879833323185ae135324a143e39e5031e13efa4b9712e0b4bee7fb78dbfa0924576bfe894d0de53082b728d0da2513bba5f6c606ff8483163b77cf047dd7fe410906c9de17894cd92704ec8df61dad965618d41482ed0cb2b6cf3ccc216f9dd02384f27f7eeae61fbd034e453a040000, NULL, 3, NULL, 142151),
  (274576, 2, 0x1f8b0800000000000000a5534b4fc24010befb2b9ade2dc5474433d428682031c608c6f34207dc641fcd3e8cfaeb9d6d6959a8376fdf6bbf76a65bb8fd9222f94463b956e37498e569826aad4baeb6e3f46df9783a4a6f8b13c0d2679537a5c7cc4a6633c7253ab61244b5a0e399e7d99db57cab242af7627083867a70ae367a5f7f9116a0b4914b3a1d32459ee53038506085d63df7323d155ce7c3a0c360b4960125bc1ca757d7a3511afc566dda5f5bb6ebed3828b370bea401265ad5f6a140fe8c99b29739162937d1527287fdec5f06e5a7dc3a46fbeae5ff32281ff6f0a4d7c5651d6a19196198002f82de92301893580f2ad8fa59d73567f57c7d7d97ae57bd57f3367da4533a62c33a16db2bb79a2beb4cb7f19803b773c51d67a270c6230cf61cb8e2cd8d2ade93617e739eb3e461fa36217c4eb9ce840f16ceb46fb6eb3912a35018b617aa45a8d0b817544cb8efe6d6c50238adeff9b618d2756b1048ae16fc0783d442f016055a3b636233d3ded830724f83122b77cf047dd8e6411107c9bea6914ddd07026c8df615ed967618dc9882ad0cb2b2e9dce1d0b788e43d85c17ffeeae217d7d296a93b040000, NULL, 3, NULL, 142152),
  (274577, 2, 0x1f8b0800000000000000a593db4ec2401086ef7d8aa6f796d6433c64a8519040628c117880850eb8c91e9a3d18f4e99d6d6929943befe6ffff6fa79de9169e765244df682cd76a1867491a47a8d6bae06a3b8c978bc9e57dfc945f00163e29bd293c2656329b382ed1b19520a9051d4f3c4f9eade55b2551b90f831b34d407676aa30fed6fe21c94367241a70393a7490a8323075668dd7b8fe9b9e0da1c066d0d466b19aa8817c3f8eee1e12ace2fb3949026a81ff0d9a87deb56833273e70b9a61a455151f1b944f99297acca949dc484bc91df6d97301f1636e1da395f5f87301f161156f7a9d67b7016a140561982a087e23c2604c6235a860eb775db5b9a9e6ebfb7bbadaf6c14d1bfac427fab467375db9d54c5967da857735703b53dc712672673cc2e0a0812b5edfa97c12658fd76919bd8e97a3284bef086b33f862e148f35efb362766070aa3f6a0ca84128dfb40c584fba9af5dd700a7f50bdf56f7adae407235e7bf1836dd94e02d0ab476cac466aabdb181ef795060e95e98a0cf5a3fa8a341b2ddb81353ef2303b646fb92564b2b0c6957822d0db2a2eeb9af43bf79c73e4818fce7b7ceff003d77ceb13c040000, NULL, 3, NULL, 142153),
  (274578, 2, 0x1f8b0800000000000000a5935b4fc2401085dffd154ddf2dad972066a851d040620c118dcf0b1d7093bd347b31e8af77b6a5a550df7c9b73ceb7d3ce740b773b29a22f34966b358eb3248d23546b5d70b51dc7ef6f4fe737f15d7e0658f8a4f4a6f09858c96ce2b844c75682a416743cf13cb9b7966f9544e516063768a80fced5461fda5fc539286de41b9d0e4c9e26290c8e1c58a1752f3da6e7826b7318b43518ad65a8225e8ce3e1687411e7e7594a4813d40f786dd4be75ab4199a5f305cd30d1aa8a8f0dca67cc143de6d4246ea2a5e40efbec5f01f1536e1da395f5f8bf02e2c32a9ef53acfae03d4280ac2305510fc4684c198c46a50c1d62fba6a7355cdd7f7f774b5ed839b36f4894ff469cf6eba72abb9b2ceb40bef6ae076aeb8e34ce4ce7884c1410357bcbe53f94794dd5ea665f4387d9f44593a24accde0938523cd7beddb9c981d288cda832a134a346e818a09f75d5fbbae014eeb07beadee5b5d81e46ac97f306cba29c15b1468ed8c89cd4c7b6303dff3a0c0d23d30419fb57e50478364bb6927a6de47066c8df625ad965618d2ae045b1a6445dd735f877ecb8e7d9030f8cf6f9dff0225e77ff53c040000, NULL, 3, NULL, 142154),
  (274579, 2, 0x1f8b0800000000000000a5935b4fc2401085dffd154ddf29c54b1433d4286820318408c4e7850eb8c95e9abd18f5d73bdbd252a86fbecd39e7db6967ba85872f29a24f34966b358a07491a47a8b63ae76a3f8ad7ab97de5dfc905d00e63e29bcc93d2656329b382ed1b18d20a9051d4f3c4f1eade57b2551b985c11d1aea8333b5d3c7f6d771064a1bb9a2d381c9d22485fe89031bb46ede613a2eb826877e5383d15a862ae2f928be1d0e2fe3ac374809a983ea016fb53ab46e3428b3743ea719c65a95f1a941f99499bcc39c9bc48db594dc6197fd2b207ec2ad63b4b20eff57407c58c5abde66839b00d58a82304c1904bf16613026b11c54b0ed5c976daecbf9bafe812eb77d74d39a3ef3893eefd94e376e3353d69966e16d0ddcce14779c89cc198fd03f6ae08a57772a7b8f86f757298b9e27eb7134486f096b32f860e148fd5e873667660b0aa376a0d284028d5ba062c27d57d7ae6d80d3fa89efcbfb565520b95af21f0c9bae4bf016055a3b656237d5ded8c0773cc8b1704f4cd067ad1ed4d220d9d7a41553ef1303f646fb82564b2b0c695b822d0cb2bcea79a843bf65cb3e4ae8ffe7b7ce7e015bdb63dc3c040000, NULL, 3, NULL, 142155),
  (274580, 2, 0x1f8b0800000000000000a553cb4ec24014ddfb154df796d6475073a951d0406288118ceb815e70927934f330ead77ba7a5a55076eeee79cc69efe914eebfa588bed058aed528ce92348e50ad75c1d57614bf2f9fcf6fe2fbfc0cb0f049e94de131b192d9c471898ead04412de878e279f2602ddf2a89cabd1adca0a11c9ca98ddec75fc539286de4924e074f9e26290c0e1858a175f39ea7c7826b7518b43318ad6598225e8ce2e1eded459c9f6729591aa17ec05b8376d12d066516ce17b4c358ab4a3e24489f3253f43cc724f9c65a4aeeb0ef3d25907fc2ad635459cf7f4a207fa8e245aff3ec3a981a444258a61202df80b01893582d2ad87aaeab98ab6abf3ebf73576defd9b4711ff1e43eceecaa2bb79a29eb4c5b781703b733c51d672277c6230cf618b8e2f59dca3fa2e1dd65caa2a7c9fb38cad221d95a0d3e5938d2bcd72ee688ec98c2aa3d53454289c6bda262c2fdd4d7ae4b80d3fa916fabfb564f20b95af05f0c4d3723788b02ad9d32b1996a6f6ce8a3c74181a57b64823e6bfda00e06c9be271d99b20f08d81aed4baa962a0c6a17822d0db2a2cedccd216fd1a1f71006fff9adf33f14aa847f3c040000, NULL, 3, NULL, 142156),
  (274581, 2, 0x1f8b0800000000000000a593db4ec2401086ef7d8aa6f796221a0f196a0434901842041e60a1036eb287660f467d7a675b5a0ae5cebbf9ffffdb6967ba85e76f29a22f34966b358cfb491a47a8b63ae76a3f8cd7abb7eb87f839bb02cc7d5278937b4cac6436715ca2631b41520b3a9e789ebc58cbf74aa2720b833b34d407676aa78fed6fe30c94367245a70393a5490abd13073668ddbcc3745c704d0ebda606a3b50c55c4f3617cfff8781367d7fd94903aa81ef051ab43eb4683324be7739a61ac55199f1a944f99c93bccb949dc584bc91d76d94b01f1136e1da39575f84b01f16115ef7a9bf5ef02542b0ac2306510fc5a84c198c47250c1b6735db6b92de7ebfa07badcf6d14d6bfacc27fabc673bddb8cd4c59679a85b735703b53dc712632673c42efa8812b5edda9ec2d1a3c0dd2227a9dacc7513fbd27acc9e0938523f57b1dda9c992d288cda814a130a346e818a09f7535dbbb6014eeb11df97f7adaa4072b5e4bf18365d97e02d0ab476cac46eaabdb181ef789063e1464cd067ad1ed4d220d9f7a41553ef1303f646fb82564b2b0c695b822d0cb2bcea79a843bf65cb3e4ae8fde7b7cefe009c6ebc7b3c040000, NULL, 3, NULL, 142157),
  (274582, 2, 0x1f8b0800000000000000a553db4ec240107df72b9abe5b5ac52866a851d040620c11fc80850eb8c95e9abd18f4eb9d6d6929d437dfe65cf6b473ba8587bd14d1171acbb51ac75992c611aa8d2eb8da8de38fd5cbe55dfc905f00163e29bd293c2656329b382ed1b1b520a8051d4f3c4f1eade53b2551b985c12d1acac1b9daea63fc30ce41692357743a78f234496170c2c01aad7beb797a2cb85687413b83d15a8629e2c538be1d8daee2fc324bc9d208f503de1b74886e3128b374bea01d265a55f22941fa8c99a2e73927c937d15272877def5f02f9a7dc3a4695f5fc7f09e40f55bcea4d9edd0453834808cb5442e01b10166312ab4505dbbce92a6658edd7e70feeaaed239b36ee339edce7995d75edd673659d690bef62e076aeb8e34ce4ce7884c1110357bcbe53f9ea33caeeafd3327a9e7e4ca22cbd255f2bc2270b679a173be49c911d53d8b567aa4828d1b8052a26dc777defba0438ad9ff8aeba70f50492ab25ffc150753382b728d0da1913db99f6c686427a1c1458ba2726e8bbd60fea60906c3fedc8947d42c0ce685f52b7d46150bb106c69901575e6610e79cb0e7d8430f8cf7f9dff02c789c8413d040000, NULL, 3, NULL, 142158),
  (274583, 2, 0x1f8b0800000000000000a553db4ec240107df72b9abe5b5ac52866a851d040620c11fc80850eb8c95e9abd18f4eb9d6d6929d437dfe65cf6b473ba8587bd14d1171acbb51ac75992c611aa8d2eb8da8de38fd5cbe55dfc905f00163e29bd293c2656329b382ed1b1b520a8051d4f3c4f1eade53b2551b985c12d1acac1b9daea63fc30ce41692357743a78f234496170c2c01aad7beb797a2cb85687413b83d15a8629e2c538be1d8daee2fc324bc9d208f503de1b74886e3128b374bea01d265a55f22941fa8c99a2e73927c937d15272877def5f02f9a7dc3a4695f5fc7f09e40f55bcea4d9edd0453834808cb5442e01b10166312ab4505dbbce92a6658edd7e70feeaaed239b36ee339edce7995d75edd673659d690bef62e076aeb8e34ce4ce7884c1110357bcbe53f9ea33cab2fbeb9445cfd38f4994a5b7646c55f864e150f36687a033b2630acbf64c1509251ab740c584fbae2f5e9700a7f513df5537ae9e4072b5e43f18ba6e46f016055a3b63623bd3ded8d0488f83024bf7c4047dd8fa411d0c92eda71d99b24f08d819ed4b2a974a0c6a17822d0db2a2ce3ccc216fd9a18f1006fff9b1f35f6f75571a3e040000, NULL, 3, NULL, 142159),
  (274584, 2, 0x1f8b0800000000000000a553db4ec240107df72b9abe5b8a685033d42868203184087ec04207d8642fcd5e0cfaf5ceb6b414ea9b6f732e7bda39ddc2d3418ae80b8de55a8de27e92c611aa8dceb9da8de2cfd5dbf57dfc945d01e63e29bcc93d2656329b382ed1b1b520a8051d4f3c4f9eade53b2551b985c12d1acac199daea53fc6d9c81d246aee874f064699242ef8c81355a37ef783a2cb846875e3383d15a8629e2f9281e3e3cdcc4d9753f254b2d540ff8a8d131bac1a0ccd2f99c76186b55cae704e95366f28ee79224df584bc91d76bd7f09e49f70eb1855d6f1ff25903f54f1ae3759ff2e986a444258a614025f83b01893582e2ad866aecb98db72bf2e7f74976d9fd8b4765ff0e4becc6cab6bb79e29eb4c53781b03b733c51d672273c623f44e18b8e2d59dca56fb68f038488be875f2398efae9907c8d087b16ced42f76ccb9205ba6b06bc7549250a0710b544cb8efeadeb509705abff05d79e1aa0924574bfe83a1ea7a046f51a0b55326b653ed8d0d857438c8b1702f4cd077ad1ed4c220d961d29229fb8c809dd1bea06ea9c3a0b621d8c220cbabcce31cf2962dfa04a1f79fff3afb056690ba8b3d040000, NULL, 3, NULL, 142160),
  (274585, 2, 0x1f8b0800000000000000a593db4ec2401086ef7d8aa6f794e2218a194a0434901842441e60a1036eb287660f467d7a675b5a0af5cebbf9ffffdb6967ba85f19714d1271acbb51ac583248d23543b9d737518c59bf797de433cceae00739f14dee41e132b994d1c97e8d85690d4828e279e274fd6f28392a8dccae01e0df5c185daeb53fbdb3803a58d7ca7d381c9d22485fe99035bb46ed9613a2eb826877e5383d15a862ae2f928be1f0eafe3ac374809a983ea016fb53ab66e3428b3763ea719a65a95f1b941f99c99bcc35c9ac44db594dc6197fd2b207ec6ad63b4b20eff57407c58c5abde6583bb00d58a82304c1904bf16613026b11c54b0dd52976d6ecbf9bafe912eb77d72d39abef089beecd94eb76ebb50d69966e16d0ddc2e14779c89cc198fd03f69e08a57772a7b89868f37298b9e679b693448ef096b32f860e148fd5ec73617660b0aa376a0d284028d5ba162c27d57d7ae6d80d37ac20fe57dab2a905cadf90f864dd725788b02ad9d33b19f6b6f6ce03b1ee458b80913f459ab07b53448f6356bc5d4fbcc8083d1bea0d5d20a43da96600b832caf7a1eebd06fddb24f12fafff9adb35f434bd2983c040000, NULL, 3, NULL, 142161),
  (274586, 2, 0x1f8b0800000000000000a553db4ec240107df72b9abe538a625033d408682031c6087cc04207dc642fcd5e8cfaf5ceb6b414ca9b6f732e7bda39ddc2e3b714d1171acbb51ac783248d23545b9d73b51fc7ebd54bef2e7eccae00739f14dee41e132b994d1c97e8d84610d4828e279e274fd6f2bd92a8dcbbc11d1acac185dae963fc30ce40692357743a78b23449a17fc2c006ad7beb783a2cb846877e3383d15a8629e2f9381edddf5fc7596f9092a516aa077cd4e810dd605066e97c4e3b4cb52ae55382f4393379c7734e926faaa5e40ebbde4b02f967dc3a469575fc9704f2872a5ef5361bdc06538d4808cb9442e06b10166312cb4505dbbee9326658eed7e50feeb2ed239bd6ee339edce7996d75e3360b659d690a6f63e076a1b8e34c64ce7884fe110357bcba53d9ea331a3ddca42c7a9eada7d1201d91af11e1938533f58b1d72cec89629ecda3195241468dc3b2a26dc4f75efda0438ad277c5f5eb86a02c9d592ff62a8ba1ec15b1468ed9c89dd5c7b6343211d0e722cdc8409faaed5835a1824fb9eb564ca3e21606fb42fa85bea30a86d08b630c8f22af33087bc658b3e42e8ffe7bfcefe001df319723d040000, NULL, 3, NULL, 142162),
  (274587, 2, 0x1f8b0800000000000000a5935b4fc2401085dffd154ddf2d45345e32d4086820318488c6e7850eb8c95e9abd18f4d73bdbd252286fbecd39e7db6967ba85c79d14d1371acbb51ac6fd248d23546b9d73b51dc61fef2f9777f163760198fba4f026f79858c96ce2b844c75682a416743cf13c79b2966f9544e516063768a80fced4461fda5fc719286de43b9d0e4c962629f48e1c58a175f30ed371c13539f49a1a8cd6325411cf87f1edfdfd559c5df65342eaa07ac05badf6ad1b0dca2c9dcf6986b156657c6c503e6526ef30a72671632d2577d865cf05c44fb8758c56d6e1cf05c48755bcea75d6bf0950ad2808c39441f06b11066312cb41055bcf75d9e6ba9cafebefe972db0737ade9139fe8d39eed74e55633659d6916ded6c0ed4c71c799c89cf108bd8306ae7875a7b2cf68f030488be879f2318efae92d614d065f2c1ca9df6bdfe6c46c4161d40e549a50a0710b544cb89feadab50d705a8ff8b6bc6f550592ab25ffc5b0e9ba046f51a0b553263653ed8d0d7cc7831c0b3762823e6bf5a09606c97693564cbd8f0cd81aed0b5a2dad30a46d09b630c8f2aae7be0efd962dfb20a1f79fdf3afb0384fe0d3f3c040000, NULL, 3, NULL, 142163),
  (274588, 2, 0x1f8b0800000000000000a593db6eda401086eff31496af1b1fdab4a1d5b051036d40aa5054c8032c78a02bedc1da4393e6e9336b636370ee7a37ffff7f3bf68cd770f7a264f217ad13464fd3322bd204f5ce54421fa6e9d3e6e7f524bd63578055c8ea60ab809953dc655e28f47c2b491a49c7b320b2efce898356a8fda3c53d5aea834bbd37a7f63729036dacdad0e9c8b0222b203f73608bceaf46ccc805dfe790f735586354ac12514dd3dbaf932f29bb2e0b42baa07dc0ef4e1d5bf71ab45dfb50d10c33a39bf8dca07cc16d35622e4de2664629e171ccbe17103f17ce735ad9887f2f203eaee297d9b1cf0dd4290ae230b12ca3df89381857d80c2af96e659a361f9bf9c6fe916eb67d728b8ebef089beec394cb77ebbd4cedb7ee1430dc22db5f0824be66d40c84f1a8416ed9d629ba42cbf7d2a78f263fe344bcaa24c56f8acb8fe903cd0891e833f3c9eee5ef1d8f1c21c4071ea11d49850a3f58fa8b9f4ffda1b3834c01b732f0ecdd56b2b5042afc52bb21bc8bb12824389ce2db8dc2f4cb02ef2230f2aacfd3d97f485db070d3428fe321fc4d4fbcc808335a1a62dd336633a94e06a8bbc6a7b1eebd86f3db04f12f2fff9c3d91b01d7907c47040000, NULL, 3, NULL, 142164),
  (274589, 2, 0x1f8b0800000000000000a593db4edb401086effb1496afc1070a2d54934525a14d241421121e60134fc24a7bb0f6d0d23e7d67edd87162ee7a37ffff7f3bf68cd770ffae64f20bad13464fd2322bd204f5d65442ef27e9ebfac7e56d7acf3e015621ab83ad02664e719779a1d0f38d2469241dcf82c8be3b27f65aa1f6cf167768a90f2ef4ce1cdb5fa70cb4b16a4da723c38aac80fcc4810d3abf1c3123177c9f43ded7608d51b14a443549bfdedd7e49d9655910d205ed035e3a7568dd6bd076e54345334c8d6ee25383f239b7d5883937899b1aa584c731fb5140fc4c38cf696523fea380f8b88a27b365370dd4290ae230b12ca3df89381857d80c2af976699a3657cd7c63ff4037db3eba45479ff9449ff71ca61bbf5968e76dbff0a106e1165a78c125f33620e4470d428bf64eb1f55b5296df3e173c799cbd4e93b2289325fe565c5f243fe948cfc11b8fc7bb773cb43c3307501c7b043526d468fd336a2efd9ff60a0e0df0c63c887d73f7da0a94d02bf117d935e45d09c1a144e7e65ceee6265817f9910715d6fe814bfac4ed83061a147f9f0d62ea7d62c0de9a50d39a699d311d4a70b5455eb53d0f75ecb71ad84709f9fffce2ec1f3450c77b48040000, NULL, 3, NULL, 142165),
  (274590, 2, 0x1f8b0800000000000000a5935b4fdb401085dff915969f8b2f2d055a4d1695a4349150841a509f37f1245d692fd65e28f0eb99b563c78979ebdb9c73be1d7bc66bb87951327946eb84d193b4cc8a3441bd3195d0bb49faf478777e9ddeb033c02a6475b055c0cc29ee322f147abe96248da4e35910d90fe7c44e2bd4fec1e2162df5c185de9a43fb8b948136563dd2e9c8b0222b203f72608dce2f47ccc805dfe790f735586354ac12514dd2ab6fd797293b2f0b42baa07dc0ef4eed5bf71ab45df950d10c53a39bf8d8a07cce6d35624e4de2a64629e171cc7e14103f13ce735ad988ff28203eaee2de6cd8d706ea140571985896d1ef441c8c2b6c06957cb3344d9bcfcd7c637f4f37db3eb845479ff8449ff61ca66bbf5e68e76dbff0a106e1165a78c125f33620e4070d428bf64eb13f49597eff52f0e4e7ec699a9445992cf19fe2fa53f28b4ef418fce5f174f78afb8e27e6008a538fa0c6841aad7f40cda57f6d6fe0d0006fccadd83557afad4009bd126fc82e20ef4a080e253a37e7723b37c1bac88f3ca8b0f6b75cd2176e1f34d0a0f8cb6c1053ef230376d6849ab64cdb8ce95082ab2df2aaedb9af63bfd5c03e48c8ffe70f67eff9c800a147040000, NULL, 3, NULL, 142166),
  (274591, 2, 0x1f8b0800000000000000a593cb4ee3401045f77c85e535d8062211461523480625234068029a7527ae645aea87d50fc4f0f554db71d28eb39b5ddd5ba7af5de536dc7d4a917ca0b15cab497a991569826aad2baeb693f4fdedf1629cde95678095cf6a6f2a8f9995cc668e4b746c25486a41c733cfb37b6bf9564954eed5e0060de5e0426df4217e9496a0b4916f743a3065911590f71c58a1752fb173310ad0c006b70f817c5f83d15a862ae1d524bdb91ddfa414007967b7f9bf3b155a3d0394593a5fd10c53ad9ae8be41fd3933d5803936899b6a29b9c3217baa41fc8c5bc7686503fe5483f8b08927bd2eaf4701ea1435c2304d23f89d08833189cda082ad5f7434dfd0dfd1cdb24fd0473ed1c754dc5db9d5425967ba8fd5d3c0ed4271c799289df108f9410357bcbd53e5f39f64fce3ba60c9cfd9fb34b92cae9299c6f3e417e17b06feb270b47bbf5ddc91194161e401d49850a371afa89870ffda2b1a1be0b47ee0dbe6dab51548ae96fc0bcb2bc8bb12bc4581d6ce99d8ccb53736f0030f2aacdd0313f479db07451a24fb9c456dcaee19b035dad7b4625a65e8c6126c6d90556de6ae0e79cbc83e48c8ffe7f72ebf01fa94773644040000, NULL, 3, NULL, 142167),
  (274592, 2, 0x1f8b0800000000000000a593dd4ee3301085ef798a28d74b12b69528aba9d1d282da1554680b0fe036d362c93f917f10f0f43b4e1bea36bddbbb39e77c1e672609dc7e2899bda375c2e8717e555479867a6d6aa1b7e3fcf5e5e17294dfb20bc03a144db075c0c229ee0a2f147abe92248da4e34510c56fe7c4562bd4fed9e2062df5c1b9de9843fb61ce401bab5ee87464d8e5b0a8a03cb26085ce2ffa50cf067f00a0fc16608d51b1ca443dceaf6f46a3bc053a7b77c1df4ec5e8c8006d973ed434c5c4e80d8b8f7764503ee3b6ee31a7267113a394f0d867cf05c44f85f39c96d6e3cf05c4c7553c9a351b0c23d4290ae2306d10fd4ec4c1b8c27650c9d70b93ccd7f7f774bbed33f4894ff42995a62bbf9a6be76dbbe0f82e530dc2cdb5f0824be66d40280f1a8416bbaf8a3d3d6457d5af41c5b3fbe9eb84ea413635f823fb43fc37046f3c9eed1e70dfefc44ca038730f6a4d68d0fa67d45cfa4f56c5ef2f35c01b7327b671947d054ae8a5f842f613caae84e050a273332e373313ac8b7ccf831a1b7fc725bddfdd458906c53fa6494cbd8f0cd85a131ada31ed32a6a904d758e4f5aee7be8efd96897d9050fecf1fcefe0100f64cab47040000, NULL, 3, NULL, 142168),
  (274593, 2, 0x1f8b0800000000000000a553c94ee34010bdf31596cf603b84d100aa3482644689841022e1033a7125b4d48bd5cb8899af9f6a6f71626edcea2dfdec7a6ec3c3a792c91fb44e183d4b27599126a877a614fa304bdf37bfaf6ed30776015886ac0ab60c9839c55de68542cfb792a091743c0b227b744e1cb442ed5f2deed1520eaef4de1ce36f5206da58b5a1d3d1c38aac80fc84812d3aff32f28c58f0bd0e793f833546c52911e52cfd7977374dd9d5a4204b27340f78eb501bdd63d076ed43493bcc8daee55382f425b7e5c8734e926f6e94121ec7deaf04f22f84f39c2a1bf9bf12c81fab78363b76fd239a3a44425c268e93c877202ec615d68b4abe7b3175ccb4de6fccb7eebaed235b74ee339edce7994375ebb72bedbced0b1f62106ea585175c326f03427ec420b468ee14db7c24d3fb695125bf16eff36452dc266d1997c99a8ef43ef8e0f178f78e6de4193930c5b547a69a840aad7f45cda5ffdb5cc12101de982771a8ef5e3381127a2dfe616cbd1b213894e8dc92cbfdd204ebd835e4230e4aacfc1397f4899b070d3028feb918c8947d42c0c19a5051cd54675487105c6591974d663bc7bcf5803e42c8bff38bb3ffff1ddb6848040000, NULL, 3, NULL, 142169),
  (274594, 2, 0x1f8b0800000000000000a553c94ec33010bdf31551ce902614c4a26910b4a0162184287c80db4c8b252f9117047c3de36c4d1b6edce62d7ec9bc3870f32545f489c672ad267196a471846aad0baeb693f8fdede1e432bec98f000b9f94de141e132b994d1c97e8d84a10d4828e279e27b7d6f2ad92a8dc8bc10d1acac185dae85dfc599c83d246bed1e9e0c9d32485d11e032bb4ee79e019b0e03a1d46dd0c466b19a6881793f8e2ea6a1ce727594a9656a81ff0daa226bac3a0ccd2f98276986a55c9fb04e973668a81e79024df544bc91d0ebd7f09e49f71eb185536f0ff25903f54f1a4d7f9e97930b58884b04c18b3c0b7202cc624568b0ab67ed655ccb8da6fc837eeaaed1d9bb6ee039edc87997d75e5560b659de90aef63e076a1b8e34ce4ce7884d10e0357bcbe53f943945d8fd332ba9fbd4fa32cbd8c9a2e8ea3473ad1d9e08385d3ed2b36890764cf14b61e982a124a34ee051513eebbbe817d029cd6777c5b5dbd7a02c9d592ff6028bd1dc15b1468ed9c89cd5c7b63837fc04181a5bb6382be70fda01e06c9be663d99b2f708d81aed4b6a99da0c6a1f822d0db2a2ce6ce690b7ecd13b08a3fffce1f92f7b852ef047040000, NULL, 3, NULL, 142170),
  (274595, 2, 0x1f8b0800000000000000a553c94ec33010bdf31551ce902614c4a26910b4a0564208d1f2016e332d96bc445e10f0f58cb3356db8719bb7f825f3e2c0dd9714d1271acbb59ac45992c611aa8d2eb8da4de2f7d5d3d9757c979f00163e29bd293c2656329b382ed1b1b520a8051d4f3c4feeade53b2551b957835b3494830bb5d5fbf88b3807a58d5cd1e9e0c9d32485d101036bb4ee65e019b0e03a1d46dd0c466b19a6881793f8eae6661ce767594a9656a81ff0d6a226bac3a0ccd2f98276986a55c98704e973668a81e79824df544bc91d0ebd7f09e49f71eb185536f0ff25903f54f1ac37f9f96530b58884b04c18b3c0b7202cc624568b0ab679d155ccb8da6fc837eeaaed3d9bb6ee239edcc7997d75edd60b659de90aef63e076a1b8e34ce4ce7884d11e0357bcbe53f9ea23ca6ec769193dcedea751965e474d19a7d1928e743ef860e178fb8e4de411d93385b507a68a84128d7b45c584fbaeaf609f00a7f503df5577af9e4072b5e43f185a6f47f016055a3b67623bd7ded8e01f705060e91e98a04f5c3fa88741b2af594fa6ec03027646fb926aa63a83da87604b83aca8339b39e42d7bf41ec2e83fbf78fe0b2cfa8d0748040000, NULL, 3, NULL, 142171),
  (274596, 2, 0x1f8b0800000000000000a553db4ec240107df72b9a3e6b29a251cc50a3a001638811fd80850eb8c95e9abd18f5eb9ded8d427df36dce654f3ba75bb8fd9222fa4463b956937898a471846aa373ae7693f8fdedf1ec3abecd4e00739f14dee41e132b994d1c97e8d85a10d4828e279e2777d6f29d92a8dc8bc12d1acac185daea7dfc459c81d246bed1e9e0c9d22485c101036bb46ed9f3f45870ad0e837606a3b50c53c4f3497c351e8fe2ec6c9892a511aa07bc36a88e6e3128b3723ea71da65a95f22141fa9c99bce73926c937d55272877def5f02f967dc3a4695f5fc7f09e40f553ceb4d767e194c0d22212c13c661e01b10166312cb4505db2c7519332af7ebf3b5bb6c7bcfa68dfb8827f77166575dbbf5425967dac2bb18b85d28ee381399331e61b0c7c015afee54f6188d6f46298b1e66efd368985e477517a7d1139d686df0c1c2e9e615ebc423b2630a5bf74c2509051af7828a09f75dddc02e014eeb7bbe2baf5e3581e46ac57f3094de8ce02d0ab476cec476aebdb1c1dfe320c7c2dd33415fb87a500783645fb38e4cd90704ec8cf605b54c6d06b50bc11606595e65d673c85b75e83d84c17ffef0ec172056788247040000, NULL, 3, NULL, 142172),
  (274597, 2, 0x1f8b0800000000000000a593cb6edb301045f7fd0a41eb5a8fc648d362cca0b113d84513047582ae696bec101049818f22edd7772859326d79d7dddc7b0f479a1105b7efb24e7ea3b142ab595a66459aa0daea4aa8fd2c7d7d7998dca4b7ec0360e5b3c69bca636625b79913121ddfd424754dc7332fb26fd68abd92a8dcb3c11d1aea832bb5d3c7f6d39481d246bed0e9c0b0222b203f716083d63d8d98910b6ec8211f6a305acb5025a29aa59fbfdc5ca76c521684f441f7809fbd3ab41e3428b376bea219e65ab5f1a941f9929b6ac49c9bc4cdb594c2e198bd1410bf10d6715ad988bf14101f56f1436f59d942bda2200cd306c1ef45188c4b6c07adf9f64947f38dfd03dd6efb027de6137d4ec5e9c66d56ca3a332c3cd620ec4a092778cd9cf108f9518350a2bb53ecf1d743527efa7a5534c9fde2759e9445992c347e4cbed3818182371e0ef76f786878664650187a04b5263468dc332a5ebb3fdd058c0d705adf897d7bf3ba0aa4506bf117d914f2be046fb1466b97bcde2db53736f0230f2a6cdc1dafe903770f8a3448febe8862ea7d62c0de68dfd09269996c320dd73c76c0360679d5b53dd4a1e53ab28f12f2fff9c7d93f32467ea249040000, NULL, 3, NULL, 142173),
  (274598, 2, 0x1f8b0800000000000000a593cb6edb301045f7fd0a41eb5a8fc648d362cca0b113d84513047582ae696bec101049818f22edd7772859326d79d7dddc7b0f479a1105b7efb24e7ea3b142ab595a66459aa0daea4aa8fd2c7d7d7998dca4b7ec0360e5b3c69bca636625b79913121ddfd424754dc7332fb26fd68abd92a8dcb3c11d1aea832bb5d3c7f6d39481d246bed0e9c0b0222b203f716083d63d8d98910b6ec8211f6a305acb5025a29aa59fbfdc5ca76c521684f441f7809fbd3ab41e3428b376bea219e65ab5f1a941f9929b6ac49c9bc4cdb594c2e198bd1410bf10d6715ad988bf14101f56f1436f59d942bda2200cd306c1ef45188c4b6c07adf9f64947f38dfd03dd6efb027de6137d4ec5e9c66d56ca3a332c3cd620ec4a092778cd9cf108f9518350a2bb53ecf1d743f2e9eb55d124f78bd779521665b2d0f831f94efc00c11b0f67fb173cf43b332328cc3c825a131a34ee1915afdd9feefec50638adefc4bebd785d0552a8b5f88b6c0a795f82b758a3b54b5eef96da1b1bf891071536ee8ed7f47dbb07451a247f5f4431f53e31606fb46f68c7b44b3699865b1e3b601b83bceada1eead0721dd94709f9fffce2ec1fb25f7dcd48040000, NULL, 3, NULL, 142174),
  (274599, 2, 0x1f8b0800000000000000a593cb6edb301045f7fd0a41eb5a0fd468d260cca0b113d8451b047182ae696bec10e04320a922edd7772859326d7997dddc7b0f479a1105b7ef4a267fd03a61f42c2db3224d506f4d25f47e96bebe3c4caed35bf609b06ab2bab155839953dc655e28f47c23491a49c7b34664df9d137bad50fb278b3bb4d407577a678eeda729036dac7aa1d381614556407ee2c0069d7f1c312317fc90433ed4608d51a14a44354bafbe5d7f4dd9a42c08e983ee01cfbd3ab41e3468bbf64d4533cc8d6ee35383f225b7d5883937899b1ba584c7317b29207e219ce7b4b2117f29203eace2a7d9b2b2857a454118a60d82df8b301857d80e2af9f6d144f38dfd03dd6efb027de6137d4ec5e9c66f56da793b2c3cd620dc4a0b2fb864de3608f95183d0a2bb53ecd7ef87e4eae64bc193fbc5eb3c298b325918fc9cfc207e80e08d87b3fd0b1efa9d991114661e41ad09355aff849a4bffb7bb7fb101de983bb16f2f5e5781127a2dfe219b42de97d03894e8dc92cbddd234d6057ee44185b5bfe392be6ff7a04883e2ef8b28a6de2706ecad696ada31ed924da6e196c70eb8da22afbab6873ab45c47f65142fe915f9cfd070f61d6fe48040000, NULL, 3, NULL, 142175),
  (274600, 2, 0x1f8b0800000000000000a5935d4fea401086efcfaf687aada5448c62861a050d981363047fc04207d8643f9afd309ef3eb9d6d6959a877decdfbbecf4e3bd32ddc7f49917ca2b15cab493accf23441b5d12557bb49fab17abebc4def8b3f80a5cf2a6f4a8f9995cc668e4b746c2d486a41c733cfb3076bf94e4954eecde0160df5c185daea63fb515a80d246aee874608a3ccb6170e2c01aad7bed313d175c97c3a0abc1682d4395f07292de8c6fc769c85bb7e9fedeaa43df4e83324be74b1a60aa551d9f1a94cf99297bccb949dc544bc91df6d99f02e267dc3a46fbeaf13f05c4873dfcd59be2ba865a4541182694a3e0b7220cc624d6830ab679d5759beb7abebe7fa0eb551fdd614b9ff944476a1ca8385dbbf5425967ba85c71ab85d28ee381385331e6170d4c0156f2e54b1da27c3fcee2a67c9d3ec634af52859d20ef717c90b9de830d8b370ba7dc543c7333382c2d43da836a142e3de5031e1fe35d72f36c069fdc877f5bd6b2a905c2df97f0c3b6a4bf016055a3b67623bd7ded8c0f73c28b1728f4cd0176e1e146990ec6b16c5d4fbc4809dd1bea22dd3368bcb614e40ec80ad0cb2b2697ba843cb65641f250c7ef38717df0b8c4ae747040000, NULL, 3, NULL, 142176),
  (274601, 2, 0x1f8b0800000000000000a593cb6edb301045f7fd0a41eb460fc4419c62cc20b15bd8451104b5f301b4357608f021905490e4eb3b942c99b6b2eb6eeebd8723cd8882fb77259337b44e183d4bcbac4813d43b53097d98a52f9b5f57d3f49e7d03ac9aac6e6cd560e6147799170a3ddf4a9246d2f1ac11d98373e2a0156aff6c718f96fae04aefcda9fd2465a08d551b3a1d18566405e4670e6cd1f9a7113372c10f39e4430dd61815aa4454b3f4f66e7a9786bc77bbee7f7b75ec3b68d076ed9b8a06981bddc6e706e54b6eab1173691237374a098f63f6ab80f885709ed3be46fc5701f1610f7fcc8eddb450af2808c3847212fc5e84c1b8c27650c9774fa66d73d3ce37f68f74bbea935bf4f4854f74a4a6818ad3addfaeb4f3765878ac41b895165e70c9bc6d10f29306a14577a1d826297f5c1775f273f1324fca6292ac6983afdf93dfc40f10bcf270b67fc163bf0b3382c2cc23a835a146eb9f5173e93fbacb171be08d791487f6d6751528a1d7e2135909795f42e350a2734b2ef74bd35817f8910715d6fe914bfabedd83220d8abf2fa2987a9f1970b0a6a969c7b44b76551604c40eb8da22afbab6c73ab45c47f64942fe3fff37fb076042dc8445040000, NULL, 3, NULL, 142177),
  (274602, 2, 0x1f8b0800000000000000a593dd6eda401085effb1496af1b63945421d5b05103ada0aaa2a8900758f0002bed8fb53f5192a7efac8dcd82b9ebdd9c73be1d7bc66b787c57327b43eb84d1d37c5c9479867a6b2aa1f7d3fc75fdeb66923fb22f805528ea60ab808553dc155e28f47c23491a49c78b208a1fce89bd56a8fd8bc51d5aea834bbd33a7f67739036dac5ad3e9c8b0b2286174e6c0069d7f1e3003177c9fc3a8afc11aa36295896a9adf3f4c2679cc3bb7edfeb753c7bebd066d573e5434c0cce8263e37285f705b0d984b93b899514a781cb2d702e2e7c2794efb1af0d702e2e31efe982dfbd6409da2200e13cbbbe877220ec61536834abe7d36c97c43ff4837abbe425ff844276a12a934ddf8cd523b6ffb85a71a845b6ae10597ccdb80303a69105ab4178aad0fd9c3f7db92673fe7afb36c5cde662b5ae1e16bf69b0ef4141c783cdcbde1b1e185994071e801d49850a3f52fa8b9f41feded4b0df0c63c893d1bd3b56b2b5042afc42746ab2b213894e8dc82cbddc204ebe2ec030f2aacfd1397f481db07251a147f9f2731f53e33606f4da869c9b44c76332e09481d70b5455eb56d8f756cb94aec9384d1fffce0ec1fa19297ea46040000, NULL, 3, NULL, 142178),
  (274603, 2, 0x1f8b0800000000000000a593dd6eda401085effb1496af1b632ba94aab61a3065a41554551200fb0e00156da1f6b7faab44fdf591b9b0573d7bb39e77c3bf68cd7f0f8ae64f61bad1346cff2aa28f30cf5ced4421f66f9dbe6c7dd347f641f00eb5034c1d6010ba7b82bbc50e8f9569234928e174114df9c1307ad50fb178b7bb4d407577a6fceed1f7206da58b5a1d391616551c2e4c2812d3aff3c62462ef82187c950833546c52a13f52cfffc653acd63debb5df7d75e9dfa0e1ab45dfb50d30073a3dbf8d2a07cc96d3d62ae4de2e64629e171ccde0a885f08e739ed6bc4df0a888f7bf86576ec530bf58a82384c2c1fa2df8b381857d80e2af9eed924f38dfd13ddaefa067de5139da869a4d274ebb72bedbc1d169e6a106ea585175c326f03c2e4ac4168d15d28b6396655f5f5bee4d9f7c5db3cabcafb6c4d3b3c7ecc7ed2890183238fa7fb573c75bc3213284e3d825a131ab4fe053597fe4f77fd5203bc314fe2c02aba775d054ae8b5f88bd1ea4b080e253ab7e472bf34c1ba38fcc8831a1bffc4257de1ee418906c5df17494cbd2f0c3858131ada326d93dd552501a903aeb1c8ebaeeda98e2dd7897d9630f99f3f9cfd033ca994a847040000, NULL, 3, NULL, 142179),
  (274604, 2, 0x1f8b0800000000000000a593dd4edb401085effb1496afc1712888b49a2c2a0928a92a841a78804d3c092bed8fb53f0878facedab1b38973d7bb39e77c3bf68cd770f7a164f68ed609a3a7f9b828f30cf5c65442efa6f9ebcbe3e524bf63df00ab50d4c156010ba7b82bbc50e8f95a9234928e174114bf9c133bad50fb678b5bb4d407977a6b0eedaf7306da58f542a723c3caa284d191036b74fe69c00c5cf07d0ea3be066b8c8a5526aa697efb63729bc7bc73dbee7f3bb5efdb6bd076e5434503cc8c6ee26383f205b7d5803935899b19a584c7217b2e207e2e9ce7b4af017f2e203eeee18fd9b09b06ea14057198585e47bf137130aeb01954f2cd9349e61bfa7bba59f519fac4273a5137914ad3b55f2fb5f3b65f78aa41b8a5165e70c9bc0d08a38306a1457ba1d86336f9f9bde4d9c3fc75968dcbab6c451b7cbbc87e13df43f0c6e3d9ee05f7fd4ecc048a330fa0c6841aad7f46cda5ff6c2f5f6a8037e65eecd8986e5d5b81127a25be305a5d09c1a144e7165c6e17265817471f785061edefb9a4efdb3e28d1a0f8c73c89a9f791013b6b424d3ba65db2cb714940ea80ab2df2aa6dbbaf63cb55621f248cfee7ff66ff00816d8e6345040000, NULL, 3, NULL, 142180),
  (274605, 2, 0x1f8b0800000000000000a593cb6edb301045f7fd0a41eb468f3c50b7183368ec1676500441ed7c006d8d1d027c08241524fdfa0c254ba62defba9b7befe14833a2e0fe5dc9e40dad13464fd3322bd204f5d65442efa7e9cbfaf7d524bd675f00ab26ab1b5b359839c55de68542cf3792a491743c6b44f6d339b1d70ab57fb6b8434b7d70a977e6d8fe3665a08d556b3a1d18566405e4270e6cd0f9a7113372c10f39e4430dd61815aa4454d3f4dbf7c9240d79ef76ddfff6ead077d0a0edca37150d3033ba8d4f0dca17dc5623e6dc246e6694121ec7eca580f8b9709ed3be46fca580f8b0873f66cbee5aa85714846142791bfc5e84c1b8c27650c9b74f269a6fec1fe876d517e8339fe848dd052a4e377eb3d4cedb61e1b106e1965a78c125f3b641c88f1a8416dd8562eba4bcfe7153d4c9aff9cb2c298b9b64452b7cfd9a3cd2818182571e0ef76f786878664650187a04b526d468fd336a2efd4777fb6203bc310f62cf4aba765d054ae895f887c1ea4b681c4a746ec1e56e611aebd835e4230f2aacfd0397f481bb07451a147f9f4731f53e31606f4d53d3926999ecaa2c08881d70b5455e756d0f7568b98aeca384fc7f7e70f609fc38d54346040000, NULL, 3, NULL, 142181),
  (274606, 2, 0x1f8b0800000000000000a593cb6edb301045f7fd0a41eb4696d204498a3183c66e61174510d409b2a6adb143800f818f22edd7772859326d7997dddc7b0f479a1105f7ef4a667fd03a61f434af8a32cf506f4c2df46e9abf3cffb8b8cdefd927c03a144db075c0c229ee0a2f147abe96248da4e34510c537e7c44e2bd4fec9e2162df5c1a5de9a43fbab9c8136563dd3e9c8b0b2286172e4c01a9d7f1c312317fc90c364a8c11aa36295897a9adfdcdddee431efddaefbef5eedfb0e1ab45df950d30033a3dbf8d8a07cc16d3d624e4de2664629e171cc9e0b889f0be739ed6bc49f0b888f7bf86536ecba857a45411c269657d1ef451c8c2b6c07957cf36892f9c6fe9e6e577d863ef1894ed475a4d274edd74bedbc1d169e6a106ea985175c326f03c2e4a04168d15d28f69a55975fbf944df67dfe32cbaaf2325bd10adf3e673fe9c040c11b8f87fb37dc373c3113280e3d825a131ab4fe093597fe6f77fb5203bc310f62c72aba765d054ae895f887d1ea4b080e253ab7e072bb30c1ba38fbc8831a1bffc0257de0ee418906c5dfe7494cbd8f0cd859131a5a322d935d542501a903aeb1c8ebaeedbe8e2d57897d9030f9c80fcefe03d368652346040000, NULL, 3, NULL, 142182),
  (274607, 2, 0x1f8b0800000000000000a593dd4edb401085effb1496afc1b12908a8268b4a52945415420d3cc0269e8495f6c7da9f8af6e93b6bc7ce26ce1d7773cef976ec19afe1e143c9ec0f5a278c9ee65551e619ea8da985de4df3b7d7a7cbbbfc817d01ac43d1045b072c9ce2aef042a1e76b49d2483a5e04517c774eecb442ed5f2c6ed1521f5ceaad39b4bfce196863d52b9d8e0c2b8b1226470eacd1f9e7113372c10f394c861aac312a5699a8a7f9edfddd6d1ef3deedbaffeed5beefa041db950f350d3033ba8d8f0dca17dcd623e6d4246e6694121ec7ecb980f8b9709ed3be46fcb980f8b8875f66c36e5aa85714c46162791dfd5ec4c1b8c27650c937cf26996fecefe976d567e8139fe844dd442a4dd77ebdd4cedb61e1a906e1965a78c125f336204c0e1a8416dd85624f5975f5ed6bd9643fe66fb3ac2aafb215adf0fd22fb4907060ade793cdcbfe1bee189994071e811d49ad0a0f52fa8b9f47fbbdb971ae08d79143b56d1b5eb2a5042afc43f8c565f427028d1b90597db8509d6c5d9471ed4d8f8472ee903770f4a3428fe314f62ea7d64c0ce9ad0d0926999ecb22a09481d708d455e776df7756cb94aec8384c9677e70f61fe199eaa846040000, NULL, 3, NULL, 142183),
  (274608, 2, 0x1f8b0800000000000000a593dd6eda401085effb1496af13639434a5d5b051028da0aaa2a8900758f04056da1f6b7fa2a44fdf591b9b0573d7bb39e77c3bf68cd770ffa164f68ed609a3a7f9b828f30cf5d65442efa7f9ebfae97a92dfb32f805528ea60ab808553dc155e28f47c23491a49c78b208a07e7c45e2bd4fec5e20e2df5c1a5de9963fbdb9c813656ade97464585994303a716083ce3f0f98810bbecf61d4d7608d51b1ca4435cdbf7d9f4cf298776edbfd4fa70e7d7b0ddaae7ca8688099d14d7c6a50bee0b61a30e7267133a394f038642f05c4cf85f39cf635e02f05c4c73dfc365bf6b5813a45411c2696b7d1ef441c8c2b6c06957cfb6c92f986fe816e567d813ef3894ed45da4d274e3374bedbced179e6a106ea985175c326f03c2e8a84168d15e28b6ce263f6e4a9efd9cbfceb2717993ad68836f57d92fe27b08de783cdbbde0a1df99994071e601d49850a3f52fa8b9f49fede54b0df0c63c8a3d1bd3ad6b2b5042afc45f8c5657427028d1b90597bb8509d6c5d1071e5458fb472ee9fbb60f4a3428fe314f62ea7d62c0de9a50d38e6997ec7a5c12903ae06a8bbc6adb1eead87295d84709a3fff9bfd93fabf3f4af45040000, NULL, 3, NULL, 142184),
  (274609, 2, 0x1f8b0800000000000000a593dd6eda401085effb1496af13632b694bab61a3045a41554551210fb0e081acb43fd6fe54699fbeb336360be6ae7773cef976ec19afe1e15dc9ec375a278c9ee55551e619ea9da9853eccf2d7cdf7db69fec03e00d6a16882ad03164e715778a1d0f3ad2469241d2f82281e9d1307ad50fb178b7bb4d407577a6f4eedef7306da58b5a1d391616551c2e4cc812d3aff3c62462ef82187c950833546c52a13f52cfffc653acd63debb5df75fbd3af61d3468bbf6a1a601e646b7f1b941f992db7ac45c9ac4cd8d52c2e398bd1610bf10ce73dad788bf16101ff7f0d3ecd8c716ea1505719858de47bf177130aeb01d54f2ddb349e61bfb47ba5df515fac2273a519f2295a65bbf5d69e7edb0f05483702b2dbce092791b1026270d428bee42b14d56555fef4a9e7d5bbcceb3aabccbd6b4c2b79bec071d182878e3f170ff86c786176602c5a147506b4283d6bfa0e6d2ffe96e5f6a8037e6491c5845d7aeab4009bd167f315a7d09c1a144e7965cee97265817671f795063e39fb8a40fdc3d28d1a0f8fb2289a9f79901076b42434ba665b2dbaa242075c0351679ddb53dd6b1e53ab14f1226fff383b37feb29740346040000, NULL, 3, NULL, 142185),
  (274610, 2, 0x1f8b0800000000000000a593dd6ed3401085ef790acbd7d476688180265bd10494a0aaaa48fa009b7892aeb43fd6fea0c2d3336bc7ce26ce1d7773cef976ec19afe1fe4dc9ec375a278c9ee593a2ca33d43b530b7d98e52f9b1f37d3fc9ebd03ac43d1045b072c9ce2aef042a1e75b49d2483a5e04517c734e1cb442ed9f2deed1521f5ce9bd39b5bfcb196863d5864e4786554505e599035b74fe69c48c5cf0430ee550833546c52a13f52cfffc653acd63debb5df75fbd3af61d3468bbf6a1a601e646b7f1b941f992db7ac45c9ac4cd8d52c2e398bd1610bf10ce73dad788bf16101ff7f06876ec630bf58a82384c2cefa2df8b381857d80e2af9eec924f38dfd23ddaefa0a7de1139da84f914ad3addfaeb4f3765878aa41b895165e70c9bc0d08e54983d0a2bb506c934daaafb715cfbe2f5ee654df666b5ae1ebfbec271d182878e5f170ff86c786176602c5a147506b4283d63fa3e6d2ffe96e5f6a8037e6411cd884ae5d5781127a2dfe62b4fa12824389ce2db9dc2f4db08e7d8072e4418d8d7fe0923e70f7a04483e26f8b24a6de67061cac090d2d9996c96e261501a903aeb1c8ebaeedb18e2dd7897d9250fecf0fcefe01c36daf0046040000, NULL, 3, NULL, 142186),
  (274611, 2, 0x1f8b0800000000000000a593dd4edb401085ef790acbd7e0d81004541323485a251542a8090fb08927c94afb63ed0fa27dfacedab1b389b9e36ece39df8e3de3353c7e4a917ca0b15cab495a64799aa0dae88aabdd247d5ffdbaba4f1fcb0bc0ca67b53795c7cc4a6633c7253ab61624b5a0e399e7d993b57ca7242af766708b86fae0426df5b1fd382d41692357743a30659ee5303a71608dd6bd0e98810baecf61d4d760b496a14a783549ef1eee1fd290776edbfd4fa70e7d7b0dca2c9daf6880a9564d7c6a503e67a61a30e72671532d25773864bf0a889f71eb18ed6bc07f15101ff6f0a237e56d03758a82304c28c7c1ef44188c496c06156cf3aa9b3637cd7c43ff4037ab3eba45479ff94447ea2e5071ba76eb85b2cef40b8f3570bb50dc71264a673cc2e8a8812bde5ea872b54f8aeb1f37799dfc9cbd4f93221f274bdae1fe32f94d277a0cf62c9cee5ef1d0f1cc8ca030f5006a4ca8d1b837544cb8bfedf58b0d705a3ff35d73efda0a24574bfe0fc38eba12bc4581d6ce99d8ceb53736f0030f2aacdd3313f485db07451a24fb9c4531f53e316067b4af69cbb4cdf2aac809881db0b54156b56d0f7568b98ceca384d177fef0f23fa60cb7b547040000, NULL, 3, NULL, 142187),
  (274612, 2, 0x1f8b0800000000000000a5534b6fe23010bef75744b993842eea6335b82a5004d2aaaa96567b3664602df911f951b5fdf53b4e0809a4b7bdcdf7f067cf64020f1f4a26ef689d307a9a8eb3224d50ef4c29f4619abebd2e4777e903bb022c4356055b06cc9ce22ef342a1e75b49d0483a9e05913d3a270e5aa1f62f16f7682907d77a6fbaf849ca401bab5ee974f4b0222b203f63608bce3f0f3c0316fc4987fc54833546c52a11e534bdbdbfbb49d9685c90a5159a0b7eb7e8187dc2a0edc687927a981b5dcbe704e92b6ecb81e79224dfdc28253c0ebddf09e45f08e7398d6ce0ff4e207f1cc52fb36393dad422126233b11c47be05b131aeb06e54f2ddb3a963aeebfe86fcd15d4fbb638bd67dc193fb32b3af6efd76ad9db7a781f73108b7d6c20b2e99b70121ef30082d9a9d627f96c9b8f8f9a3e0c9d3e26d4e35f5d6a9f097c743edcb8e411764cf149b1d986a122ab4fe053597feb359bc3e01de989938d41bd754a084de882f6413c8db12824389ceadb8dcaf4cb02e4e64c04189959f71491fb6b9a88741f18f454fa6ec33020ed6848a864b4364a3495cef3e03aeb2c8cb26f658c7c84d8fee20e4fff36fb37fa42ddff841040000, NULL, 3, NULL, 142188),
  (274613, 2, 0x1f8b0800000000000000a593db6eda401086effb1496eff141416d5a0d1b35d008a4368a42f2000b1ee84a7bb0f6502579faceda1816cc5deee6ffff6fc79ef11aeede94ccfea175c2e8595e17559ea1de9a46e8fd2c7f7d7998dce677ec0b60138a36d82660e1147785170a3ddf489246d2f12288e2a77362af156aff64718796fae04aefcca9fd3467a08d552f743a32ac2a2a28cf1cd8a0f38f2366e4823fe6501e6bb0c6a85865a299e5dfbedf7ecdd9a4ae081982fe01cf833ab43e6ad076ed434333cc8deee27383f225b7cd88b934899b1ba584c7317b2d207e219ce7b4b2117f2d203eaee2b7d9b269070d8a82384c2cebe80f220ec61576834abe7d34c97c63ff4077dbbe425ff8445f5269baf19b9576de1e179e6a106ea585175c326f034279d220b4e8ef14fbf390d5f58f9b8a67bf16aff3acae68b6530a7f793c34bcd9a1d185994071d811d499d0a2f54fa8b9f4effdc54b0df0c6dc8b7d77e3fa0a94d06bf1816c0ae550427028d1b92597bba509d6457ee44183adbfe7923e6cffa04483e26f8b24a6de6706ecad092d2d9796c826d378bd53075c6b91377ddb431d5bae13fb24a1fcccbfcdfe0340f450a741040000, NULL, 3, NULL, 142189),
  (274614, 2, 0x1f8b0800000000000000a5534b6fe23010beefaf88722709bba82f0daeb6d00aa4dd0a95567b3664a096fc88fca8dafefa1d278404d25b6ff33dfcd93399c0edbb92c91b5a278c9ea6e3ac4813d45b530abd9fa62fcf0fa3abf496fd002c4356055b06cc9ce22ef342a1e71b49d0483a9e0591fd764eecb542ed571677682907977a67baf849ca401bab9ee974f4b0222b203f616083ce3f0e3c0316fc5187fc58833546c52a11e534bdbcbeba48d9685c90a5159a0b9e5a74883e62d076ed43493dcc8caee55382f405b7e5c0734e926f6694121e87deaf04f2cf85f39c4636f07f25903f8ee28fd9b2496d6a1109b199588e23df82d8185758372af9f6d1d4313febfe86fcc15d4fbb638bd67dc693fb3cb3af6efc66a99db7c781f73108b7d4c20b2e99b70121ef30082d9a9d627fff25d737bf0a9edccf5f66c9b8a0d63a115e793cd33eec907346f64cb1d781a926a142eb57a8b9f41fcddef509f0c6dc897dbd704d054ae8b5f8443681bc2d213894e8dc82cbddc204ebe240061c9458f93b2ee9bb3617f53028fe3eefc9947d42c0de9a50d16c69866c3489dbdd67c0551679d9c41eea18b9eed11d84fc3bbf36fb0fceee07ae40040000, NULL, 3, NULL, 142190),
  (274615, 2, 0x1f8b0800000000000000a593db6ed3401086ef790acbf7f5012aa068b2154d408984aa8aa40fb0892761a53d587b4085a767d6a76ce2dc7137ffff7f3bf68cd7f0f8a664f61bad13462ff2baa8f20cf5c134429f16f9ebeefbdde7fc91bd036c42d106db042c9ce2aef042a1e77b49d2483a5e04517c754e9cb442ed5f2c1ed1521fdce8a339b7bfcf196863d58e4e4786554505e585037b74fe79c6cc5cf0530ee554833546c52a13cd22fff4f050e7ecaeae081983fe013f4735b49e3468bbf5a1a119964677f1a541f99adb66c65c9bc42d8d52c2e39cbd1510bf12ce735ad98cbf15101f57f1c31c58fd3e42a3a2200ed305d11f451c8c2bec0695fcf06c92f9e6fe4077dbbe415ff9445f5369baf7fb8d76de4e0b4f3508b7d1c20b2e99b701a13c6b105af4778aedb2bafef2a1e2d9b7d5eb32abab8fc44d21fce2f1ccf862439f2b3381e2ac33a833a145eb5f5073e9fff4f72e35c01bf3244edd85eb2b50426fc55f8cab1e4b080e253ab7e6f2b836c13a760fe5cc83065bffc4257dd7fe418906c5df56494cbd2f0c3859135ada2ded70b8dda903aeb5c89bbeed50c796dbc43e4b28ffe7d766ff0093560f5540040000, NULL, 3, NULL, 142191),
  (274616, 2, 0x1f8b0800000000000000a593db4edb401086effb1496eff181a252aa891124ad12a942888407d8c493b0d21eac3d20e0e93beb533671ee7a37ffff7f3bf68cd770ff2145f28ec672ad6669991569826aa76bae0eb3f475f3e7ea677a5f7d03ac7dd678537bccac6436735ca2635b41520b3a9e799e3d58cb0f4aa272cf06f768a80faed45e1fdbdfa415286de4864e07a62ab202f21307b668ddd38499b8e0c61cf2b106a3b50c55c2eb597a7b7757a6d55559103204dd035e06d5b71e3528b376bea619e65ab5f1a941f992997ac29c9bc4cdb594dce194bd1410bfe0d6315ad984bf14101f56f157efaaf23a4083a2200cd306c11f44188c496c07156cf7a4a3f9a67e4fb7dbbe409ff9449f5371ba75db95b2ce8c0b8f3570bb52dc71262a673c427ed4c015efee54b5794bcaf2d7f78225bf17aff3a42c7e1038a6f0c6c2a1e1cdfa46676604856127506b4283c63da362c27d76172f36c069fdc80fed8deb2a905cadf917865d0f25788b02ad5d32b15f6a6f6c7503f9c4831a1bf7c8047dd8ee419106c93e16514cbd4f0c3818ed1b5a2e2db1bfdeb103b631c8eaae6d5f8796ebc83e4ac8ffe7dfaefe0165ccc95041040000, NULL, 3, NULL, 142192),
  (274617, 2, 0x1f8b0800000000000000a593cb6edb301045f7fd0a41fbc85213b44d316690d80d6ca008823af900da1a3b04f810f828927c7d877a99b6bceb6eeebd8723cd8882bb7725b3bf689d307a9e57459967a877a616fa30cf5f5f1eaf7ee477ec0b601d8a26d83a60e1147785170a3ddf4a9246d2f12288e2de3971d00ab57fb6b8474b7d70adf7e6d8fe2667a08d552f743a32ac2c4a989d38b045e79f26ccc4053fe6301b6bb0c6a85865a29ee7df6f6fab9c5d55252143d03de0cfa0fad6a3066d373ed434c3c2e8363e35285f715b4f987393b885514a789cb29702e297c2794e2b9bf09702e2e32a7e9b1dabbe46685014c461da20fa8388837185eda092ef9e4c32dfd4efe976db17e8339fe8732a4db77ebbd6cedb71e1a906e1d65a78c125f33620cc8e1a8416dd9d628f5955fdbc2e79f66bf9bac8aaf21b7163086f3c9e195eacef736626509c7502b5263468fd336a2efd4777ef5203bc310fe2d05eb8ae0225f4467c625cf550427028d1b91597fb9509d6b18a0e4c4ca8b1f10f5cd287ed9e946850fc7d99c4d4fcc4808335a1a1e5d212fbeb9d3ae01a8bbceedaf6756cb949eca384d9fffcdbec1f896ecb8441040000, NULL, 3, NULL, 142193),
  (274618, 2, 0x1f8b0800000000000000a593db6ed3401086ef790acbf7f5012aa068b2154d408984aa8aa40fb0892761a53d587b4085a767d6a76ce2dc7137ffff7f3bf68cd7f0f8a664f61bad13462ff2baa8f20cf5c134429f16f9ebeefbdde7fc91bd036c42d106db042c9ce2aef042a1e77b49d2483a5e04517c754e9cb442ed5f2c1ed1521fdce8a339b7bfcf196863d58e4e4786554505e585037b74fe79c6cc5cf0530ee554833546c52a13cd22fff4f050e7ecaeae081983fe013f4735b49e3468bbf5a1a119964677f1a541f99adb66c65c9bc42d8d52c2e39cbd1510bf12ce735ad98cbf15101f57f1c31c58fd3e42a3a2200ed305d11f451c8c2bec0695fcf06c92f9e6fe4077dbbe415ff9445f5369baf7fb8d76de4e0b4f3508b7d1c20b2e99b701a13c6b105af4778aedb20f5faaaacdbead5e97595d7d246ccae0178f47c6f71ada5c990914479d419d092d5aff829a4bffa7bf76a901de982771eaee5b5f81127a2bfe62dcf458427028d1b93597c7b509d6b17b28671e34d8fa272ee9b3f60f4a3428feb64a62ea7d61c0c99ad0d26a6985c3e54e1d70ad45def46d873ab6dc26f65942f93f7f36fb0788b8eda73f040000, NULL, 3, NULL, 142194),
  (274619, 2, 0x1f8b0800000000000000a593cb6edb301045f7fd0a41fbc8521b344d3066d0d8096ca0088238f900da1abb04f810f828d27e7d877a99b6bccb6eeebd8723cd8882fb0f25b33f689d307a9e57459967a877a616fa30cfdfdf9eae7ee4f7ec0b601d8a26d83a60e1147785170a3ddf4a9246d2f12288e2a773e2a0156aff62718f96fae05aefcdb1fd75ce401babdee87464585994303b71608bce3f4f98890b7ecc6136d6608d51b1ca443dcf6f6e6fab9c5d55252143d03de075507deb5183b61b1f6a9a6161741b9f1a94afb8ad27ccb949dcc228253c4ed94b01f14be13ca7954df84b01f17115bfcc8e555f2334280ae2306d10fd41c4c1b8c27650c977cf26996feaf774bbed0bf4994ff43995a65bbf5d6be7edb8f05483706b2dbce092791b1066470d428bee4eb1a7ece6ee5bc9b3c7e5fb22abcaef848d19fce6f1c8f05e7d9b333381e2a813a835a141eb5f5073e9ff76d72e35c01bf3200eed7deb2a50426fc43f8c9b1e4a080e253ab7e272bf32c13a462f3bf1a0c6c63f70499fb57b50a241f18f651253ef13030ed68486564b2bec2f77ea806b2cf2ba6bdbd7b1e526b18f12669ff9b3d97f8e8feaa23f040000, NULL, 3, NULL, 142195),
  (274620, 2, 0x1f8b0800000000000000a593d94ee3401045dff90acbef38f680584615a3210125124268123ea01357322df562f58280afa7da5b3a71dee6adeebda7cbae721b1e3ea5483ed058aed5342db23c4d506d75c5d57e9abeaf9f2fefd287f202b0f259ed4de531b392d9cc71898e6d04492de878e679f6c75abe5712957b33b843437d70a976fad0fe3a2d416923d7743a30659ee53039726083d6bd8e98910b6ec86132d460b496a14a78354d6fefef8bb4bc2c7242faa07dc0df5e75ad070dcaac9caf688699564d7c6c50be60a61a31a72671332d25773866cf05c4cfb9758c5636e2cf05c48755bce86d59fc0a50af2808c33441f07b110663129b4105dbbeea68beb1dfd1cdb6cfd0273ed1a7549c6edc66a9ac33c3c2630ddc2e15779c89d2198f303968e08ab777aa5c27b7bfaf72963ccddf674991df103664f08f8523fd7b756d4ecc080aa38ea0c6841a8d7b43c584fb6aaf5d6c80d3fa91ef9bfbd65620b95af16f0c9bee4bf016055abb6062b7d0ded8c08f3ca8b0768f4cd0676d1f146990ec731ec5d4fbc880bdd1bea6d5d20abbcb1d3b606b83ac6adb767568b98aec8384c9fffcd9e50f1831630c3f040000, NULL, 3, NULL, 142196),
  (274621, 2, 0x1f8b0800000000000000a593cb6edb301045f7fd0a41fbc85213b44d316690d80d6ca008823af900da1a3b04f810f828927c7d877a99b6bceb6eeebd8723cd8882bb7725b3bf689d307a9e57459967a877a616fa30cf5f5f1eaf7ee477ec0b601d8a26d83a60e1147785170a3ddf4a9246d2f12288e2de3971d00ab57fb6b8474b7d70adf7e6d8fe2667a08d552f743a32ac2c4a989d38b045e79f26ccc4053fe6301b6bb0c6a85865a29ee7df6f6fab9c5d55252143d03de0cfa0fad6a3066d373ed434c3c2e8363e35285f715b4f987393b885514a789cb29702e297c2794e2b9bf09702e2e32a7e9b1dabbe46685014c461da20fa8388837185eda092ef9e4c32dfd4efe976db17e8339fe8732a4db77ebbd6cedb71e1a906e1d65a78c125f33620cc8e1a8416dd9d628fd9f5cfb26cb25fcbd7455695df081b3378e3f1c8f05e7d9b333381e2a813a835a141eb9f5173e93fba6b971ae08d791087f6be751528a137e213e3a68712824389ceadb8dcaf4cb08e55746062428d8d7fe092be6bf7a44483e2efcb24a6e627061cac090ded9676d8dfeed401d758e475d7b6af63cb4d621f25ccfee7d766ff00d9ff995940040000, NULL, 3, NULL, 142197),
  (274622, 2, 0x1f8b0800000000000000a593cb6edb301045f7f90a41fbc8525b34493166d0d80d6ca008823841d7b4357609f021f011a4fdfa0ef5326d79d7dddc7b0f479a1105f71f4a66ef689d307a9e57459967a877a616fa30cfdf5e1faf6ff37b76055887a209b60e5838c55de18542cfb792a49174bc08a2f8ee9c386885da3f5bdca3a53eb8d67b736cff2567a08d55af743a32ac2c4a989d38b045e79f26ccc4053fe6301b6bb0c6a85865a29ee737777755ceaeab929021e81ef032a8bef5a841db8d0f35cdb030ba8d4f0dca57dcd613e6dc246e6194121ea7eca580f8a5709ed3ca26fca580f8b88a9f66c7aa4f111a140571983688fe20e2605c613ba8e4bb2793cc37f57bbaddf605facc27fa9c4ad3addfaeb5f3765c78aa41b8b5165e70c9bc0d08b3a306a14577a7d8afece6dbe792673f966f8bac2abf123666f09bc723c37bf56dcecc048aa34ea0d68406ad7f46cda5ffd35dbbd4006fcc8338b4f7adab4009bd117f316e7a28213894e8dc8acbfdca04eb18bdecc4831a1bffc0257dd6ee418906c53f96494cbd4f0c3858131a5a2dadb0bfdca903aeb1c8ebae6d5fc7969bc43e4a98fdcf9fcdfe010274f87d3f040000, NULL, 3, NULL, 142198),
  (274623, 2, 0x1f8b0800000000000000a593cb6edb301045f7fd0a41fbc8521a344d316690d8296ca008823a41d7b4357609f021f011a4fdfa0ef5326d79d7dddc7b0f479a1105f71f4a66ef689d307a9e57459967a877a616fa30cfdf5ebf5f7dcdefd927c03a144db075c0c229ee0a2f147abe95248da4e34510c58373e2a0156aff62718f96fae05aefcdb1fd4dce401bab5ee97464585994303b71608bce3f4f98890b7ecc6136d6608d51b1ca443dcf6fefeeaa9c5d55252143d03de0e7a0fad6a3066d373ed434c3c2e8363e35285f715b4f987393b885514a789cb29702e297c2794e2b9bf09702e2e32a7e981dabae2334280ae2306d10fd41c4c1b8c27650c977cf26996feaf774bbed0bf4994ff43995a65bbf5d6be7edb8f05483706b2dbce092791b1066470d428bee4eb15fd9e76f65d9644fcbb74556955f081b33f8cde391e1bdfa36676602c55127506b4283d6bfa0e6d2ffe9ae5d6a8037e6511cdafbd655a084de88bf18373d94101c4a746ec5e57e658275aca20313136a6cfc2397f45dbb27251a14ff582631353f31e0604d6868b7b4c3fe76a70eb8c622afbbb67d1d5b6e12fb2861f63fbf36fb07292248bd40040000, NULL, 3, NULL, 142199),
  (274624, 2, 0x1f8b0800000000000000a593db4edb401086effb1496eff181a252aa891124ad12a942888407d8c493b0d21eac3d20e0e93beb533671ee7a37ffff7f3bf68cd770ff2145f28ec672ad6669991569826aa76bae0eb3f475f3e7ea677a5f7d03ac7dd678537bccac6436735ca2635b41520b3a9e799e3d58cb0f4aa272cf06f768a80faed45e1fdbdfa415286de4864e07a62ab202f21307b668ddd38499b8e0c61cf2b106a3b50c55c2eb597a7b7757a6d55559103204dd035e06d5b71e3528b376bea619e65ab5f1a941f992997ac29c9bc4cdb594dce194bd1410bfe0d6315ad984bf14101f56f157efaaf23a4083a2200cd306c11f44188c496c07156cf7a4a3f9a67e4fb7dbbe409ff9449f5371ba75db95b2ce8c0b8f3570bb52dc71262a673c427ed4c015efee54b5794bbeff2a8a26f9bd789d2765f183b831843716ce0c2fd6f739332328cc3a815a131a34ee191513eeb3bb77b1014eeb477e682f5c5781e46acdbf30ac7a28c15b1468ed9289fd527b63ab1bc8271ed4d8b84726e8bb760f8a3448f6b18862ea7d62c0c168dfd06e6987fded8e1db08d4156776dfb3ab45c47f65142fe3fbf76f50f4f5d206140040000, NULL, 3, NULL, 142200),
  (274625, 2, 0x1f8b0800000000000000a593cb4ee3401045f77c85e53d8ecd8c0618558c201994480821927c4027ae8496fa61f50331f3f554fb954e9cddeceade7bbaec2ab7e1e14b8ae4138de55a4dd322cbd304d54e575c1da6e966fd7c7d973e94578095cf6a6f2a8f9995cc668e4b746c2b486a41c733cfb3476bf9414954eecde01e0df5c1a5daeb63fb9f69094a1bb9a6d38129f32c87c989035bb4ee75c48c5c70430e93a106a3b50c55c2ab697a7b7f5fa4e5759113d207ed03de7bd5b51e3428b372bea219665a35f1a941f982996ac49c9bc4cdb494dce198bd14103fe7d6315ad988bf14101f56f1a277657113a05e5110866982e0f7220cc62436830ab67bd5d17c63bfa39b6d5fa0cf7ca2cfa938ddbaed5259678685c71ab85d2aee3813a5331e6172d4c0156fef54b9fe486e7fffc859f267be992545fe8bb821840f16cef42fd6f539332328cc3a821a136a34ee0d1513ee6f7bef62039cd64ffcd05cb8b602c9d58affc3b0eabe046f51a0b50b26f60bed8d0dfcc8830a6bf7c4047dd7f6419106c9bee6514cbd4f0c3818ed6bda2dedb0bbddb103b636c8aab66d578796abc83e4a98fccfaf5d7e03dfd4aeca40040000, NULL, 3, NULL, 142201),
  (274626, 2, 0x1f8b0800000000000000a593cb6edb301045f7fd0a41fbc8521a344d316690d8296ca008823a41d7b4357609f021f011a4fdfa0ef5326d79d7dddc7b0f479a1105f71f4a66ef689d307a9e57459967a877a616fa30cfdf5ebf5f7dcdefd927c03a144db075c0c229ee0a2f147abe95248da4e34510c58373e2a0156aff62718f96fae05aefcdb1fd4dce401bab5ee97464585994303b71608bce3f4f98890b7ecc6136d6608d51b1ca443dcf6fefeeaa9c5d55252143d03de0e7a0fad6a3066d373ed434c3c2e8363e35285f715b4f987393b885514a789cb29702e297c2794e2b9bf09702e2e32a7e981dabae2334280ae2306d10fd41c4c1b8c27650c977cf26996feaf774bbed0bf4994ff43995a65bbf5d6be7edb8f05483706b2dbce092791b1066470d428bee4eb15f59557dfb5cf2ec69f9b6c8aaf20b716308bf793c33bc58dfe7cc4ca038eb046a4d68d0fa17d45cfa3fddbd4b0df0c63c8a437be1ba0a94d01bf117e3aa8712824389ceadb8dcaf4cb08e55746062428d8d7fe4923e6cf7a44483e21fcb24a6e627061cac090d2d9796d85fefd401d758e475d7b6af63cb4d621f25ccfee7df66ff00484d923941040000, NULL, 3, NULL, 142202),
  (274627, 2, 0x1f8b0800000000000000a593cb6edb301045f7fd0a41fbe8812468528c1924760a1b2882a0763e80b6c60e019114f828d27e7d879465d15676d9cdbdf770a41951f0f021dbec0f1a2bb49ae57551e519aa9d6e843accf2b7cdcfabbbfc817d036c7cd179d3782cace4b67042a2e3db96a46ee978e145f168ad382889cabd1adca3a13eb8527b3db6bfc919286de4864e0786554505e599035bb4ee65c24c5c70a71cca530d466b19aa4c34b3fcfbfddd7d1ef2c1edbbff1ed4b1ef4983326be71b1a60ae558ccf0dca97dc3413e6d2246eaea5140ea7ec6701f10b611da77d4df8cf02e2c31e7ee91dbb8dd0a02808c384f226f8830883718971d096ef5e746c731be79bfa473aae7a74ab81bef0894e541db134debaed4a59674e1b4f3508bb52c209de32673c42396a104af4378a6ddeb3eb1fd755973d2fdee6595dd16c6308ef3c9c19deecd8e7c24ca030ec048a267468dc2b2adebabffdad4b0d705a3f8943bc6e7d0552a8b5f887ac867228c15b6cd1da256ff74bed8d0dfcc483063bf7c45bfab0fd83120d927f2c92987a9f197030da77b45bda21bbaa2b0252076c6790377ddb631d5aae137b94507ee5c766ff01b4187c443e040000, NULL, 3, NULL, 142203),
  (274628, 2, 0x1f8b0800000000000000a5935b4fe3301085dff757447927490568e96a6a042dab5642086d413cbbcdb458f225f265c5f2eb779c348ddbf0c6db9c733e4f3213076e3f94ccfea275c2e8593e29aa3c43bd35b5d0fb59fefaf2fbe226bf653f00eb5034c1d6010ba7b82bbc50e8f9469234928e17411477ce89bd56a8fdb3c51d5aea832bbd3343fbab9c813656bdd0e9c8b0aaa8a03c716083ce3f8d98910bfe984379acc11aa36295897a96ff9cde4cf398f76ed7fd4faf0e7d8f1ab45dfb50d30073a3dbf8d4a07cc96d3d62ce4de2e64629e171cc7e1510bf10ce73dad788ff2a203eeee1d16cd9750bf58a82384c2cafa2df8b381857d80e2af9f6c9b46daedbf9c6fe816e573db8554f9ff944276a1aa934ddf8cd4a3b6f8f0b4f3508b7d2c20b2e99b701a11c34082dba0bc5deb2cb5f9755933d2c5ee7d9a4a2c9860cde793cd2bfd7a1cd99994071d411d49ad0a0f5cfa8b9f4ffba3b971ae08db917fbf6b2751528a1d7e213d904cabe84e050a2734b2e774b13ac8bfcc8831a1b7fcf257dd6ee418906c53f16494cbd4f0cd85b131a5a2dad905d4c2a0252075c6391d75ddb431d5bae137b90507ee7b766ff0174bfd1cb3c040000, NULL, 3, NULL, 142204),
  (274629, 2, 0x1f8b0800000000000000a593cb6edb301045f7fd0a41fbe8813a68528c1934760a1b2882a0763e80b6c60e013e043e8ab45fdfa16459b4955d7673ef3d1c6946143cbc2b99fd41eb84d1f3bc2eaa3c43bd378dd0c779febafd7973973fb02f804d28da609b808553dc155e28f47c27491a49c78b208a1fce89a356a8fd8bc5035aea836b7d3063fb59ce401babb6743a32ac2a2a282f1cd8a1f3cf1366e2823fe7509e6bb0c6a85865a299e7dfeeefeef3980f6edffdf7a04e7dcf1ab4ddf8d0d0000ba3bbf8d2a07cc56d3361ae4de2164629e171ca7e1410bf14ce73dad784ff28203eeee197d9b3db0e1a1405719858cea23f88381857d80d2af9fed9746d6ebbf9a6fe89ee563dbad5405ff94427aaeeb034def9dd5a3b6fcf1b4f3508b7d6c20b2e99b701a11c35082dfa1bc5b6d9ecfbd7aacd9e96af8bacae68b43183371e8f0c2f766a736526509c75027526b468fd0b6a2efddffed2a50678631ec5b1bb6d7d054ae88df887ac867228213894e8dc8acbc3ca04eb223ff1a0c1d63f7249dfb57f50a241f1f7651253ef0b038ed68496564b2b6437754540ea806b2df2a66f7baa63cb4d628f12cacffcd7ec3fd1e452043d040000, NULL, 3, NULL, 142205),
  (274630, 2, 0x1f8b0800000000000000a593dd4edb401085effb1496ef71ec42455a4d164152944815424d78804d3c092bed8fb53f0878facedab1b389b9ebdd9cef9c1d7bc66bb87b57327b43eb84d1b3bc2aca3c43bd33b5d08759feb279bc9ae677ec1b601d8a26d83a60e1147785170a3ddf4a9246d2f12288e2de3971d00ab57fb6b8474b7d70a5f7e6d4fe2667a08d551b3a1d33ac2c4a989c11d8a2f34fa3cc88821f7c980c35586354ac3251cff2db9fd3691efd9e76ddfff6ead877d0a0edda879a06981bdddae780fc25b7f52873092937374a098fe3ec5706e517c2794efb1ae5bf32281ff7f0c7ecd88f36d42b32e230b1bc89bc177130aeb01d54f2dd9369db7c6fe71bf363ba5df589967dfa82533a51551b4bedaddfaeb4f376d878aa41b895165e70c9bc0d08939306a14577a3d826bbfd755df2ecf7e2659e55e535c5060f5e793cd2bfd8b1cd054c4271d651a885d0a0f5cfa8b9f41fdda54b0178631ec4815574dbba0a94d06bf18911f5250487129d5b72b95f9a605d9c78c4a0c6c63f7049dfb57b50a241f1f7456253ef3300076b4243aba515b2abaaa4404ac0351679ddb53dd6b1e53ac1270993fff9afd93f0a6c1fb13d040000, NULL, 3, NULL, 142206),
  (274631, 2, 0x1f8b0800000000000000a593dd6eda401085effb1496ef631b355143356c94402a90aa282ae401163c9095f6c7da9f2acdd367d6c678c1dcf56ece39df8e3de3353c7c2899fd45eb84d1b37c525479867a676aa10fb3fc6df3ebe63e7f60df00eb5034c1d6010ba7b82bbc50e8f9569234928e1741148fce898356a8fdabc53d5aea832bbd3743fbdb9c8136566de87464585554509e39b045e75f46ccc8057fcaa13cd5608d51b1ca443dcb7f4cefa779cc7bb7ebfea757c7be270ddaae7da86980b9d16d7c6e50bee4b61e3197267173a394f03866af05c42f84f39cf635e2af05c4c73dfc363b76d742bda2200e13cbdbe8f7220ec615b6834abe7b316d9b16b9e21fe976d5835bf5f4854f74a2a6914ad3addfaeb4f3f6b4f05483702b2dbce092791b10ca4183d0a2bb506c934daa9fdf2b9e3d2fdee654d37b0f21bcf378a67fb1639f0b3381e2ac23a835a141eb5f5173e9ff75972e35c01bf3240eed6deb2a5042afc527b209947d09c1a144e7965cee97265817f991073536fe894bfaaedd83120d8a7f2c92987a9f1970b02634b45bda21bb995404a40eb8c622afbbb6c73ab65c27f620a1fc9fff9a7d01d9b3c7aa3d040000, NULL, 3, NULL, 142207),
  (274632, 2, 0x1f8b0800000000000000a593cb6edb301045f7fd0a41fbe88126a8538c1934760b1b0882a04ed0356d8d5d027c08241524f9fa0e29cba2adecba9b7befe14833a2e0ee4dc9ec15ad1346cff3baa8f20cf5ce34421fe6f9cbf3afab597ec7be00365dd176b6e9b0708abbc20b859e6f254923e978d189e28773e2a0156aff64718f96fae05aefcdd8fe3a67a08d55cf743a30ac2a2a28cf1cd8a2f38f1366e2823fe5509e6ab0c6a85065a299e7df6e67b779c807b7effe7b50c7be270dda6e7cd7d0000ba3637c6e50bee2b699309726710ba394f038653f0b885f0ae739ed6bc27f16101ff6f06076ec264283a2200c13caebe00f220cc615c64125df3d9ad8e626ce37f58f745cf5e856037de1139da83a6269bcf5dbb576de9e369e6a106ead85175c326f3b8472d420b4e86f14fb93cdbe7fad78f673f9b2c8ea8a461b33f8cbc391e1c58e6d2ecc040ab34ea068428bd63fa1e6d2bff7972e35c01b732f0ef1b6f51528a137e203590de55042e750a2732b2ef72bd35917f889070db6fe9e4bfaaefd83120d8abf2d93987a9f1970b0a66b69b5b44276555704a40eb8d6226ffab6c73ab4dc24f628a1fc9fff9afd03742748f53d040000, NULL, 3, NULL, 142208),
  (274633, 2, 0x1f8b0800000000000000a593cb6edb301045f7fd0a41fbe881a6a8538c1934760b1b2882a0763e80b6c60e013e043e8ab45fdfa16459b4e55d7673ef3d1c6946143cbe2b99fd41eb84d1f3bc2eaa3c43bd378dd0c779febafd7937cb1fd927c026146db04dc0c229ee0a2f147abe93248da4e34510c577e7c4512bd4fec5e2012df5c1b53e98b1fd7dce401babb6743a32ac2a2a282f1cd8a1f3cf1366e2823fe7509e6bb0c6a85865a299e75f1f660f79cc07b7effe7b50a7be670dda6e7c68688085d15d7c6950bee2b69930d726710ba394f038656f05c42f85f39cf635e16f05c4c73dfc327bf6a5830645411c2696f7d11f441c8c2bec06957cff6cba361d72c33fd1ddaa47b71ae82b9fe844cd2295a63bbf5b6be7ed79e1a906e1d65a78c125f3362094a306a1457fa1d8f62dabbf7daedaecc7f27591d515bdf718c21b8f6786173bf5b9321328ce3a813a135ab4fe053597fe6f7fe95203bc314fe2d8ddb6be0225f446fc4356433994101c4a746ec5e561658275919f78d060eb9fb8a4efda3f28d1a0f8fb3289a9f78501476b424bbba51db2bbba222075c0b51679d3b73dd5b1e526b14709e547fe6bf61f877b3ab53d040000, NULL, 3, NULL, 142209),
  (274634, 2, 0x1f8b0800000000000000a593dd4ee3301085ef798a28f7e4470b5a4053236817b5d20aa12d3c80db4c8b25ff44b683609f7ec74ed3b80d777b37e79ccf93ccc481fb4f25b30fb44e183dcbeba2ca33d45bd308bd9fe56faf4f9737f93dbb006cbaa2ed6cd361e1147785170a3ddf489246d2f1a213c5837362af156aff62718796fae04aefccd8fe2a67a08d55af743a30ac2a2a284f1cd8a0f3cf1366e2823fe6501e6bb0c6a85065a299e53f6f6f6ef3900f6edffdcfa00e7d8f1ab45dfbaea101e646c7f8d4a07cc96d3361ce4de2e64629e171ca7e1710bf10ce73dad784ff2e203eece1b7d9b2eb080d8a82304c28af823f883018571807957cfb6c629beb38dfd43fd071d5a35b0df4994f74a2ea88a5f1c66f56da797bdc78aa41b895165e70c9bced10ca5183d0a2bf51ec29abef7e546df66bf136cfea8a461b3378e7e1c8f06287366766028559275034a145eb5f5073e9bffa4b971ae08d7914fb78dbfa0a94d06bf117590de55042e750a2734b2e774bd35917f889070db6fe914bfaaefd83120d8a7f2e92987a9f18b0b7a66b69b5b44276595704a40eb8d6226ffab6873ab45c27f628a1fc9fff9afd0351f8a7803d040000, NULL, 3, NULL, 142210),
  (274635, 2, 0x1f8b0800000000000000a593dd4edb401085effb1496ef711ca0c2ad268b20a14aa40aa1263cc0269e8495f6c7da1f44fbf49db563671373c7dd9cef9c1d7bc66bb8ff50327b47eb84d1b37c5a9479867a676aa10fb3fc75f3ebaacaefd937c03a144db075c0c229ee0a2f147abe95248da4e34510c58373e2a0156aff62718f96fae04aefcda9fd6dce401bab36743a66585994303923b045e79f479911053ff830196ab0c6a85865a29ee5773faa2a8f7e4fbbee7f7a75ec3b68d076ed434d03cc8d6eed7340fe92db7a94b984949b1ba584c771f63383f20be13ca77d8df29f19948f7bf86d76ec7b1bea1519719858de46de8b381857d80e2af9eed9b46daedbf9c6fc986e577da2659fbee0944e541553a9bbf5db9576de0e0b4f3508b7d2c20b2e99b7016172d220b4e82e14dbbc65d5cf9b92674f8bd779362d6f283798f0c6e399fec58e7d2e60128ab38e422d8406ad7f41cda5ffdb5dba148037e6511cd8946e5b5781127a2dfe61447d09c1a144e7965cee97265817471e31a8b1f18f5cd277ed1e946850fc6391d8d4fb0cc0c19ad0d06e6987ec6a5a522025e01a8bbceeda1eebd8729de09384c957fe6bf61f85943ec73d040000, NULL, 3, NULL, 142211),
  (274636, 2, 0x1f8b0800000000000000a593dd4ee3301085ef798a28f7a409b0025653236859b51220b48507709b69b1e49fc83f2b769f7ec74993ba0d77dccdf9cef1243371e0ee53c9ec0f5a278c9ee65551e619ea8da985de4df3f7b75fe737f91d3b03ac43d1045b072c9ce2aef042a1e76b49d2483a5e0451dc3b27765aa1f6af16b768a90f2ef5d61cda5fe50cb4b1ea8d4ec70c2b8b12264704d6e8fccb2833a2e0071f26430dd61815ab4cd4d3fcfaf6e63a8f7e4fbbeebf7bb5ef3b68d076e5434d03cc8c6eed6340fe82db7a943985949b19a584c771f62b83f273e13ca77d8df25f19948f7b78321bf6a30df58a8c384c2caf22ef451c8c2b6c07957cf362da3697ed7c63be4fb7ab3ed0b24f9f704a27aa6a63a9bdf6eba576de0e1b4f3508b7d4c20b2e99b7016172d020b4e86e147bceaa8b9f9765933dcedf6759555e506e30e183c733fd9bedfb9cc02414871d855a080d5aff8a9a4bffb7bb7529006fcc83d8b18aae5b5781127a25fe61447d09c1a144e7165c6e17265817471e31a8b1f10f5cd287ed1e946850fc739ed8d4fb08c0ce9ad0d06e6987ecbc2a299012708d455e776df7756cb94af041c2e43b3f36fb0fe74a403d3e040000, NULL, 3, NULL, 142212),
  (274637, 2, 0x1f8b0800000000000000a593dd4edb401085effb1496ef71ec4245a8268b2069954815424d78804d3c092bed8fb53f15f0f4ccdab1b389b9ebdd9cef9c1d7bc66bb87f5332fb87d609a36779559479867a676aa10fb3fc65f3fb6a9adfb36f8075289a60eb808553dc155e28f47c2b491a49c78b208a07e7c4412bd4fed9e21e2df5c195de9b53fb9b9c8136566de874ccb0b228617246608bce3f8d32230a7ef06132d4608d51b1ca443dcb6fefa6d33cfa3dedbaffedd5b1efa041dbb50f350d3037bab5cf01f94b6eeb51e612526e6e94121ec7d9af0cca2f84f39cf635ca7f65503eeee18fd9b11f6da85764c461627913792fe2605c613ba8e4bb27d3b6f9dece37e6c774bbea132dfbf405a774a2aa3696da5bbf5d69e7edb0f15483702b2dbce092791b1026270d428bee46b14d76f7f3bae4d9afc5cb3cabca6b8a0d1ebcf278a47fb1639b0b9884e2aca3500ba141eb9f5173e9dfbb4b9702f0c63c8a03abe8b6751528a1d7e20323ea4b080e253ab7e472bf34c1ba38f188418d8d7fe492be6bf7a04483e26f8bc4a6de67000ed68486564b2b645755498194806b2cf2ba6b7bac63cb75824f1226fff35fb34f22cf982c3d040000, NULL, 3, NULL, 142213),
  (274638, 2, 0x1f8b0800000000000000a593db4edb401086effb1496eff141800ad5c4a824ad12892244e00136f1245d690fd61e10f0f49d5dc7f126e6ae77f3ffffb763cf780d77ef52646f682cd76a96d7459567a8b6bae56a3fcb5f5f7e5fdce477cd37c0d6179d37adc7c24a660bc7253ab61124b5a0e385e7c54f6bf95e4954eec9e00e0df5c195dae9b1fd55de80d246bed0e9c03455514179e2c006ad7b9c301317dc3187f25883d15a862ae3ed2cff7e7b739b877c70fbeecf833af43d6a5066ed7c4b03ccb58af1a941f9929976c29c9bc4cdb594dce194fd2a207ec1ad63b4af09ff55407cd8c383de36d7111a14056198505e057f10613026310e2ad8f651c736d771bea97fa0e3aa47b71ae8339fe844d5114be38ddbac9475e6b8f15403b72bc51d67a271c62394a306ae787fa39a3fd9e58fcbaacb7e2d5ee7595dd16863067f593832bcd8a1cd99994061d609144de8d0b827544cb88ffed2a50638adeff93edeb6be02c9d59a7f6253433994e02d0ab476c9c46ea9bdb1819f78d062e7ee99a0efda3f28d120d9fb2289a9f789017ba37d47aba5153617754540ea80ed0cb2b66f7ba843cb75628f12cafff9af9b7fed795b8d3d040000, NULL, 3, NULL, 142214),
  (274639, 2, 0x1f8b0800000000000000a593dd4ec2401085ef7d8aa6f796124d4033d42868203184083ec04207dc647f9afd31e8d33b4b69592877decdf9ced96967ba85a7bd14c9371acbb51aa5fd2c4f13541b5d72b51ba59fabb7db61fa54dc00963eabbc293d6656329b392ed1b1b520a9051dcf3ccf9eade53b2551b985c12d1aea8333b5d5a7f6f769014a1bb9a2d32153e4590ebd33026bb46edec97428b8d6875e5b83d15a862ae1e5281d3c0c8769f01b5a77ff68d4b16fab4199a5f3250d30d6ea609f03f2a7cc949dcc25a4dc584bc91d76b3d70cca4fb8758cf6d5c95f33281ff6f0ae37c520641a413ccc12cafbc01b11e662120f730ab699eb68bc2e3fa60f9bbe92bee094be4cc5eedaad67ca3ad3ee3bd6c0ed4c71c799289cf108bd9306ae787d9f8ad5ea2be93fdee555f23af91c27fdfc8e82ad0b5f2c1c6adeecd8e80246a1306c27748050a1710b544cb89ffad2c5009cd62f7c57f4e9b6d51548ae96fc17036a4af016055a3b65623bd5ded83073874189957b6182be6bfda0488364fb496453ef33003ba37d45cba525063796602b83acac7b1eebd06f19e19384de7f7eeae20f9984481c3a040000, NULL, 3, NULL, 142215),
  (274640, 2, 0x1f8b0800000000000000a593dd4ec2401085ef7d8aa6f796a224a8196a0434901863041f60a1036cb23fcdfe18f5e99da5b42c943befe67ce7ecb433ddc2e3b714c9171acbb51aa5fd2c4f13546b5d72b51da59fcb97ebbbf4b1b8022c7d5679537accac6436735ca2632b41520b3a9e799e3d59cbb74aa272ef063768a80fced5461fdb0fd20294367249a743a6c8b31c7a27045668dd5b27d3a1e05a1f7a6d0d466b19aa8497a374787f374c83dfd0bafb47a30e7d5b0dca2c9c2f698089567bfb14903f63a6ec64ce21e5265a4aeeb09bbd64507ecaad63b4af4efe9241f9b08757bd2e8621d308e26196500e026f44988b49dccf29d8fa4d47e375f921bddff485f419a7f4792a76576e3557d69976dfb1066ee78a3bce44e18c47e81d3570c5ebfb542c97bb64f0709b57c9f3f47392f4f31b0ab62eec5838d4bcd9a1d1198c4261d84e680fa142e3de5131e17eea4b1703705a8ff9b6e8d36dab2b905c2df82f06d494e02d0ab476c6c466a6bdb161e60e83122b376682be6bfda0488364dfd3c8a6de2700b646fb8a964b4b0c6e2cc156065959f73cd4a1df22c24709bdfffcd4c51fe68cb4e93a040000, NULL, 3, NULL, 142216),
  (274641, 2, 0x1f8b0800000000000000a593dd4ec2401085ef7d8aa6f7b6259aa066a811d040628c117c80850eb0c9fe34fb63d4a777b6a5b050eebc9b73ceb7d3ce740b8fdf52245f682cd76a940eb2224d50ad75c5d576947e2e5faeefd2c7f20ab0f259ed4de531b392d9cc71898ead04492de878e679f6642ddf2a89cabd1bdca0a13e38571b7d6c7f9b96a0b4914b3a1d98b2c80ac84f1c58a1756f3da6e7823be4901f6a305acb5025bc1aa5c3fbbbfb34e49ddb76ffe8d4beef4183320be72b1a60a255139f1a94cf98a97accb949dc444bc91df6d94b01f1536e1da37df5f84b01f1610faf7a5d0e03d309f2c32ca1bc0d7e27c25c4c6233a760eb371d8dd7f7f774b3e90bf4994ff43915a72bb79a2bebcc61dfb1066ee78a3bce44e98c47c88f1ab8e2ed7d2a97cb5d327cb82958f23cfd9c248382663ba6b063e150f766fb4667660485617b5063428dc6bda362c2fdb4972e36c0693de6dbe6b6b51548ae16fc17cb01e45d09dea2406b674c6c66da1b1bf89e0715d66ecc047dd7f6419106c9bea7514cbd4f0cd81aed6b5a2e2d31a4b1045b1b6455db735f877e8bc83e4ac8fff353977f5bff46553a040000, NULL, 3, NULL, 142217),
  (274642, 2, 0x1f8b0800000000000000a593dd4ec2401085ef7d8aa6f796124d4033d42868203184083ec04207dc647f9afd31e8d33b4b69592877decdf9ced96967ba85a7bd14c9371acbb51aa5fd2c4f13541b5d72b51ba59fabb7db61fa54dc00963eabbc293d6656329b392ed1b1b520a9051dcf3ccf9eade53b2551b985c12d1aea8333b5d5a7f6f769014a1bb9a2d32153e4590ebd33026bb46edec97428b8d6875e5b83d15a862ae1e5281d3c0c8769f01b5a77ff68d4b16fab4199a5f3250d30d6ea609f03f2a7cc949dcc25a4dc584bc91d76b3d70cca4fb8758cf6d5c95f33281ff6f0ae37c520641a413ccc12cafbc01b11e662120f730ab699eb68bc2e3fa60f9bbe92bee094be4cc5eedaad67ca3ad3ee3bd6c0ed4c71c799289cf108bd9306ae787d9f8ad5ea2bb97bccf32a799d7c8e937e7e47c1d6852f160e356f766c7401a35018b6133a40a8d0b8052a26dc4f7de962004eeb17be2bfa74dbea0a24574bfe8b013525788b02ad9d32b19d6a6f6c98b9c3a0c4cabd3041dfb57e50a441b2fd24b2a9f719809dd1bea2e5d212831b4bb0954156d63d8f75e8b78cf04942ef3f3f75f10793d47ddc3a040000, NULL, 3, NULL, 142218),
  (274643, 2, 0x1f8b0800000000000000a593dd4ec2401085ef7d8aa6f796a224a8196a0434901863041e60a1036eb23fcdfe18f5e99da5b42c943befe67ce7ecb433ddc2e3b714c9171acbb51aa5fd2c4f13541b5d72b51ba5abe5cbf55dfa585c01963eabbc293d6656329b392ed1b1b520a9051dcf3ccf9eace53b2551b977835b34d407e76aab8fed0769014a1bb9a4d32153e4590ebd13026bb4eead93e95070ad0fbdb606a3b50c55c2cb513abcbf1ba6c16f68ddfda35187bead066516ce9734c044abbd7d0ac89f31537632e79072132d2577d8cd5e32283fe5d631da57277fc9a07cd8c3abde14c3906904f1304b2807813722ccc524eee7146cf3a6a3f1bafc90de6ffa42fa8c53fa3c15bb6bb79e2beb4cbbef5803b773c51d67a270c623f48e1ab8e2f57d2a96cbcfa4ff709b57c9f3743549faf90d055b173e5938d4bcd9a1d1198c4261d84e680fa142e3de5131e17eea4b1703705a8ff9aee8d36dab2b905c2df82f06d494e02d0ab476c6c476a6bdb161e60e83122b376682be6bfda0488364dfd3c8a6de27007646fb8a964b4b0c6e2cc156065959f73cd4a1df22c24709bdfffcd4c51f1536a02e3a040000, NULL, 3, NULL, 142219),
  (274644, 2, 0x1f8b0800000000000000a593dd4ec2401085ef7d8aa6f7b6253151cc5023a081c41823f0000b1d6093fd69f6c7a84fef6c4b61a1dc7937e79c6fa79de9169ebea548bed058aed5281d64459aa0dae88aabdd285d2d5f6f1fd2a7f206b0f259ed4de531b392d9cc71898ead05492de878e679f66c2ddf2989ca7d18dca2a13e38575b7d6a7f9796a0b4914b3a1d98b2c80ac8cf1c58a375ef3da6e7823be6901f6b305acb5025bc1aa5f7c387611af2ce6dbb7f76ead0f7a8419985f3150d30d1aa89cf0dca67cc543de6d2246ea2a5e40efbecb580f829b78ed1be7afcb580f8b08737bd29ef03d309f2c32ca1bc0b7e27c25c4c6233a7609b771d8dd7f70f74b3e92bf4854ff42515a76bb79e2bebcc71dfb1066ee78a3bce44e98c47c84f1ab8e2ed7d2a97cb7d327c2c0a96bc4c57936450d06ca714f62c1ceadeecd0e8c28ca0306c0f6a4ca8d1b80f544cb89ff6d2c50638adc77cd7dcb6b602c9d582ff623980bc2bc15b1468ed8c89ed4c7b6303dff3a0c2da8d99a0efda3e28d220d9f7348aa9f799013ba37d4dcba525863496606b83ac6a7b1eead06f11d92709f97f7eeaf20f54f0cc453a040000, NULL, 3, NULL, 142220),
  (274645, 2, 0x1f8b0800000000000000a593dd4ec2401085ef7d8aa6f79612494433d408682031c6083cc04207d8647f9afd31ead33b4b69592877decdf9ced96967ba85a76f29922f34966b354afb599e26a836bae46a374a57cbd7db61fa54dc00963eabbc293d6656329b392ed1b1b520a9051dcf3ccf9eade53b2551b90f835b34d407e76aab4fed0769014a1bb9a4d32153e4590ebd33026bb4eebd93e95070ad0fbdb606a3b50c55c2cb517aff301ca6c16f68ddfdb351c7bead066516ce9734c044ab837d0ec89f31537632979072132d2577d8cd5e33283fe5d631da57277fcda07cd8c39bde14f721d308e26196500e026f44988b493ccc29d8e65d47e375f9317dd8f495f405a7f4652a76d76e3d57d69976dfb1066ee78a3bce44e18c47e89d3470c5ebfb542c97fb64f0789757c9cb743549faf91d055b17f62c1c6adeecd8e80246a1306c27748050a1711fa898703ff5a58b0138adc77c57f4e9b6d51548ae16fc17036a4af016055a3b63623bd3ded83073874189951b3341dfb57e50a441b2ef696453ef33003ba37d45cba525063796602b83acac7b1eebd06f11e19384de7f7eeae20f6a3e5cdb3a040000, NULL, 3, NULL, 142221),
  (274646, 2, 0x1f8b0800000000000000a593dd4ec2401085ef7d8aa6f796624c4033d42868203184083ec04207dc647f9afd31e8d33b4b69592877decdf9ced96967ba85a7bd14c9371acbb51aa5fd2c4f13541b5d72b51ba59fabb7db61fa54dc00963eabbc293d6656329b392ed1b1b520a9051dcf3ccf9eade53b2551b985c12d1aea8333b5d5a7f6f769014a1bb9a2d32153e4590ebd33026bb46edec97428b8d6875e5b83d15a862ae1e5281d3c0c0769f01b5a77ff68d4b16fab4199a5f3250d30d6ea609f03f2a7cc949dcc25a4dc584bc91d76b3d70cca4fb8758cf6d5c95f33281ff6f0ae37c520641a413ccc12cafbc01b11e662120f730ab699eb68bc2e3fa60f9bbe92bee094be4cc5eedaad67ca3ad3ee3bd6c0ed4c71c799289cf108bd9306ae787d9f8ad5ea2be9df3de67995bc4e3ec7493fbfa3646bc3170ba79a573b76ba8051284cdb091d205468dc021513eea7be753100a7f50bdf157dba6e750592ab25ffc5809a12bc4581d64e99d84eb537360cdd615062e55e98a00f5b3f28d220d97e12d9d4fb0cc0ce685fd176698bc18d25d8ca202beb9ec73af45b46f824a1f79fbfbaf8038c9f4c943b040000, NULL, 3, NULL, 142222),
  (274647, 2, 0x1f8b0800000000000000a593dd4ec2401085ef7d8aa6f796624c1033d42868203184083ec04207dc647f9afd31e8d33b4b69592877decdf9ced96967ba85a7bd14c9371acbb51aa5fd2c4f13541b5d72b51ba59fabb7db87f4a9b8012c7d5679537accac6436735ca2636b41520b3a9e799e3d5bcb774aa2720b835b34d407676aab4fedefd30294367245a743a6c8b31c7a6704d668ddbc93e95070ad0fbdb606a3b50c55c2cb513a183e0cd2e037b4eefed1a863df5683324be74b1a60acd5c13e07e44f99293b994b48b9b196923bec66af19949f70eb18edab93bf66503eece15d6f8a41c8348278982594f7813722ccc5241ee6146c33d7d1785d7e4c1f367d257dc1297d998addb55bcf9475a6dd77ac81db99e28e335138e3117a270d5cf1fa3e15abd557327ccc7396bc4e3ec7493fbfa360ebc2170b879a373b36ba8051280cdb091d205468dc021513eea7be743100a7f50bdf157dba6d750592ab25ffc5809a12bc4581d64e99d84eb53736ccdc615062e55e98a0ef5a3f28d220d97e12d9d4fb0cc0ce685fd1726989c18d25d8ca202beb9ec73af45b46f824a1f79f9fbaf803c043fb0d3a040000, NULL, 3, NULL, 142223),
  (274648, 2, 0x1f8b0800000000000000a593dd6ee2301085eff729a2dc37096a55d8d5e0aa85ae405a55d5421fc090815af24fe49f55dba7df7142c010ee7a37e79ccf93ccc481870f25b37f689d307a9a8f8a2acf506f4d2df47e9abfad7fdf4cf207f603b00e45136c1db0708abbc20b859e6f244923e9781144f1e89cd86b85dabf5adca1a53eb8d43b736a7f9733d0c6aa359d8e0cab8a0aca330736e8fccb8019b8e08f3994c71aac312a5699a8a7f9f8e7e43e6737a38a903ee81ef0b75787d6470ddaae7ca8698699d16d7c6e50bee0b61e3097267133a394f03864af05c4cf85f39c5636e0af05c4c755fc315b361a47a85714c461da20fabd88837185eda0926f5f4c32dfd03fd0edb6afd0173ed197549a6efc66a99db7c785a71a845b6ae10597ccdb80509e34082dba3bc5d6ebf76cfcebb6e2d9f3fc6d968d2a9aed94c23b8f87fa373b34ba3013280e3b805a131ab4fe153597feb3bb78a901de9827b16f6f5c5781127a25be90dd41d997101c4a746ec1e56e6182756c02e5c0831a1bffc4257dd8ee418906c53fe6494cbdcf0cd85b131a5a2e2d31a6a904d758e475d7f350c77eabc43e4928bff363b3ff81ccd3ce3e040000, NULL, 3, NULL, 142224),
  (274649, 2, 0x1f8b0800000000000000a553c94ee34010bdf31596ef38f64c2416558c8604944880100171eec4954c4bbd58bd20e0eba9f69274e2dcb8d55bfab55fd9869b4f29920f34966b35498b2c4f13546b5d71b59da46faff7e797e94d790658f9acf6a6f29859c96ce6b844c75682a016743cf33cfb672ddf2a89ca3d1bdca0a11c5ca88ddec78fd3129436f2954e074f9967398c0e1858a1754f03cf8005b7d361b49bc1682dc394f06a925e5c5d5ea441efd936fda5475dee0e83324be72b2a30d5aa910f09d2e7cc5403cf3149bea996923b1c7a4f09e49f71eb18ed6be03f25903fece141afcba231f5888450268ce3c0f7201463129ba282ad9f74135334fd867ce76e567dc27dc4933b427f822b56576eb550d699ddc2630cdc2e14779c89d2198f30da63e08ab71f54f9f87e9f8cafffe67572377b9b26454e97ec55f8cfc2a1fec9baa023323285b2035343428dc63da362c27db55f5d4c80d3fa966fc31eba0924574bfe8d81ea47f016055a3b676233d7ded8d079c04185b5bb65825e6c7b518441b2cf592453f601015ba37d4dcba52596e7454e8698015b1b64551bdbcd217219d17b08a3dffcd8e50f5c4c9a213e040000, NULL, 3, NULL, 142225),
  (274650, 2, 0x1f8b0800000000000000a593cb6edb301045f7fd0a41fbc85213206e3166d0d8096c200d823a41d7b4357609f021f01124fdfa0e254ba62defba9b7befe14833a2e0ee43c9ec1dad1346cff2aa28f30cf5d6d442ef67f9dbebe3d534bf635f00eb5034c1d6010ba7b82bbc50e8f9469234928e1741143f9c137bad50fb178b3bb4d407577a678eed6f7206da58f54aa723c3caa284c989031b74fe79c48c5cf0430e93a1066b8c8a5526ea597efb6d3acd63debb5df75fbd3af41d3468bbf6a1a601e646b7f1a941f992db7ac49c9bc4cd8d52c2e398bd1410bf10ce73dad788bf14101ff7f064b6ac6aa15e51108789e54df47b1107e30adb4125df3e9b64beb17fa0db555fa0cf7ca213f5355269baf19b9576de0e0b4f3508b7d2c20b2e99b7016172d420b4e82e14fbf9fb31bbfd7e5df2ec61f136cfaaf29ac021853f3c1eeadfecd0e8cc4ca038ec086a4d68d0fa17d45cfacfeed6a5067863eec59e5574ddba0a94d06bf117a3d597101c4a746ec9e56e69827571e691073536fe9e4bfab0dd83120d8a7f2c92987a9f18b0b72634b45c5a22bbaa4a0252075c6391d75ddb431d5bae13fb2861f23f3f36fb076cdd91113e040000, NULL, 3, NULL, 142226),
  (274651, 2, 0x1f8b0800000000000000a5935b6fda401085dffb2b2cbfc7d8215269356c94402390da280a89fabce081aeb4176b2f55da5fdf591b9b05f3d6b739e77c3bf68cd770ffa164f61bad1346cff3aa28f30cf5ced4421fe6f9fbdbd3cd2cbf679f00eb5034c1d6010ba7b82bbc50e8f9569234928e1741140fce898356a8fd8bc53d5aea836bbd37a7f67739036dac7aa3d391616551c2e4cc812d3aff3c62462ef82187c950833546c52a13f53cfffc6536cb63debb5df7d75e1dfb0e1ab4ddf850d3000ba3dbf8dca07cc56d3d622e4de2164629e171cc5e0b885f0ae739ed6bc45f0b888f7bf86e76ac6aa15e51108789e55df47b1107e30adb4125df3d9b64beb17fa4db555fa12f7ca213751ba934ddfaed5a3b6f8785a71a845b6be10597ccdb80303969105a74178afdf8f9944dbf4ecb26fbb67c5f645539257048e1178f87fa373b36ba3013280e3b825a131ab4fe053597fe4f77eb5203bc318fe2c02aba6e5d054ae88df88bd1ea4b080e253ab7e272bf32c1ba38f3c8831a1bffc8257dd8ee418906c53f96494cbdcf0c3858131a5a2e2d91dd542501a903aeb1c8ebaeedb18e2d37897d9230f99f1f9bfd0312903a483e040000, NULL, 3, NULL, 142227),
  (274652, 2, 0x1f8b0800000000000000a5935b4f83401085dffd15847729a889974c31da6ada448db11a9fb7655a37d90bd98b517fbdb350cab6f8e6db9c73be1d986181eb2f29924f34966b354e8b2c4f13542b5d71b519a76faff7c717e975790458f9acf6a6f29859c96ce6b844c79682a416743cf33cbbb1966f9444e59e0daed1501f9cabb5eedb9fa525286de42b9d0e4c9967398cf61c58a2754f0366e082dbe530dad560b496a14a78354ecf2f2f2ed390776edbfda553dbbe3b0dca2c9caf688089564dbc6f503e63a61a30872671132d25773864ff0a889f72eb18ed6bc0ff15101ff6f0a05765d1409da2200c13cab3e077220cc62436830ab67ad24d9ba2996fe86fe966d5bd9b77f4814f74a44e0215a74bb79c2bebcc6ee1b1066ee78a3bce44e98c4718f51ab8e2ed852a1fdfef93e2e4ea34af93bbe9db2429721aae8fe1838553ddab6d3b1d981114a61d408d09351af78c8a09f7dd5ebbd800a7f52ddf34f7adad4072b5e03f1836d995e02d0ab476c6c47aa6bdb1811f785061ed6e99a02fdb3e28d220d9d7348aa9f79e011ba37d4ddba52d96c7454e40ec80ad0db2aa6dbbad43cb4564f71246fff9b3cb5ff4d9f1903f040000, NULL, 3, NULL, 142228),
  (274653, 2, 0x1f8b0800000000000000a593cb6edb301045f7fd0a41fbc85213a06e3166d0d80d6c200d823841d6b4357609f021f05124fdfa0e254ba62defb29b7befe14833a2e0f65dc9ec2f5a278c9ee55551e619eaada985decff2d797fbab697ecbbe00d6a16882ad03164e715778a1d0f38d2469241d2f82287e3a27f65aa1f64f167768a90faef4ce1cdbdfe40cb4b1ea854e478695450993130736e8fce38819b9e0871c26430dd61815ab4cd4b3fcdbf7e9348f79ef76dd9f7b75e83b68d076ed434d03cc8d6ee35383f225b7f5883937899b1ba584c7317b29207e219ce7b4af117f29203eeee1c16c59d542bda2200e13cb9be8f7220ec615b6834abe7d34c97c63ff40b7abbe409ff94427ea6ba4d274e3372bedbc1d169e6a106ea585175c326f03c2e4a84168d15d28f6fbed3e9bfeb82e79f66bf13acfaaf29ac021853f3c1eeadfecd0e8cc4ca038ec086a4d68d0fa27d45cfa8feed6a5067863eec49e5574ddba0a94d06bf10fa3d597101c4a746ec9e56e69827571e691073536fe8e4bfab0dd83120d8abf2f92987a9f18b0b72634b45c5a22bbaa4a0252075c6391d75ddb431d5bae13fb2861f2991f9bfd072e3a761f3e040000, NULL, 3, NULL, 142229),
  (274654, 2, 0x1f8b0800000000000000a5935b4f83401085dffd15847729a889974c31da6ada448db11a9fb7655a37d90bd98b517fbdb350cab6f8e6db9c73be1d986181eb2f29924f34966b354e8b2c4f13542b5d71b519a76faff7c717e975790458f9acf6a6f29859c96ce6b844c79682a416743cf33cbbb1966f9444e59e0daed1501f9cabb5eedb9fa525286de42b9d0e4c9967398cf61c58a2754f0366e082dbe530dad560b496a14a78354ecf2f2f2ed390776edbfda553dbbe3b0dca2c9caf688089564dbc6f503e63a61a30872671132d25773864ff0a889f72eb18ed6bc0ff15101ff6f0a05765d1409da2200c13cab3e077220cc62436830ab67ad24d9ba2996fe86fe966d5bd9b77f4814f74a44e0215a74bb79c2bebcc6ee1b1066ee78a3bce44e98c4718f51ab8e2ed852a1fdfef9322bf3acd5972377d9b504dc3f5317cb070aa7bb56da7033382c2b403a831a146e39e5131e1bedb6b171be0b4bee59be6beb51548ae16fc07c326bb12bc4581d6ce9858cfb43736f0030f2aacdd2d13f465db07451a24fb9a4631f5de336063b4af69bbb4c5f2b8c809881db0b54156b56db77568b988ec5ec2e83f7f76f90b7401f9143f040000, NULL, 3, NULL, 142230),
  (274655, 2, 0x1f8b0800000000000000a5934b4feb301085f7fc8a287bd20490a0681a042da895b808d122d66e332d96fc88fcb8e2f2ebef38691ab761c76ece399f27998903775f52247fd158aed5242db23c4d506d74c5d56e92beaf9ece6fd2bbf20cb0f259ed4de531b392d9cc71898ead05492de878e679766f2ddf2989cabd1adca2a13eb8505bddb7bf4a4b50dac8159d0e4c9967398c8e1c58a3752f0366e0823be4303ad460b496a14a783549afc737e334e49ddb767febd4beef4183324be72b1a60aa55131f1b94cf99a906cca949dc544bc91d0ed99f02e267dc3a46fb1af03f05c4873d3ceb4d593450a72808c384f22af89d08833189cda0826d5e74d3a668e61bfa7bba5975efe61d7de2131da98b40c5e9daad17ca3a735878ac81db85e28e33513ae31146bd06ae787ba1ca3f1f4fc9f8f63267c9e3ec7d9a1439cdd6a7f0c9c2a1eecdf68d4ecc080ac30ea0c6841a8d7b45c584fbd7debad800a7f503df35d7adad4072b5e4df1816d995e02d0ab476cec476aebdb1811f785061ed1e98a00fdb3e28d220d9d72c8aa9f791013ba37d4dcba52596e7454e40ec80ad0db2aa6dbbaf43cb6564f71246bff9b1cbffd6664f643e040000, NULL, 3, NULL, 142231),
  (274656, 2, 0x1f8b0800000000000000a5935b4f83401085dffd15847729a889974c31da6ada448db11a9fb7655a37d90bd98b517fbdb350cab6f8e6db9c73be1d986181eb2f29924f34966b354e8b2c4f13542b5d71b519a76faff7c717e975790458f9acf6a6f29859c96ce6b844c79682a416743cf33cbbb1966f9444e59e0daed1501f9cabb5eedb9fa525286de42b9d0e4c9967398cf61c58a2754f0366e082dbe530dad560b496a14a78354ecf2f2f2ed390776edbfda553dbbe3b0dca2c9caf688089564dbc6f503e63a61a30872671132d25773864ff0a889f72eb18ed6bc0ff15101ff6f0a05765d1409da2200c13cab3e077220cc62436830ab67ad24d9ba2996fe86fe966d5bd9b77f4814f74a44e0215a74bb79c2bebcc6ee1b1066ee78a3bce44e98c4718f51ab8e2ed852a1fdfef93a2b83acd5972377d9b24454ec3f5317cb070aa7bb56da7033382c2b403a831a146e39e5131e1bedb6b171be0b4bee59be6beb51548ae16fc07c326bb12bc4581d6ce9858cfb43736f0030f2aacdd2d13f465db07451a24fb9a4631f5de336063b4af69bbb4c5f2b8c809881db0b54156b56db77568b988ec5ec2e83f7f76f90b1e4599873f040000, NULL, 3, NULL, 142232),
  (274657, 2, 0x1f8b0800000000000000a5935b4fc2401085dffd154ddf2dad9a78c950a3a081448d118ccf0b1d7093bd347b31eaaf77b6a5b050de7c9b73ceb7d3ce740bb7df52245f682cd76a9816599e26a896bae26a3d4cdfe78fa757e96d790258f9acf6a6f29859c96ce6b844c71682a416743cf33cbbb396af9544e55e0daed0501f9caa95deb5bf484b50dac8399d0e4c9967390cf61c58a0752f3da6e782dbe630d8d660b496a14a78354c2fafafaed390776edbfdad539bbe5b0dcacc9caf688091564dbc6f503e61a6ea31872671232d2577d8678f05c48fb9758cf6d5e38f05c4873d3ce965593450a72808c384f222f89d08833189cda0822d5f74d3a668e6ebfb1bba59f511fac0273a5267818ad3855b4c957566bbf05803b753c51d67a274c6230c761ab8e2ed852a9f3f1e93b39bf3bc4e1ec6efa3a4c869b65d0a9f2c1ceade6cd3e8c08ca0306c0f6a4ca8d1b857544cb89ff6d6c50638adeff9bab96e6d0592ab19ffc5b09aae046f51a0b513265613ed8d0d7ccf830a6b77cf047dd8f6419106c9bec7514cbdf70c581bed6b5a2e2db13c2d720262076c6d90556ddb4d1d5ace227b2761f09f1fbbfc03bbb865013e040000, NULL, 3, NULL, 142233),
  (274658, 2, 0x1f8b0800000000000000a593cb6edb301045f7fd0a41fbc85213a06e3166d0d80d6c200d823841d6b4357609f021f05124fdfa0e254ba62defb29b7befe14833a2e0f65dc9ec2f5a278c9ee55551e619eaada985decff2d797fbab697ecbbe00d6a16882ad03164e715778a1d0f38d2469241d2f82287e3a27f65aa1f64f167768a90faef4ce1cdbdfe40cb4b1ea854e478695450993130736e8fce38819b9e0871c26430dd61815ab4cd4b3fcdbf7e9348f79ef76dd9f7b75e83b68d076ed434d03cc8d6ee35383f225b7f5883937899b1ba584c7317b29207e219ce7b4af117f29203eeee1c16c59d542bda2200e13cb9be8f7220ec615b6834abe7d34c97c63ff40b7abbe409ff94427ea6ba4d274e3372bedbc1d169e6a106ea585175c326f03c2e4a84168d15d28f6fbed3eab7e5c974df66bf13acfaaf29ac021853f3c1eeadfecd0e8cc4ca038ec086a4d68d0fa27d45cfa8feed6a5067863eec49e5574ddba0a94d06bf10fa3d597101c4a746ec9e56e69827571e691073536fe8e4bfab0dd83120d8abf2f92987a9f18b0b72634b45c5a22bbaa4a0252075c6391d75ddb431d5bae13fb2861f2991f9bfd07871e8bb53e040000, NULL, 3, NULL, 142234),
  (274659, 2, 0x1f8b0800000000000000a5935b4fc2401085dffd154ddf2d256a0433d4286820318608c4e7850eb8c95e9abd18f5d73bdb1b85fae6db9c73be9d76a65bb8ff9222fa4463b956937898a471846aa773ae0e9378b37ebe1cc5f7d90560ee93c29bdc636225b389e3121ddb0a925ad0f1c4f3e4c15a7e5012955b1adca3a13eb8507b7d6c7f1d67a0b4916b3a1d982c4d52189c38b045eb5e7b4ccf05d7e630686b305acb50453c9fc4b7e3f1559c5d0e53429aa07ac05ba3ead6ad066556cee734c354ab323e35289f3393f7987393b8a996923becb37f05c4cfb8758c56d6e3ff0a880fab78d1bbeca6841a4541182694c3e037220cc62496830ab67bd5659b9b72bebe5fd3e5b68f6edad0673ed1e73dbbe9d66d17ca3ad32ebcab81db85e28e339139e31106470d5cf1ea4e65efd1e8ee2a65d1d36c338d86e988b036830f168e34ef55b739333b5018b50795261468dc121513eebbba765d039cd68ffc50deb7aa02c9d58aff60d8745382b728d0da3913fbb9f6c606bee7418e857b64823e6bf5a08e06c9be669d987a9f187030da17b45a5a617db9bb0ed8c220cbabb6751d5aae3af651c2e03f7f76f60bf51fa3133f040000, NULL, 3, NULL, 142235),
  (274660, 2, 0x1f8b0800000000000000a553db4ec240107df72b9abe534ad408662851d040628811fc80850eb8c95e9abd18f5eb9ded8516ea9b6f732e7b76673a85d99714d1271acbb59ac6a3248d23547b9d73759cc6efdbe7c1389e655780b94f0a6f728f8995cc268e4b746c27086a41c713cf93076bf9514954eed5e0010de5e04a1d741b7f1367a0b4915b3a1d3c599aa4303c636087d6ad7b9e1e0beea4c3f05483d15a862ae2f934be9b4caee36c304ac9d208d5056f0daaa34f1894d9389f530f73ad4af99c207dc94cdef35c92e49b6b29b9c3bef72f81fc0b6e1da391f5fc7f09e40fa378d1fbecb634358884d04c2847816f40688c492c1b156cbfd665ccb8ecafcfd7ee72da2d9b36ee0b9edc97995d75e7762b659d390dbc8b81db95e28e339139e311862d06ae78b553d9f6239adc5fa72c7a5abccfa3514a77b4227cb070a679589d7341764ca1d79ea924a140e35e5131e1beabbdeb12e0b47ee4c772e1aa0a24571bfe8361d44d09dea2406b974c1c96da1b1bfc3d0e722cdc2313f45dab8b3a1824fb5a7464ca3e23e068b42f68b634c37abbbb0cd8c220cbabd8ba0e919b0edd4218fee7d7ce7e014f2cb29740040000, NULL, 3, NULL, 142236),
  (274661, 2, 0x1f8b0800000000000000a593db4ec2401086ef7d8aa6f79656341e32d408682031c6083ec04207dc640fcd1e8cfaf4cef644a1de7937ffff7f3bed4cb770ff2545f489c672ad267196a471846aab0baef693f87dfd747e13dfe76780854f4a6f0a8f8995cc268e4b746c23486a41c713cf93076bf95e4954eed5e00e0df5c1a5dae943fbcb3807a58d5cd3e9c0e46992c2e8c8810d5af73260062eb82e87515783d15a862ae2c524bebebd1dc7f9799612d206f503de5ad5b4ee3428b372bea019665a55f1b141f9829962c09c9ac4cdb494dce190fd2b207ecead63b4b201ff57407c58c5b3dee65715d42a0ac230a1cc82df8a301893580d2ad8f645576daeaaf9867e4357db3eb8694b9ff8449ff6eca71bb7592aeb4cb7f0be066e978a3bce44ee8c47181d3470c5eb3b953f45d9c5dd382da3c7f9fb2ccad21be2ba103e5838d3be58d3e7c4ec4161d601549950a271afa89870dff5bdeb1be0b49ef27d75e1ea0a24572bfe8361d56d09dea2406b174cec16da1b1bf8810705966eca047dd7fa413d0d927dcd7b31f53e32606fb42f69b7b4c3e676f71db0a54156d46d9b3ab45cf5ec8384d17f7eedfc17a881b09e40040000, NULL, 3, NULL, 142237),
  (274662, 2, 0x1f8b0800000000000000a553db4ec240107df72b9abe53daa851cc50a3a081c41023fa010b1d7093bd347b31ead73bdb0b2d9437dfe65cf6ecce740af7df52445f682cd76a1a67491a47a8b6bae06a3f8d3fde9f47b7f17d7e0158f8a4f4a6f09858c96ce2b844c73682a016743cf13c79b096ef9544e55e0deed0500e2ed54e77f157710e4a1bf94ea783274f9314c6470c6cd0bad5c03360c11d74181f6a305acb5045bc98c63793c9659c8fb2942cad505ff0d6a226fa804199b5f305f530d3aa928f09d217cc1403cf2949be9996923b1c7acf09e49f73eb188d6ce03f27903f8ce2456ff3ebcad422124233a1cc02df82d0189358352ad876a5ab98dbaabf21dfb8ab69776cdaba4f78729f66f6d58ddb2c9575e630f03e066e978a3bce44ee8c47187718b8e2f54ee5cf5196dd5da62c7a9a7fcca22ca53b3a113e5938d33eacc939217ba6d0ebc0549150a271afa898703ff5def509705a3ff27db570750592ab35ffc530eab6046f51a0b50b26760bed8d0dfe01070596ee9109faaef5453d0c927dcf7b32651f11b037da97345b9a61b3dd7d066c699015756c5387c8758fee208cfff36be77fc46f17e140040000, NULL, 3, NULL, 142238),
  (274663, 2, 0x1f8b0800000000000000a553db4ec240107df72b9abe5b8a978866a851d040620811fc80850eb8c95e9abd18f4eb9ded8516ea9b6f732e7b76673a85c78314d1171acbb51ac7c3248d23545b9d73b51fc71febd7cb51fc985d00e63e29bcc93d2656329b382ed1b18d20a8051d4f3c4f9eace57b2551b9a5c11d1acac1b9dae936fe26ce406923d7743a78b234496170c2c006ad5bf43c3d16dc5187c1b106a3b50c55c4f3717c777f7f1d6797c3942c8d505df0dea03afa88419995f339f530d1aa944f09d267cce43dcf3949be8996923bec7bff12c83fe5d6311a59cfff9740fe308a37bdcd6e4b53834808cd847218f80684c698c4b251c1b60b5dc68ccafefa7ced2ea7ddb269e33ee3c97d9ed955376e3357d699e3c0bb18b89d2bee381399331e61d062e08a573b95ada3ab87ebb4885ea61f936898d215ad069f2c1c69de55c79c911d5368b5672a4928d0b8252a26dc77b5765d029cd6cf7c5fee5b5581e46ac57f304cba29c15b1468ed8c89dd4c7b6383bfc7418e857b66823e6b7551078364876947a6ec1302f646fb82464b23ac97bbcb802d0cb2bc8aadeb10b9ead02d84c17ffeecec177c37db2d3f040000, NULL, 3, NULL, 142239),
  (274664, 2, 0x1f8b0800000000000000a5534b4fc24010befb2b9ade2d256a0433d408682031c488c6f34207dc641fcd3e0cfaeb9ded8316eacddb7c8ffd76673a85fb8314d1171acbb59ac4c3248d23545b9d73b59fc4ef6f4f97a3f83ebb00cc7d5278937b4cac6436715ca2631b41500b3a9e789e3c58cbf74aa2722f0677682807976aa7dbf8eb3803a58d7ca3d3c193a5490a8313063668ddaae7e9b1e08e3a0c8e3518ad65a8229e4fe2dbf1f82ace2e8729591aa1bae0b54175f41183326be773ea61a655299f12a42f98c97b9e73927c332d2577d8f7fe25907fcead6334b29eff2f81fc6114cf7a9bdd94a60691109a09e530f00d088d318965a3826d57ba8c1995fdf5f9da5d4ebb65d3c67dc693fb3cb3ab6edc66a9ac33c781773170bb54dc712632673cc2a0c5c015af762afb88c67757298b1ee7efb36898d215ad069f2c1c69de55c79c911d5368b5672a4928d0b817544cb8ef6aedba0438ada77c5fee5b5581e46acd7f304cba29c15b1468ed8289dd427b6383bfc7418e859b32419fb5baa88341b2c3bc2353f609017ba37d41a3a511d6cbdd65c01606595ec5d675885c77e816c2e03f7f76f60b4d2502923f040000, NULL, 3, NULL, 142240),
  (274665, 2, 0x1f8b0800000000000000a553c94ec33010bdf31551ee4d130162d13488b6a0564208d122ce6e332d96bc445e10f0f58cb33469c38ddbbcc5cf9ec904eebea4883ed158aed524ce92348e506d75c1d57e12bfad1f47d7f15d7e0658f8a4f4a6f09858c96ce2b844c73682a016743cf13cb9b796ef9544e55e0ceed0500e2ed54e77f117710e4a1bb9a6d3c193a7490ae323063668ddf3c03360c11d74181f6a305acb5045bc98c4573737e7713eca52b2b4427dc16b8b9ae803066556ce17d4c34cab4a3e26485f30530c3ca724f9665a4aee70e8fd4b20ff9c5bc7686403ff5f02f9c3289ef436bfac4c2d22213413ca2cf02d088d318955a3826d9f7515735df537e41b7735ed8e4d5bf7094feed3ccbeba719ba5b2ce1c06dec7c0ed5271c799c89df108e30e0357bcdea9fc3dca6ecfd3327a98bfcda22ca52b3a0d3e5838d2beab8939217ba6d0eac0549150a2712fa89870dff5daf509705a4ff9bedab7ba02c9d58aff6098745b82b728d0da0513bb85f6c606ff8083024b3765823e6b7d510f83645ff39e4cd94704ec8df6258d9646d82c779f015b1a64451ddbd42172d5a33b08e3fffcd9f92f8e459fab3f040000, NULL, 3, NULL, 142241),
  (274666, 2, 0x1f8b0800000000000000a553c94ec33010bdf31551eea40905b1681a042da8951042b47c80db4c5b4b5e222f08f87ac6599ab4e1c66ddee267cf6402f75f52449f682cd76a1267491a47a836bae06a37893f56cfe737f17d7e0658f8a4f4a6f09858c96ce2b844c7d682a016743cf13c79b096ef9444e5de0c6ed1500e2ed45677f197710e4a1bb9a2d3c193a7490aa32306d668ddebc03360c11d74181d6a305acb5045bc98c4d7b7b7e3383fcf52b2b4427dc17b8b9ae803066596ce17d4c354ab4a3e26489f33530c3ca724f9a65a4aee70e8fd4b20ff8c5bc7686403ff5f02f9c3285ef426bfaa4c2d22213413ca2cf02d088d318955a3826d5e75157353f537e41b7735ed8e4d5bf7094feed3ccbeba76eb85b2ce1c06dec7c0ed4271c799c89df108a30e0357bcdea97cb58fb28bbb715a464fb38f6994a57449a7c29e8543edcb9aa013b2670acd0e4c1509251af7868a09f75d2f5e9f00a7f523df551b575720b95af21f0cb36e4bf016055a3b67623bd7ded8e01f705060e91e99a00f5b5fd4c320d9d7ac2753f611013ba37d49c3a52136ebdd67c096065951c73675885cf6e80ec2e83fff76fe0bfbffa5fc41040000, NULL, 3, NULL, 142242),
  (274667, 2, 0x1f8b0800000000000000a5534b4fc24010befb2b9ade2d256a1433d428682031c408c6f3960eb8c93e9a7d18f5d73bdb072dd49bb7f91efbedce740a775f52449f682cd76a1a8f93348e506d75c1d57e1abf6d9ece6fe2bbec0cb0f049e94de131b192d9c471898ee582a016743cf13cb9b796ef9544e55e0ceed0500e2ed54e77f19771064a1bb9a1d3c193a5490aa3230672b46e35f00c5870071d46871a8cd63254112fa6f1f564721167e7e3942cad505ff0daa226fa804199b5f305f530d3aa928f09d217cc1403cf2949be9996923b1c7aff12c83fe7d6311ad9c0ff9740fe308a67bdcdae2a538b4808cd84721cf81684c698c4aa51c1b62b5dc5dc54fd0df9c65d4dbb63d3d67dc293fb34b3afe62e5f2aebcc61e07d0cdc2e15779c89cc198f30ea3070c5eb9dcadea3717a7b91b2e871fe36a39aeee844f860e14cfbb026e784ec9942af0353454289c6bda062c27dd77bd727c069fdc0f7d5c2d51548aed6fc07c3a8db12bc4581d62e98d82db43736f8071c1458ba0726e8bbd617f53048f635efc9947d44c0de685fd26c6986cd76f719b0a54156d4b14d1d22d73dba8330facfaf9dfd025ef6a69640040000, NULL, 3, NULL, 142243),
  (274668, 2, 0x1f8b0800000000000000a553db4ec240107df72b9abe534ad42866a851d040628811f880850eb8c95e9abd18f5eb9ded8516ca9b6f732e7b76673a85c76f29a22f34966b358947491a47a8763ae7ea308937ebd7c17dfc985d01e63e29bcc93d2656329b382ed1b1ad20a8051d4f3c4f9eace5072551b977837b3494830bb5d76dfc4d9c81d246aee974f0646992c2f084812d5ab7ec797a2cb8a30ec3630d466b19aa88e793f86e3cbe8eb3c128254b2354177c34a88e3e625066e57c4e3d4cb52ae55382f4393379cf734e926faaa5e40efbde4b02f967dc3a4623ebf92f09e40fa378d3bbecb634358884d04c2847816f40688c492c1b156cb7d465cc7dd95f9fafdde5b45b366ddc673cb9cf33bbead66d17ca3a731c781703b70bc51d672273c6230c5b0c5cf16aa7b27574f7709db2e865b69946a394ae6835f864e148f3ae3ae68cec9842ab3d53494281c6bda362c2fd546bd725c069fdcc0fe5be551548ae56fc17c3a49b12bc4581d6ce99d8cfb53736f87b1ce458b86726e8b35617753048f63debc8947d42c0c1685fd0686984f5727719b085419657b1751d22571dba8530fccf9f9dfd01683e10e73f040000, NULL, 3, NULL, 142244),
  (274669, 2, 0x1f8b0800000000000000a593dd6eda401085effb1496efb14d829ab41a364a201548551415f2000b1ec84afb63ed4f94f6e93b6b63583077b99b73ceb763cf780d0f9f4a661f689d307a9a8f8b2acf506f4d2df47e9abfad7f8deef307f60db00e45136c1db0708abbc20b859e6f244923e9781144f1e89cd86b85dabf5adca1a53eb8d43b736a3fc9196863d59a4e4786554505e599031b74fe65c00c5cf0c71cca630dd61815ab4cd4d3fceec7fdf79c8dc615217dd03de04faf0ead8f1ab45df950d30c33a3dbf8dca07cc16d3d602e4de2664629e171c85e0b889f0be739ad6cc05f0b888fabf86db66cd242bda2200e13cb71f47b1107e30adb4125dfbe9864bea17fa0db6d5fa12f7ca22fa934ddf8cd523b6f8f0b4f3508b7d4c20b2e99b701a13c69105a74778aadd7efd9cdcfdbaac99ee76fb36c5cd16ca714de793cd4bfd9a1d185994071d801d49ad0a0f5afa8b9f47fbb8b971ae08d7912fbf6c6751528a157e21fb209947d09c1a144e7165cee16265817f981073536fe894bfab0dd83120d8a7fce93987a9f19b0b72634b45c5a221bddc6eb9d3ae01a8bbceeda1eead87295d82709e557fe6df61fa791e6f241040000, NULL, 3, NULL, 142245),
  (274670, 2, 0x1f8b0800000000000000a593db4ec2401086ef7d8aa6f796221a0f194a1434901863041f60a1036cb287660f467d7a677ba250eebc9bffffbf9d76a65b987c4b117da1b15cab713c4cd23842b5d13957bb71fcb97ab9bc8b27d90560ee93c29bdc636225b389e3121d5b0b925ad0f1c4f3e4d15abe5312957b37b845437d70a1b6fad0fe3ace40692357743a30599aa4303872608dd6bdf5989e0baecd61d0d660b496a18a783e8e6fefef477176394c096982ea011f8daa5bb71a94593a9fd30c53adcaf8d8a07cce4cde634e4de2a65a4aeeb0cf9e0b889f71eb18adacc79f0b880fab78d59becea26408da2200c13ca61f01b11066312cb4105dbbce9b2cda89cafefd774b9ed839b36f4894ff469cf6eba76eb85b2ceb40bef6ae076a1b8e34c64ce7884c1410357bcba53d96a1fdd3e8c52163dcf3ea7d130bd23ae0d61cfc299e6c5ea3e2766070ab3f6a0d284028d7b47c584fba9ee5dd700a7f513df9517aeaa4072b5e4bf1856dd94e02d0ab476cec476aebdb181ef799063e19e98a0ef5a3da8a341b2ef5927a6de4706ec8cf605ed967658dfeeae03b630c8f2aa6d5d8796cb8e7d9030f8cfaf9dfd013d72635340040000, NULL, 3, NULL, 142246),
  (274671, 2, 0x1f8b0800000000000000a593db4ec2401086ef7d8aa6f796221ac50c25021a48d418d10758e8809beca1d983519fded99e28d43befe6ffff6fa79de916a65f52449f682cd76a120f93348e506d75ced57e12bfbf3d9cdfc4d3ec0c30f749e14dee31b192d9c471898e6d04492de878e27972672ddf2b89cabd18dca1a13eb8523b7d687f1967a0b4916f743a30599aa43038726083d63df7989e0baecd61d0d660b496a18a783e89afc7e3519c9d0f53429aa07ac06ba3ead6ad0665d6cee734c35cab323e36285f3293f7985393b8b996923becb37f05c42fb8758c56d6e3ff0a880fab78d4dbece22a408da2200c13ca61f01b11066312cb4105db3eebb2cda89cafefd774b9ed839b36f4894ff469cf6eba719b95b2ceb40bef6ae076a5b8e34c64ce7884c1410357bcba53d95334be1da52cba5fbccfa3617a43589bc1070b479af7aadb9c981d288cda834a130a34ee051513eebbba765d039cd633be2fef5b5581e46acd7f306cba29c15b1468ed9289dd527b6303dff320c7c2cd98a0cf5a3da8a341b2af4527a6de4706ec8df605ad9656585feeae03b630c8f2aa6d5d8796eb8e7d9030f8cf9f9dfd02949c9d583f040000, NULL, 3, NULL, 142247),
  (274672, 2, 0x1f8b0800000000000000a593db4ec2401086ef7d8aa6f79656341e32d428682031c6083ec04207dc640fcd1e8cfaf4cef644a1dc7937ffff7f3bed4cb770ff2d45f485c672ad267196a471846aa30bae7693f863f57c7e13dfe76780854f4a6f0a8f8995cc268e4b746c2d486a41c713cf93076bf94e4954eecde0160df5c185daea7dfbcb3807a58d5cd1e9c0e46992c2e8c081355af73a60062eb82e87515783d15a862ae2c524bebebd1dc7f9799612d206f503de5bd5b4ee3428b374bea019a65a55f1a141f99c9962c01c9bc44db594dce1903d15103fe3d6315ad9803f15101f56f1a237f9c555805a454118269459f05b11066312ab4105dbbceaaacdb89a6fe83774b5edbd9bb6f4914ff471cf7eba76eb85b2ce740bef6be076a1b8e34ce4ce7884d15e0357bcbe53f92acab2bb71caa2a7d9c734cad21be2ba103e5938d3be58d3e7c8ec4161d601549950a2716fa898703ff5bdeb1be0b47ee4bbeac2d51548ae96fc17c3aadb12bc4581d6ce99d8ceb53736f0030f0a2cdd2313f45deb07f53448f63debc5d4fbc0809dd1bea4ddd20e9bdbdd77c096065951b76dead072d9b3f71246fff9b5f33f6ba6c92240040000, NULL, 3, NULL, 142248),
  (274673, 2, 0x1f8b0800000000000000a593cb6edb301045f7fd0a41fbe89114a85b8c193476031b4883204e90356d8d5d027c087c1449bfbe43c9b269cbbbece6de7b38d28c28b87d5732fb8bd609a3a7795d5479867a631aa177d3fcf5e5fe6a92dfb22f804d28da609b808553dc155e28f47c2d491a49c78b208a9fce899d56a8fd93c52d5aea834bbd35c7f65f7306da58f542a723c3aaa282f2c481353aff3862462ef8430ee5a1066b8c8a55269a69feedfb6492c77c70fbeecf83daf73d68d076e5434303cc8ceee25383f205b7cd883937899b19a584c7317b29207e2e9ce7b4af117f29203eeee1c16c58dd4183a2200e13cb9be80f220ec61576834abe7934c97c637f4f77abbe409ff9449f5369baf6eba576de1e169e6a106ea985175c326f034279d420b4e82f14fbfd769fd5f58f9b8a67bfe6afb3acae68b8630c7f783c35bcdabed399994071da11d499d0a2f54fa8b9f41ffdb54b0df0c6dc895d77dffa0a94d02bf10fd935944309c1a144e7165c6e17265817f991070db6fe8e4bfab2fd83120d8abfcf93987a9f18b0b326b4b45dda22bbbaae08481d70ad45def46df7756cb94aeca384f2337f36fb0fea1e5a173f040000, NULL, 3, NULL, 142249),
  (274674, 2, 0x1f8b0800000000000000a5935b4fc2401085dffd154ddf2d454cbc6458a3a081448d118ccf0b1d7093bd347b31eaaf77b6a5a550df7c9b39e7dbd3ce740b375f4a269f689d307a9c0eb33c4d50af4d21f4769cbe2d1f4e2fd31b76025884ac0cb6089839c55de68542cf57925a23e978164476eb9cd86a85dabf58dca0a51c9ceb8dd9c79fa70cb4b16a49a723c3f22c87c181022b74feb9c7f454f0ad0f83b6066b8c8a55228a717a7175799146bf51ebf4d7a6dbe5b63d68bbf0a1a001264657f6a140fe8cdba2c71c8bc44d8c52c2639ffdcb207e2a9ce7b4af1eff97417cdcc3a359b36105351d197198588ea2de347130aeb01a54f2f5b3a96286d57c7d7d4757abdeab79431fe9441f6776dd955fcdb5f3b65d78b707e1e65a78c125f336200cf63d082dea0bc59ede1f92d1f5282f93fbe9db2419e66704b62e7cf078a879b35dd091d881e2b03da812a144eb5f5073e9bfeb5bd715c01b7327b6d575ab2b50422fc40f327a9fa684e050a273332e373313ac8b7c4f83024b7fc7257dd8fa419d1e14ff9a766cca3e10606b4d2869b9b444767a9613d055c095167951c7eeea18b9e8c8fb1606fff9b1d92fd98c8ff53e040000, NULL, 3, NULL, 142250),
  (274675, 2, 0x1f8b0800000000000000a553db4ec240107df72b9abe5b4ad40866a811d040a2c4887ec04207dc642fcd5e0cfaf5cef6420bf5cdb739973dbb339dc2fd418ae80b8de55a4de26192c611aaadceb9da4fe28ff7a7cb517c9f5d00e63e29bcc93d2656329b382ed1b18d20a8051d4f3c4f1eace57b2551b957833b3494834bb5d36dfc759c81d246bed3e9e0c9d22485c109031bb46ed5f3f45870471d06c71a8cd6325411cf27f1ed787c156797c3942c8d505df0d6a03afa884199b5f339f530d3aa944f09d217cce43dcf3949be9996923bec7bff12c83fe7d6311a59cfff9740fe308a67bdcd6e4a53834808cd847218f80684c698c4b251c1b62b5dc68ccafefa7ced2ea7ddb269e33ee3c97d9ed955376eb354d699e3c0bb18b85d2aee381399331e61d062e08a573b95bd44a3bbab94458ff38f59344ce98a56834f168e34efaa63cec88e29b4da3395241468dc2b2a26dc77b5765d029cd653be2ff7adaa4072b5e63f1826dd94e02d0ab476c1c46ea1bdb1c1dfe320c7c24d99a0cf5a5dd4c120d961de9129fb8480bdd1bea0d1d208ebe5ee32600b832caf62eb3a44ae3b740b61f09f3f3bfb0582953d2e3f040000, NULL, 3, NULL, 142251),
  (274676, 2, 0x1f8b0800000000000000a553594fc240107ef757347db7148f0866a851d040628c118dcf0b1d70933d9a3d0cfaeb9ded410be5cdb7f98efd76673a85bb9d14d1371acbb59ac4c3248d23546b9d73b59dc41fef4fe7a3f82e3b03cc7d5278937b4cac6436715ca2632b41500b3a9e789edc5bcbb74aa272af0637682807176aa3dbf8ab3803a58d7ca7d3c193a5490a8303065668dd4bcfd363c1ed7518ec6b305acb50453c9fc437e3f1659c9d0f53b2344275c15b83eae83d066596cee7d4c354ab523e24489f3393f73cc724f9a65a4aeeb0ef3d25907fc6ad6334b29eff9440fe308a67bdceae4b53834808cd847218f80684c698c4b251c1d62fba8c1995fdf5f9da5d4ebb65d3c67dc493fb38b3abaedc6aa1ac33fb81773170bb50dc712632673cc2a0c5c015af762afb8c2e6e2fd3227a9c7d4ca3614a57b41a7cb170a479571d7344764ca1d59ea924a140e35e5131e17eaab5eb12e0b47ee0db72dfaa0a24574bfe8b61d24d09dea2406be74c6ce6da1b1bfc3d0e722cdc0313f459ab8b3a1824dbcd3a32651f10b035da17345a1a61bddc5d066c6190e5556c5d87c865876e210cfef367677f718f4ec53f040000, NULL, 3, NULL, 142252),
  (274677, 2, 0x1f8b0800000000000000a593db4ec2401086ef7d8aa6f796123582196a1434902831820fb0d00137d943b307833ebdb33d51a877decdffffdf4e3bd32ddc1fa488bed058aed5241e26691ca1daea9cabfd24fe583f5f8ee2fbec0230f749e14dee31b192d9c471898e6d04492de878e279f2602ddf2b89cabd19dca1a13eb8503b7d6c7f1d67a0b4916b3a1d982c4d52189c38b041eb963da6e7826b7318b43518ad65a8229e4fe2dbf1f82ace2e8729214d503de0bd5175eb5683322be7739a61aa55199f1a94cf99c97bccb949dc544bc91df6d9bf02e267dc3a462bebf17f05c48755bce86d7653428da2200c13ca61f01b11066312cb4105db2e75d9e6a69cafefd774b9eda39b36f4994ff479cf6eba719b85b2ceb40bef6ae076a1b8e34c64ce7884c1510357bcba53d96b747b7795b2e869f6318d86e988b036834f168e34ef55b739333b5018b50795261468dc1b2a26dc7775edba0638ad1ff9bebc6f550592ab15ffc1b0e9a6046f51a0b573267673ed8d0d7ccf831c0bf7c8047dd6ea411d0d921d669d987a9f18b037da17b45a5a617db9bb0ed8c220cbabb6751d5aae3af651c2e03f7f76f60b120c1b323f040000, NULL, 3, NULL, 142253),
  (274678, 2, 0x1f8b0800000000000000a5935b4fc2401085dffd154ddf2d256a0433d428682031c408c6e7850eb8c95e9abd18f4d73bdb1b85fae6db9c73be9d76a65bb83f48117da1b15cab493c4cd23842b5d53957fb49fcbe7ebe1cc5f7d90560ee93c29bdc636225b389e3121ddb08925ad0f1c4f3e4c15abe5712957b35b843437d70a176fad8fe3ace406923d7743a30599aa43038716083d62d7b4ccf05d7e630686b305acb50453c9fc4b7e3f1559c5d0e53429aa07ac05ba3ead6ad066556cee734c354ab323e35289f3393f7987393b8a996923becb37f05c4cfb8758c56d6e3ff0a880fab78d1dbeca6841a4541182694c3e037220cc62496830ab65deab2cd4d395fdfafe972db47376de8339fe8f39edd74e3360b659d6917ded5c0ed4271c799c89cf10883a306ae7875a7b28fe8f6ee2a65d1d3ec7d1a0dd311616d069f2c1c69deab6e736676a0306a0f2a4d28d0b857544cb8efeada750d705a3ff27d79dfaa0a24572bfe8361d34d09dea2406be74cece6da1b1bf89e073916ee9109faacd5833a1a243bcc3a31f53e31606fb42f68b5b4c2fa72771db0854196576deb3ab45c75eca384c17ffeecec17b7f8441d3f040000, NULL, 3, NULL, 142254),
  (274679, 2, 0x1f8b0800000000000000a553db4ec240107df72b9abe5b8a9880662811d040628c11fc80850eb0c95e9abd18f4eb9d6d6929d437dfe65ce6ecce740b93a314d1171acbb51ac7fd248d23545b9d73b51fc79feb97db513cc96e00739f14dee41e132b994d1c97e8d84610d482da13cf93276bf95e4954eedde00e0de5e052edf439fe3ece406923d7d41d3c599aa4d0bb606083d6bd753c1d165ca343afa9c1682d4315f17c1c0f1f46c338e8355ba57fd4e894db605066e57c4e03ccb42ae54b82f4053379c7734d926fa6a5e40ebbdebf04f2cfb9758cf6d5f1ff25903fece1556fb3fe30986a444218269483c0d7200cc62496830ab67dd3654cbf9cafcb9fdce5aacf6c5abbaf78725f67b6d58ddb2c9575a659781b03b74bc51d672273c623f4ce18b8e2d583cad6eb43347c1ca42c7a9e7fcea27e7a47c64685030b4df5cd4e415764cb1486ed984a120a34ee1d1513eebb7a756d029cd653be2f9f5b5581e46ac57f30a3fbd425788b02ad5d30b15b686f6cf07738c8b1705326e8c35607b53048769cb764cabe20606fb42f68b9b4c4a0b621d8c220cbabcc531df2562dfa0ca1f79fbf3afb05bee79c913b040000, NULL, 3, NULL, 142255),
  (274680, 2, 0x1f8b0800000000000000a5534b4fc24010befb2b9ade2d454d5033d4286820514204e379a1036eb28f661f46fdf5cef645a1debc7daffdda996ee1ee4b8ae8138de55a8de36192c611aaadceb9da8fe3b7f5d3f9757c979d01e63e29bcc93d2656329b382ed1b18d20aa051d4f3c4feeade57b2551b9a5c11d1aeac1b9dae943fd559c81d246aee974c8646992c2e048810d5ab7e8657a2ab8d687418bc1682d038a783e8e4737d7a338f88d5ab5bf36acee6d3928b3723ea701265a95f6b140fe8c99bc9739152937d1527287fdec5f06e5a7dc3a46fbeae5ff32281ff6f0acb7d97014420d23230c13e065d01b12066312cb4105db2e7459332ce7ebeb75ba5cf5414d9bf4894ee9d3ceaebb719bb9b2ceb40bef72e076aeb8e34c64ce7884c1810357bcba50d9cbfb53344c6f2f53163d4edf26842f28d9daf0c1c2a9e6d5eaa613b1130ad3f642a508051ab744c584fbaeae5d5700a7f503df97f7ad4220b95af11fcce87d1a08dea2406b674cec66da1b1bf23d0d722cdc0313f465ab07753848f635edd8d47d24c0de685fd076698bc1ed52b0854196579d350e7dab8e7ca030f8cf6f9dfd02d9c7f9373c040000, NULL, 3, NULL, 142256),
  (274681, 2, 0x1f8b0800000000000000a5935b4fc2401085dffd154ddf6d8b9a8866a851d040a2c688c6e7850eb8c95e9abd18f5d73bdb5258286fbecd39e7db6967ba859b6f29922f34966b354a07599126a896bae26a3d4adfdf1e4e87e94d790258f9acf6a6f29859c96ce6b844c71682a416743cf33cbbb596af9544e55e0caed0501f9ca995deb5bf484b50dac8373a1d98b2c80ac8f71c58a075cf3da6e782dbe6906f6b305acb5025bc1aa59757c3611af2ce6dbbbf766ad377ab4199b9f3150d30d6aa89f70dcaa7cc543de6d0246eaca5e40efbecb180f809b78ed1be7afcb180f8b08747bd2c070dd4290ac230a13c0f7e27c2604c6233a860cb671dcdd7f73774b3ea23f4814f74a406818ad3855bcc947566bbf05803b733c51d67a274c623e43b0d5cf1f642954f1f0fc9c5f5795127f793f771322868b65d0a9f2c1ceade6cd3e8c08ca0306c0f6a4ca8d1b817544cb89ff6d6c50638adeff8bab96e6d0592ab39ffc5f20cf2ae046f51a0b553265653ed8d0d7ccf830a6b77c7047dd8f6419106c9be27514cbdf70c581bed6b5a2e2d31a4b1045b1b6455db7353877ef3c8de49c8fff357977f0299a0713b040000, NULL, 3, NULL, 142257),
  (274682, 2, 0x1f8b0800000000000000a5935b6fda401085dffb2b2cbf631b05a5b41a364a201148551495447d5ef04056da8bb5972ac9afefac8d61c1bcf56dce39df8e3de335dc7d2899fd45eb84d1b37c5c5479867a6b6aa1f7b3fcedf56934cdefd837c03a144db075c0c229ee0a2f147abe91248da4e34510c5bd7362af156aff62718796fae04aefcca9fd2467a08d55af743a32ac2a2a28cf1cd8a0f3cf0366e0823fe6501e6bb0c6a85865a29ee5df7f4c6f73361a5784f441f780dfbd3ab43e6ad076ed434d33cc8d6ee37383f225b7f580b934899b1ba584c7217b2d207e219ce7b4b2017f2d203eaee297d9b2490bf58a82384c2cc7d1ef451c8c2b6c07957cfb6c92f986fe816eb77d85bef089bea4d274e3372bedbc3d2e3cd520dc4a0b2fb864de0684f2a44168d1dd29f6e7299bfebca978f6b8789b67e38a463b85f0cee399fec50e7d2ecc048ab30ea0d68406ad7f41cda5ffecee5d6a8037e641ecdb0bd755a0845e8b2f641328fb12824389ce2db9dc2d4db02ef2030f6a6cfc0397f45dbb07251a14ff582431f53e33606f4d6868b7b44336ba89b73b75c0351679ddb53dd4b1e53ab14f12cafff9b5d93f500aea1940040000, NULL, 3, NULL, 142258);

INSERT INTO `timetable`.`solver_info_def`(`uniqueid`, `name`, `description`, `implementation`)
VALUES (1, 'GlobalInfo', 'Global solution information table', 'org.unitime.timetable.solver.ui.PropertiesInfo'),
  (2, 'CBSInfo', 'Conflict-based statistics', 'org.unitime.timetable.solver.ui.ConflictStatisticsInfo'),
  (3, 'AssignmentInfo', 'Preferences of a single assignment', 'org.unitime.timetable.solver.ui.AssignmentPreferenceInfo'),
  (4, 'DistributionInfo', 'Distribution (group constraint) preferences', 'org.unitime.timetable.solver.ui.GroupConstraintInfo'),
  (5, 'JenrlInfo', 'Student conflicts', 'org.unitime.timetable.solver.ui.JenrlInfo'),
  (6, 'LogInfo', 'Solver Log', 'org.unitime.timetable.solver.ui.LogInfo'),
  (7, 'BtbInstructorInfo', 'Back-to-back instructor preferences', 'org.unitime.timetable.solver.ui.BtbInstructorConstraintInfo');

INSERT INTO `timetable`.`solver_parameter`(`uniqueid`, `value`, `solver_param_def_id`, `solution_id`, `solver_predef_setting_id`)
VALUES (24921, '300', 54, NULL, 3),
  (1701, 'false', 10, NULL, 3),
  (1, 'MPP', 1, NULL, 1),
  (2, 'on', 3, NULL, 1),
  (3, 'false', 4, NULL, 1),
  (5, '0', 17, NULL, 1),
  (6, 'false', 4, NULL, 2),
  (7, 'Save and Unload', 2, NULL, 2),
  (8, '0', 54, NULL, 2),
  (11, '0.0', 56, NULL, 3),
  (12, '0.0', 57, NULL, 3),
  (13, '0.0', 58, NULL, 3),
  (14, '0.0', 59, NULL, 3),
  (15, '0.0', 60, NULL, 3),
  (16, '0.0', 61, NULL, 3),
  (17, '0.0', 62, NULL, 3),
  (24922, 'false', 4, NULL, 3),
  (18, '0.0', 63, NULL, 3),
  (19, '0.0', 64, NULL, 3),
  (20, '0.0', 65, NULL, 3),
  (21, '0.0', 66, NULL, 3),
  (22, '0.0', 67, NULL, 3),
  (24, '1.0', 94, NULL, 3),
  (25, '1.0', 95, NULL, 3),
  (27, '0.0', 97, NULL, 3),
  (28, '0.0', 98, NULL, 3),
  (29, '0.0', 99, NULL, 3),
  (31, '0.0', 101, NULL, 3),
  (32, '0.0', 102, NULL, 3),
  (33, '0.0', 103, NULL, 3),
  (34, '0.0', 104, NULL, 3),
  (35, '0.0', 105, NULL, 3),
  (36, '0.0', 106, NULL, 3),
  (37, '0.0', 107, NULL, 3),
  (38, '0.0', 140, NULL, 3),
  (39, '0.0', 143, NULL, 3),
  (40, '0.0', 108, NULL, 3),
  (20974, 'DIFF_TIME', 202, NULL, 1),
  (20975, 'on', 55, NULL, 3),
  (90439, '20.0', 99, NULL, 4),
  (91742, '7.6', 56, NULL, 4),
  (91743, '2.4', 57, NULL, 4),
  (94344, 'false', 13, 806, NULL),
  (94345, 'net.sf.cpsolver.coursett.heuristics.LectureSelection', 25, 806, NULL),
  (94346, '0.0', 139, 806, NULL),
  (94347, '1.0', 123, 806, NULL),
  (94348, '0.1', 107, 806, NULL),
  (94349, '4', 224, 806, NULL),
  (94350, '0.0', 131, 806, NULL),
  (94351, '0.2', 115, 806, NULL),
  (94352, '0.05', 99, 806, NULL),
  (94353, '0.0', 32, 806, NULL),
  (94354, '500', 223, 806, NULL),
  (94355, '5', 147, 806, NULL),
  (94356, '2222222222222224222222222222222223333222222222222222222222222224222222222222222223333222222222222222222222222224222222222222222223333222222222222222222222222224222222222222222223333222222222222222222222222224222222222222222223333222222222222222222222', 182, 806, NULL),
  (94357, '0.0', 37, 806, NULL),
  (94358, 'true', 10, 806, NULL),
  (94359, '-1', 21, 806, NULL),
  (94360, '0.8', 56, 806, NULL),
  (94361, '0.0', 40, 806, NULL),
  (94362, 'true', 20, 806, NULL),
  (94363, '0.3', 76, 806, NULL),
  (94364, 'No Action', 2, 806, NULL),
  (94365, '0.0', 41, 806, NULL),
  (94366, '0.0', 134, 806, NULL),
  (94367, '2.0', 118, 806, NULL),
  (94368, '0.25', 102, 806, NULL),
  (94369, '0.0', 38, 806, NULL),
  (94370, '0.0', 203, 806, NULL),
  (94371, '0.0', 138, 806, NULL),
  (94372, '0.0', 43, 806, NULL),
  (94373, '1.0', 122, 806, NULL),
  (94374, '0.1', 106, 806, NULL),
  (94375, '5.0', 204, 806, NULL),
  (94376, '1.0', 88, 806, NULL),
  (94377, '0.2', 57, 806, NULL),
  (94378, '0.1', 222, 806, NULL),
  (94379, '0.3', 58, 806, NULL),
  (94380, '1.0', 87, 806, NULL),
  (94381, '0.77', 12, 806, NULL),
  (94382, 'net.sf.cpsolver.coursett.heuristics.UniversalPerturbationsCounter', 22, 806, NULL),
  (94383, '0.00', 89, 806, NULL),
  (94384, '0.0', 133, 806, NULL),
  (94385, '0.0', 117, 806, NULL),
  (94386, '0.2', 101, 806, NULL),
  (94387, '0.0', 142, 806, NULL),
  (94388, '0.0', 36, 806, NULL),
  (94389, '1', 162, 806, NULL),
  (94390, '1.0', 141, 806, NULL),
  (94391, '0.0', 29, 806, NULL),
  (94392, '0.0', 130, 806, NULL),
  (94393, '0.1', 140, 806, NULL),
  (94394, '0.8', 114, 806, NULL),
  (94395, '0.3', 98, 806, NULL),
  (94396, '-1', 91, 806, NULL),
  (94397, '1.0', 67, 806, NULL),
  (94398, '0.0', 128, 806, NULL),
  (94399, 'org.unitime.timetable.solver.TimetableDatabaseLoader', 27, 806, NULL),
  (94400, '0.0', 112, 806, NULL),
  (94401, '0.0', 96, 806, NULL),
  (94402, 'false', 55, 806, NULL),
  (94403, '0.20', 90, 806, NULL),
  (94404, '-1', 52, 806, NULL),
  (94405, '10', 85, 806, NULL),
  (94406, 'org.unitime.timetable.solver.TimetableDatabaseSaver', 28, 806, NULL),
  (94407, '0.2', 75, 806, NULL),
  (94408, '0.0', 47, 806, NULL),
  (94409, '0.0', 126, 806, NULL),
  (94410, '0.0', 110, 806, NULL),
  (94411, '1.0', 94, 806, NULL),
  (94412, 'net.sf.cpsolver.coursett.heuristics.NeighbourSelectionWithSuggestions', 221, 806, NULL),
  (94413, '10.0', 71, 806, NULL),
  (94414, '0.0', 45, 806, NULL),
  (94415, 'DIFF_TIME', 202, 806, NULL),
  (94416, '20.0', 72, 806, NULL),
  (94417, '0.0', 46, 806, NULL),
  (94418, 'true', 9, 806, NULL),
  (94419, '0.5', 225, 806, NULL),
  (94420, 'true', 84, 806, NULL),
  (94421, '0.0', 34, 806, NULL),
  (94422, '0', 15, 806, NULL),
  (94423, '2.0', 59, 806, NULL),
  (94424, '0', 17, 806, NULL),
  (94425, '0.0', 132, 806, NULL),
  (94426, '0.3', 116, 806, NULL),
  (94427, '0.0', 100, 806, NULL),
  (94428, 'net.sf.cpsolver.ifs.termination.MPPTerminationCondition', 23, 806, NULL),
  (94429, '0.1', 61, 806, NULL),
  (94430, '20.0', 205, 806, NULL),
  (94431, '-1.0', 92, 806, NULL),
  (94432, '0.0', 135, 806, NULL),
  (94433, '1.0', 83, 806, NULL),
  (94434, '1.0', 119, 806, NULL),
  (94435, '0.0', 49, 806, NULL),
  (94436, '0.1', 103, 806, NULL),
  (94437, '1.0', 18, 806, NULL),
  (94438, '1.0', 78, 806, NULL),
  (94439, '0.0', 48, 806, NULL),
  (94440, '0.1', 30, 806, NULL),
  (94441, 'false', 4, 806, NULL),
  (94442, '0.0', 145, 806, NULL),
  (94443, '1.0', 60, 806, NULL),
  (94444, '1.0', 144, 806, NULL),
  (94445, '1800', 54, 806, NULL),
  (94446, '0.5', 143, 806, NULL),
  (94447, '2.0', 77, 806, NULL),
  (94448, '0.0', 35, 806, NULL),
  (94449, '0.1', 79, 806, NULL),
  (94450, '0.0', 137, 806, NULL),
  (94451, '0.0', 129, 806, NULL),
  (94452, '0.1', 121, 806, NULL),
  (94453, '0.01', 105, 806, NULL),
  (94454, '1.0', 113, 806, NULL),
  (94455, '0.1', 97, 806, NULL),
  (94456, 'MPP', 1, 806, NULL),
  (94457, '1.0', 65, 806, NULL),
  (94458, '0.0', 136, 806, NULL),
  (94459, '0.1', 120, 806, NULL),
  (94460, '0.0', 104, 806, NULL),
  (94461, 'true', 11, 806, NULL),
  (94462, '-1', 53, 806, NULL),
  (94463, '0.1', 62, 806, NULL),
  (94464, '1.2', 14, 806, NULL),
  (94465, '100', 146, 806, NULL),
  (94466, '0.0', 39, 806, NULL),
  (94467, 'net.sf.cpsolver.coursett.heuristics.PlacementSelection', 26, 806, NULL),
  (94468, '1.0', 69, 806, NULL),
  (94469, '0.2', 86, 806, NULL),
  (94470, '2', 148, 806, NULL),
  (94471, '0.0', 42, 806, NULL),
  (94472, '0.1', 124, 806, NULL),
  (94473, '0.1', 108, 806, NULL),
  (94474, '30.0', 70, 806, NULL),
  (94475, '0.0', 125, 806, NULL),
  (94476, 'true', 150, 806, NULL),
  (94477, '0.0', 109, 806, NULL),
  (94478, '0.0', 93, 806, NULL),
  (94479, '1.0', 66, 806, NULL),
  (94480, '1.0', 64, 806, NULL),
  (94481, '0.0', 127, 806, NULL),
  (94482, '0.0', 111, 806, NULL),
  (94483, '2.0', 95, 806, NULL),
  (94484, 'true', 68, 806, NULL),
  (94485, '0.0', 51, 806, NULL),
  (94486, 'false', 5, 806, NULL),
  (94487, 'false', 241, 806, NULL),
  (94488, '1.2', 16, 806, NULL),
  (94489, '0.0', 181, 806, NULL),
  (94490, '0.0', 73, 806, NULL),
  (94491, 'true', 161, 806, NULL),
  (94492, 'net.sf.cpsolver.coursett.heuristics.TimetableComparator', 24, 806, NULL),
  (94493, '0.0', 44, 806, NULL),
  (94494, '0.8', 74, 806, NULL),
  (94495, '67.0', 206, 806, NULL),
  (94496, '1.0', 82, 806, NULL),
  (94497, 'on', 3, 806, NULL),
  (94498, '100.0', 207, 806, NULL),
  (94499, '-1', 7, 806, NULL),
  (94500, '0.0', 50, 806, NULL),
  (94501, '0.1', 81, 806, NULL),
  (94502, 'true', 6, 806, NULL),
  (94503, '2', 149, 806, NULL),
  (94504, '1.0', 63, 806, NULL),
  (94505, '0', 19, 806, NULL),
  (94506, 'false', 13, 807, NULL),
  (94507, 'net.sf.cpsolver.coursett.heuristics.LectureSelection', 25, 807, NULL),
  (94508, '0.0', 139, 807, NULL),
  (94509, '1.0', 123, 807, NULL),
  (94510, '0.1', 107, 807, NULL),
  (94511, '4', 224, 807, NULL),
  (94513, '0.2', 115, 807, NULL),
  (94514, '0.05', 99, 807, NULL),
  (94516, '500', 223, 807, NULL),
  (94519, '0.0', 37, 807, NULL),
  (94520, 'true', 10, 807, NULL),
  (94521, '-1', 21, 807, NULL),
  (94523, '0.0', 40, 807, NULL),
  (94525, '0.3', 76, 807, NULL),
  (94526, 'No Action', 2, 807, NULL),
  (94527, '0.0', 41, 807, NULL),
  (94528, '0.0', 134, 807, NULL),
  (94529, '2.0', 118, 807, NULL),
  (94530, '0.25', 102, 807, NULL),
  (94531, '0.0', 38, 807, NULL),
  (94532, '0.0', 203, 807, NULL),
  (94533, '0.0', 138, 807, NULL),
  (94534, '0.0', 43, 807, NULL),
  (94535, '1.0', 122, 807, NULL),
  (94536, '0.1', 106, 807, NULL),
  (94537, '5.0', 204, 807, NULL),
  (94538, '1.0', 88, 807, NULL),
  (94539, '0.2', 57, 807, NULL),
  (94540, '0.1', 222, 807, NULL),
  (94541, '0.3', 58, 807, NULL),
  (94542, '1.0', 87, 807, NULL),
  (94543, '0.77', 12, 807, NULL),
  (94544, 'net.sf.cpsolver.coursett.heuristics.UniversalPerturbationsCounter', 22, 807, NULL),
  (94545, '0.00', 89, 807, NULL),
  (94546, '0.0', 133, 807, NULL),
  (94547, '0.0', 117, 807, NULL),
  (94548, '0.2', 101, 807, NULL),
  (94549, '0.0', 142, 807, NULL),
  (94550, '0.0', 36, 807, NULL),
  (94551, '1', 162, 807, NULL),
  (94552, '1.0', 141, 807, NULL),
  (94553, '0.0', 29, 807, NULL),
  (94554, '0.0', 130, 807, NULL),
  (94555, '0.1', 140, 807, NULL),
  (94556, '0.8', 114, 807, NULL),
  (94558, '-1', 91, 807, NULL),
  (94559, '1.0', 67, 807, NULL),
  (94560, '0.0', 128, 807, NULL),
  (94562, '0.0', 112, 807, NULL),
  (94563, '0.0', 96, 807, NULL),
  (94564, 'false', 55, 807, NULL),
  (94565, '0.20', 90, 807, NULL),
  (94566, '-1', 52, 807, NULL),
  (94567, '10', 85, 807, NULL),
  (94568, 'org.unitime.timetable.solver.TimetableDatabaseSaver', 28, 807, NULL),
  (94569, '0.2', 75, 807, NULL),
  (94570, '0.0', 47, 807, NULL),
  (94571, '0.0', 126, 807, NULL),
  (94573, '1.0', 94, 807, NULL),
  (94574, 'net.sf.cpsolver.coursett.heuristics.NeighbourSelectionWithSuggestions', 221, 807, NULL),
  (94576, '0.0', 45, 807, NULL),
  (94577, 'DIFF_TIME', 202, 807, NULL),
  (94578, '20.0', 72, 807, NULL),
  (94579, '0.0', 46, 807, NULL),
  (94581, '0.5', 225, 807, NULL),
  (94582, 'true', 84, 807, NULL),
  (94583, '0.0', 34, 807, NULL),
  (94584, '0', 15, 807, NULL),
  (94585, '2.0', 59, 807, NULL),
  (94586, '0', 17, 807, NULL),
  (94587, '0.0', 132, 807, NULL),
  (94588, '0.3', 116, 807, NULL),
  (94589, '0.0', 100, 807, NULL),
  (94590, 'net.sf.cpsolver.ifs.termination.MPPTerminationCondition', 23, 807, NULL),
  (94591, '0.1', 61, 807, NULL),
  (94593, '-1.0', 92, 807, NULL),
  (94594, '0.0', 135, 807, NULL),
  (94595, '1.0', 83, 807, NULL),
  (94596, '1.0', 119, 807, NULL),
  (94597, '0.0', 49, 807, NULL),
  (94598, '0.1', 103, 807, NULL),
  (94599, '1.0', 18, 807, NULL),
  (94600, '1.0', 78, 807, NULL),
  (94601, '0.0', 48, 807, NULL),
  (94602, '0.1', 30, 807, NULL),
  (94604, '0.0', 145, 807, NULL),
  (94605, '1.0', 60, 807, NULL),
  (94606, '1.0', 144, 807, NULL),
  (94607, '1800', 54, 807, NULL),
  (94608, '0.5', 143, 807, NULL),
  (94609, '2.0', 77, 807, NULL),
  (94610, '0.0', 35, 807, NULL),
  (94611, '0.1', 79, 807, NULL),
  (94612, '0.0', 137, 807, NULL),
  (94613, '0.0', 129, 807, NULL),
  (94614, '0.1', 121, 807, NULL),
  (94615, '0.01', 105, 807, NULL),
  (94616, '1.0', 113, 807, NULL),
  (94618, 'MPP', 1, 807, NULL),
  (94619, '1.0', 65, 807, NULL),
  (94620, '0.0', 136, 807, NULL),
  (94621, '0.1', 120, 807, NULL),
  (94622, '0.0', 104, 807, NULL),
  (94623, 'true', 11, 807, NULL),
  (94624, '-1', 53, 807, NULL),
  (94625, '0.1', 62, 807, NULL),
  (94626, '1.2', 14, 807, NULL),
  (94627, '100', 146, 807, NULL),
  (94628, '0.0', 39, 807, NULL),
  (94629, 'net.sf.cpsolver.coursett.heuristics.PlacementSelection', 26, 807, NULL),
  (94630, '1.0', 69, 807, NULL),
  (94631, '0.2', 86, 807, NULL),
  (94632, '2', 148, 807, NULL),
  (94633, '0.0', 42, 807, NULL),
  (94634, '0.1', 124, 807, NULL),
  (94635, '0.1', 108, 807, NULL),
  (94636, '30.0', 70, 807, NULL),
  (94637, '0.0', 125, 807, NULL),
  (94639, '0.0', 109, 807, NULL),
  (94640, '0.0', 93, 807, NULL),
  (94641, '1.0', 66, 807, NULL),
  (94642, '1.0', 64, 807, NULL),
  (94643, '0.0', 127, 807, NULL),
  (94645, '2.0', 95, 807, NULL),
  (94646, 'true', 68, 807, NULL),
  (94647, '0.0', 51, 807, NULL),
  (94648, 'false', 5, 807, NULL),
  (94649, 'false', 241, 807, NULL),
  (94650, '1.2', 16, 807, NULL),
  (94651, '0.0', 181, 807, NULL),
  (94652, '0.0', 73, 807, NULL),
  (94653, 'true', 161, 807, NULL),
  (94654, 'net.sf.cpsolver.coursett.heuristics.TimetableComparator', 24, 807, NULL),
  (94655, '0.0', 44, 807, NULL),
  (94656, '0.8', 74, 807, NULL),
  (94657, '67.0', 206, 807, NULL),
  (94658, '1.0', 82, 807, NULL),
  (94659, 'on', 3, 807, NULL),
  (94660, '100.0', 207, 807, NULL),
  (94661, '-1', 7, 807, NULL),
  (94662, '0.0', 50, 807, NULL),
  (94663, '0.1', 81, 807, NULL),
  (94664, 'true', 6, 807, NULL),
  (94665, '2', 149, 807, NULL),
  (94666, '1.0', 63, 807, NULL),
  (94667, '0', 19, 807, NULL),
  (94603, 'false', 4, 807, NULL),
  (94557, '0.3', 98, 807, NULL),
  (94617, '0.1', 97, 807, NULL),
  (94512, '0.0', 131, 807, NULL),
  (94561, 'org.unitime.timetable.solver.TimetableDatabaseLoader', 27, 807, NULL),
  (94517, '5', 147, 807, NULL),
  (94522, '0.8', 56, 807, NULL),
  (94638, 'true', 150, 807, NULL),
  (94515, '0.0', 32, 807, NULL),
  (94644, '0.0', 111, 807, NULL),
  (94575, '10.0', 71, 807, NULL),
  (94524, 'true', 20, 807, NULL),
  (94592, '20.0', 205, 807, NULL),
  (94580, 'true', 9, 807, NULL),
  (94572, '0.0', 110, 807, NULL),
  (94518, '2222222222222224222222222222222223333222222222222222222222222224222222222222222223333222222222222222222222222224222222222222222223333222222222222222222222222224222222222222222223333222222222222222222222222224222222222222222223333222222222222222222222', 182, 807, NULL),
  (94676, 'on', 261, NULL, 4),
  (95008, 'on', 13, NULL, 4);

INSERT INTO `timetable`.`solver_parameter_def`(`uniqueid`, `name`, `default_value`, `description`, `type`, `ord`, `visible`, `solver_param_group_id`)
VALUES (109, 'Placement.NrAssignmentsWeight2', '0.0', 'Number of assignments weight (level 2)', 'double', 20, 0, 10),
  (110, 'Placement.NrConflictsWeight2', '0.0', 'Number of conflicts weight (level 2)', 'double', 21, 1, 10),
  (111, 'Placement.WeightedConflictsWeight2', '0.0', 'Weighted conflicts weight (CBS, level 2)', 'double', 22, 1, 10),
  (112, 'Placement.NrPotentialConflictsWeight2', '0.0', 'Number of potential conflicts weight (CBS, level 2)', 'double', 23, 0, 10),
  (113, 'Placement.MPP_DeltaInitialAssignmentWeight2', '%Comparator.PerturbationPenaltyWeight%', 'Delta initial assigments weight (MPP, level 2)', 'double', 24, 0, 10),
  (114, 'Placement.NrHardStudConfsWeight2', '%Comparator.HardStudentConflictWeight%', 'Hard student conflicts weight (level 2)', 'double', 25, 0, 10),
  (115, 'Placement.NrStudConfsWeight2', '%Comparator.StudentConflictWeight%', 'Student conflicts weight (level 2)', 'double', 26, 0, 10),
  (116, 'Placement.TimePreferenceWeight2', '%Comparator.TimePreferenceWeight%', 'Time preference weight (level 2)', 'double', 27, 0, 10),
  (117, 'Placement.DeltaTimePreferenceWeight2', '0.0', 'Time preference delta weight (level 2)', 'double', 28, 0, 10),
  (118, 'Placement.ConstrPreferenceWeight2', '%Comparator.ContrPreferenceWeight%', 'Constraint preference weight (level 2)', 'double', 29, 0, 10),
  (119, 'Placement.RoomPreferenceWeight2', '%Comparator.RoomPreferenceWeight%', 'Room preference weight (level 2)', 'double', 30, 0, 10),
  (120, 'Placement.UselessSlotsWeight2', '%Comparator.UselessSlotWeight%', 'Useless slot weight (level 2)', 'double', 31, 0, 10),
  (121, 'Placement.TooBigRoomWeight2', '%Comparator.TooBigRoomWeight%', 'Too big room weight (level 2)', 'double', 32, 0, 10),
  (122, 'Placement.DistanceInstructorPreferenceWeight2', '%Comparator.DistanceInstructorPreferenceWeight%', 'Back-to-back instructor preferences weight (level 2)', 'double', 33, 0, 10),
  (123, 'Placement.DeptSpreadPenaltyWeight2', '%Comparator.DeptSpreadPenaltyWeight%', 'Department balancing: penalty of when a slot over initial allowance is used (level 2)', 'double', 34, 0, 10),
  (124, 'Placement.ThresholdKoef2', '0.1', 'Threshold koeficient (level 2)', 'double', 35, 0, 10),
  (125, 'Placement.NrAssignmentsWeight3', '0.0', 'Number of assignments weight (level 3)', 'double', 36, 0, 10),
  (221, 'Neighbour.Class', 'net.sf.cpsolver.coursett.heuristics.NeighbourSelectionWithSuggestions', 'Neighbour Selection', 'text', 7, 0, 11),
  (222, 'Neighbour.SuggestionProbability', '0.1', 'Probability of using suggestions', 'double', 0, 1, 61),
  (223, 'Neighbour.SuggestionTimeout', '500', 'Suggestions timeout', 'integer', 1, 1, 61),
  (224, 'Neighbour.SuggestionDepth', '4', 'Suggestions depth', 'integer', 2, 1, 61),
  (225, 'Neighbour.SuggestionProbabilityAllAssigned', '0.5', 'Probability of using suggestions (when all classes are assigned)', 'double', 3, 1, 61),
  (241, 'General.IgnoreRoomSharing', 'false', 'Ignore Room Sharing', 'boolean', 12, 1, 2),
  (126, 'Placement.NrConflictsWeight3', '0.0', 'Number of conflicts weight (level 3)', 'double', 37, 0, 10),
  (127, 'Placement.WeightedConflictsWeight3', '0.0', 'Weighted conflicts weight (CBS, level 3)', 'double', 38, 0, 10),
  (128, 'Placement.NrPotentialConflictsWeight3', '0.0', 'Number of potential conflicts weight (CBS, level 3)', 'double', 39, 0, 10),
  (129, 'Placement.MPP_DeltaInitialAssignmentWeight3', '0.0', 'Delta initial assigments weight (MPP, level 3)', 'double', 40, 0, 10),
  (130, 'Placement.NrHardStudConfsWeight3', '0.0', 'Hard student conflicts weight (level 3)', 'double', 41, 0, 10),
  (131, 'Placement.NrStudConfsWeight3', '0.0', 'Student conflicts weight (level 3)', 'double', 42, 0, 10),
  (132, 'Placement.TimePreferenceWeight3', '0.0', 'Time preference weight (level 3)', 'double', 43, 0, 10),
  (133, 'Placement.DeltaTimePreferenceWeight3', '0.0', 'Time preference delta weight (level 3)', 'double', 44, 0, 10),
  (134, 'Placement.ConstrPreferenceWeight3', '0.0', 'Constraint preference weight (level 3)', 'double', 45, 0, 10),
  (135, 'Placement.RoomPreferenceWeight3', '0.0', 'Room preference weight (level 3)', 'double', 46, 0, 10),
  (136, 'Placement.UselessSlotsWeight3', '0.0', 'Useless slot weight (level 3)', 'double', 47, 0, 10),
  (137, 'Placement.TooBigRoomWeight3', '0.0', 'Too big room weight (level 3)', 'double', 48, 0, 10),
  (138, 'Placement.DistanceInstructorPreferenceWeight3', '0.0', 'Back-to-back instructor preferences weight (level 3)', 'double', 49, 0, 10),
  (139, 'Placement.DeptSpreadPenaltyWeight3', '0.0', 'Department balancing: penalty of when a slot over initial allowance is used (level 3)', 'double', 50, 0, 10),
  (140, 'Placement.SpreadPenaltyWeight1', '0.1', 'Same subpart balancing: penalty of when a slot over initial allowance is used (level 1)', 'double', 51, 1, 10),
  (141, 'Placement.SpreadPenaltyWeight2', '%Comparator.SpreadPenaltyWeight%', 'Same subpart balancing: penalty of when a slot over initial allowance is used (level 2)', 'double', 52, 0, 10),
  (142, 'Placement.SpreadPenaltyWeight3', '0.0', 'Same subpart balancing: penalty of when a slot over initial allowance is used (level 3)', 'double', 53, 0, 10),
  (143, 'Placement.NrCommitedStudConfsWeight1', '0.5', 'Commited student conlict weight (level 1)', 'double', 54, 1, 10),
  (144, 'Placement.NrCommitedStudConfsWeight2', '%Comparator.CommitedStudentConflictWeight%', 'Commited student conlict weight (level 2)', 'double', 55, 0, 10),
  (145, 'Placement.NrCommitedStudConfsWeight3', '0.0', 'Commited student conlict weight (level 3)', 'double', 56, 0, 10),
  (146, 'SearchIntensification.IterationLimit', '100', 'Iteration limit (number of iteration after which the search is restarted to the best known solution)', 'integer', 0, 1, 13),
  (147, 'SearchIntensification.ResetInterval', '5', 'Number of consecutive restarts to increase iteration limit (if this number of restarts is reached, iteration limit is increased)', 'integer', 1, 1, 13),
  (148, 'SearchIntensification.MultiplyInterval', '2', 'Iteration limit incremental coefficient (when a better solution is found, iteration limit is changed back to initial)', 'integer', 2, 1, 13),
  (149, 'SearchIntensification.Multiply', '2', 'Reset conflict-based statistics (number of consecutive restarts after which CBS is cleared, zero means no reset of CBS)', 'integer', 3, 1, 13),
  (150, 'General.SearchIntensification', 'true', 'Use search intensification', 'boolean', 6, 1, 2),
  (162, 'General.SettingsId', '-1', 'Settings Id', 'integer', 8, 0, 2),
  (201, 'General.SolverWarnings', NULL, 'Solver Warnings', 'text', 10, 0, 2),
  (202, 'General.AutoSameStudentsConstraint', 'SAME_STUDENTS', 'Automatic same student constraint', 'enum(SAME_STUDENTS,DIFF_TIME)', 11, 1, 2),
  (203, 'Instructor.NoPreferenceLimit', '0.0', 'Instructor Constraint: No Preference Limit', 'double', 0, 1, 41),
  (204, 'Instructor.DiscouragedLimit', '5.0', 'Instructor Constraint: Discouraged Limit', 'double', 1, 1, 41),
  (205, 'Instructor.ProhibitedLimit', '20.0', 'Instructor Constraint: Prohibited Limit', 'double', 2, 1, 41),
  (206, 'Student.DistanceLimit', '67.0', 'Student Conflict: Distance Limit', 'double', 3, 1, 41),
  (207, 'Student.DistanceLimit75min', '100.0', 'Student Conflict: Distance Limit (after 75min class)', 'double', 4, 1, 41),
  (161, 'Placement.CanUnassingSingleton', 'true', 'Can unassign a singleton value', 'boolean', 57, 1, 10),
  (181, 'TimePreferences.Weight', '0.0', 'Time preferences weight', 'double', 0, 1, 21),
  (182, 'TimePreferences.Pref', '2222222222222224222222222222222223333222222222222222222222222224222222222222222223333222222222222222222222222224222222222222222223333222222222222222222222222224222222222222222223333222222222222222222222222224222222222222222223333222222222222222222222', 'Time preferences', 'timepref', 1, 1, 21),
  (1, 'Basic.Mode', 'Initial', 'Solver mode', 'enum(Initial,MPP)', 0, 1, 1),
  (2, 'Basic.WhenFinished', 'No Action', 'When finished', 'enum(No Action,Save,Save as New,Save and Unload,Save as New and Unload)', 1, 1, 1),
  (3, 'Basic.DisobeyHard', 'false', 'Allow breaking of hard constraints', 'boolean', 2, 1, 1),
  (4, 'General.SwitchStudents', 'true', 'Student final sectioning', 'boolean', 3, 1, 1),
  (5, 'General.DeptBalancing', 'false', 'Use departmental balancing', 'boolean', 9, 1, 2),
  (6, 'General.CBS', 'true', 'Use conflict-based statistics', 'boolean', 0, 1, 2),
  (7, 'General.SaveBestUnassigned', '-1', 'Minimal number of unassigned variables to save best solution found (-1 always save)', 'integer', 1, 0, 2),
  (9, 'General.UseDistanceConstraints', 'true', 'Use building distances', 'boolean', 2, 0, 2),
  (10, 'General.Spread', 'true', 'Use same subpart balancing', 'boolean', 3, 1, 2),
  (11, 'General.AutoSameStudents', 'true', 'Use automatic same_students constraints', 'boolean', 4, 1, 2),
  (12, 'General.NormalizedPrefDecreaseFactor', '0.77', 'Time preference normalization decrease factor', 'double', 5, 1, 2),
  (13, 'Global.LoadStudentEnrlsFromSolution', 'false', 'Load student enrollments from solution<BR>(faster, but it ignores new classes)', 'boolean', 7, 1, 2),
  (14, 'DeptBalancing.SpreadFactor', '1.2', 'Initial allowance of the slots for a particular time', 'double', 0, 1, 5),
  (15, 'DeptBalancing.Unassignments2Weaken', '0', 'Increase the initial allowance when it causes the given number of unassignments', 'integer', 1, 1, 5),
  (16, 'Spread.SpreadFactor', '1.2', 'Initial allowance of the slots for a particular time', 'double', 0, 1, 12),
  (17, 'Spread.Unassignments2Weaken', '50', 'Increase the initial allowance when it causes the given number of unassignments', 'integer', 1, 1, 12),
  (18, 'ConflictStatistics.Ageing', '1.0', 'Ageing (koef)', 'double', 0, 0, 6),
  (19, 'ConflictStatistics.AgeingHalfTime', '0', 'Ageing -- half time (number of iteration)', 'integer', 1, 0, 6),
  (20, 'ConflictStatistics.Print', 'true', 'Print conflict statistics', 'boolean', 2, 0, 6),
  (21, 'ConflictStatistics.PrintInterval', '-1', 'Number of iterations to print CBS (-1 just keep in memory and save within the solution)', 'integer', 3, 0, 6),
  (22, 'PerturbationCounter.Class', 'net.sf.cpsolver.coursett.heuristics.UniversalPerturbationsCounter', 'Perturbations counter', 'text', 0, 0, 11),
  (23, 'Termination.Class', 'net.sf.cpsolver.ifs.termination.MPPTerminationCondition', 'Termination condition', 'text', 1, 0, 11),
  (24, 'Comparator.Class', 'net.sf.cpsolver.coursett.heuristics.TimetableComparator', 'Solution comparator', 'text', 2, 0, 11),
  (25, 'Variable.Class', 'net.sf.cpsolver.coursett.heuristics.LectureSelection', 'Lecture selection', 'text', 3, 0, 11),
  (26, 'Value.Class', 'net.sf.cpsolver.coursett.heuristics.PlacementSelection', 'Placement selection', 'text', 4, 0, 11),
  (27, 'TimetableLoader', 'org.unitime.timetable.solver.TimetableDatabaseLoader', 'Loader class', 'text', 5, 0, 11),
  (28, 'TimetableSaver', 'org.unitime.timetable.solver.TimetableDatabaseSaver', 'Saver class', 'text', 6, 0, 11),
  (29, 'Perturbations.DifferentPlacement', '0.0', 'Different value than initial is assigned', 'double', 0, 1, 4),
  (30, 'Perturbations.AffectedStudentWeight', '0.1', 'Number of students which are enrolled in a class which is placed to a different location than initial', 'double', 1, 1, 4),
  (32, 'Perturbations.AffectedInstructorWeight', '0.0', 'Number of classes which are placed to a different room than initial', 'double', 3, 1, 4),
  (33, 'Perturbations.AffectedInstructorWeight', '0.0', 'Number of classes which are placed to a different room than initial', 'double', 4, 1, 4),
  (34, 'Perturbations.DifferentRoomWeight', '0.0', 'Number of classes which are placed to a different room than initial', 'double', 5, 1, 4),
  (35, 'Perturbations.DifferentBuildingWeight', '0.0', 'Number of classes which are placed to a different building than initial', 'double', 6, 1, 4),
  (36, 'Perturbations.DifferentTimeWeight', '0.0', 'Number of classes which are placed in a different time than initial', 'double', 7, 1, 4),
  (37, 'Perturbations.DifferentDayWeight', '0.0', 'Number of classes which are placed in a different days than initial', 'double', 8, 1, 4),
  (38, 'Perturbations.DifferentHourWeight', '0.0', 'Number of classes which are placed in a different hours than initial', 'double', 9, 1, 4),
  (39, 'Perturbations.DeltaStudentConflictsWeight', '0.0', 'Difference of student conflicts of classes assigned to current placements instead of initial placements', 'double', 10, 1, 4),
  (40, 'Perturbations.NewStudentConflictsWeight', '0.0', 'New created student conflicts -- particular students are taken into account', 'double', 11, 1, 4),
  (41, 'Perturbations.TooFarForInstructorsWeight', '0.0', 'New placement of a class is too far from the intial placement (instructor-wise)', 'double', 12, 1, 4),
  (42, 'Perturbations.TooFarForStudentsWeight', '0.0', 'New placement of a class is too far from the intial placement (student-wise)', 'double', 13, 1, 4),
  (43, 'Perturbations.DeltaInstructorDistancePreferenceWeight', '0.0', 'Difference between number of instructor distance preferences of the initial ', 'double', 14, 1, 4),
  (44, 'Perturbations.DeltaRoomPreferenceWeight', '0.0', 'Difference between room preferences of the initial and the current solution', 'double', 15, 1, 4),
  (45, 'Perturbations.DeltaTimePreferenceWeight', '0.0', 'Difference between time preferences of the initial and the current solution', 'double', 16, 1, 4),
  (46, 'Perturbations.AffectedStudentByTimeWeight', '0.0', 'Number of students which are enrolled in a class which is placed to a different time than initial', 'double', 17, 1, 4),
  (47, 'Perturbations.AffectedInstructorByTimeWeight', '0.0', 'Number of instructors which are assigned to classes which are placed to different time than initial', 'double', 18, 1, 4),
  (48, 'Perturbations.AffectedStudentByRoomWeight', '0.0', 'Number of students which are enrolled in a class which is placed to a different room than initial', 'double', 19, 1, 4),
  (49, 'Perturbations.AffectedInstructorByRoomWeight', '0.0', 'Number of instructors which are assigned to classes which are placed to different room than initial', 'double', 20, 1, 4),
  (50, 'Perturbations.AffectedStudentByBldgWeight', '0.0', 'Number of students which are enrolled in a class which is placed to a different building than initial', 'double', 21, 1, 4),
  (51, 'Perturbations.AffectedInstructorByBldgWeight', '0.0', 'Number of instructors which are assigned to classes which are placed to different building than initial', 'double', 22, 1, 4),
  (52, 'Termination.MinPerturbances', '-1', 'Minimal allowed number of perturbances (-1 not use)', 'integer', 0, 0, 7),
  (53, 'Termination.MaxIters', '-1', 'Maximal number of iteration', 'integer', 1, 0, 7),
  (54, 'Termination.TimeOut', '1800', 'Maximal solver time (in sec)', 'integer', 2, 1, 7),
  (55, 'Termination.StopWhenComplete', 'false', 'Stop computation when a complete solution is found', 'boolean', 3, 1, 7),
  (56, 'Comparator.HardStudentConflictWeight', '0.8', 'Weight of hard student conflict', 'double', 0, 1, 8),
  (57, 'Comparator.StudentConflictWeight', '0.2', 'Weight of student conflict', 'double', 1, 1, 8),
  (58, 'Comparator.TimePreferenceWeight', '0.3', 'Time preferences weight', 'double', 2, 1, 8),
  (59, 'Comparator.ContrPreferenceWeight', '2.0', 'Distribution preferences weight', 'double', 3, 1, 8),
  (60, 'Comparator.RoomPreferenceWeight', '1.0', 'Room preferences weight', 'double', 4, 1, 8),
  (61, 'Comparator.UselessSlotWeight', '0.1', 'Useless slots weight', 'double', 5, 1, 8),
  (62, 'Comparator.TooBigRoomWeight', '0.1', 'Too big room weight', 'double', 6, 1, 8),
  (63, 'Comparator.DistanceInstructorPreferenceWeight', '1.0', 'Back-to-back instructor preferences weight', 'double', 7, 1, 8),
  (64, 'Comparator.PerturbationPenaltyWeight', '1.0', 'Perturbation penalty weight', 'double', 8, 1, 8),
  (65, 'Comparator.DeptSpreadPenaltyWeight', '1.0', 'Department balancing weight', 'double', 9, 1, 8),
  (66, 'Comparator.SpreadPenaltyWeight', '1.0', 'Same subpart balancing weight', 'double', 10, 1, 8),
  (67, 'Comparator.CommitedStudentConflictWeight', '1.0', 'Commited student conflict weight', 'double', 11, 1, 8),
  (68, 'Lecture.RouletteWheelSelection', 'true', 'Roulette wheel selection', 'boolean', 0, 0, 9),
  (69, 'Lecture.RandomWalkProb', '1.0', 'Random walk probability', 'double', 1, 0, 9),
  (70, 'Lecture.DomainSizeWeight', '30.0', 'Domain size weight', 'double', 2, 0, 9),
  (71, 'Lecture.NrAssignmentsWeight', '10.0', 'Number of assignments weight', 'double', 3, 0, 9),
  (72, 'Lecture.InitialAssignmentWeight', '20.0', 'Initial assignment weight', 'double', 4, 0, 9),
  (73, 'Lecture.NrConstraintsWeight', '0.0', 'Number of constraint weight', 'double', 5, 0, 9),
  (74, 'Lecture.HardStudentConflictWeight', '%Comparator.HardStudentConflictWeight%', 'Hard student conflict weight', 'double', 6, 0, 9),
  (75, 'Lecture.StudentConflictWeight', '%Comparator.StudentConflictWeight%', 'Student conflict weight', 'double', 7, 0, 9),
  (76, 'Lecture.TimePreferenceWeight', '%Comparator.TimePreferenceWeight%', 'Time preference weight', 'double', 8, 0, 9),
  (77, 'Lecture.ContrPreferenceWeight', '%Comparator.ContrPreferenceWeight%', 'Constraint preference weight', 'double', 9, 0, 9),
  (78, 'Lecture.RoomPreferenceWeight', '%Comparator.RoomPreferenceWeight%', 'Room preference weight', 'double', 10, 0, 9),
  (79, 'Lecture.UselessSlotWeight', '%Comparator.UselessSlotWeight%', 'Useless slot weight', 'double', 11, 0, 9),
  (81, 'Lecture.TooBigRoomWeight', '%Comparator.TooBigRoomWeight%', 'Too big room weight', 'double', 12, 0, 9),
  (82, 'Lecture.DistanceInstructorPreferenceWeight', '%Comparator.DistanceInstructorPreferenceWeight%', 'Back-to-back instructor preferences weight', 'double', 13, 0, 9),
  (83, 'Lecture.DeptSpreadPenaltyWeight', '%Comparator.DeptSpreadPenaltyWeight%', 'Department balancing weight', 'double', 14, 0, 9),
  (84, 'Lecture.SelectionSubSet', 'true', 'Selection among subset of lectures (faster)', 'boolean', 15, 0, 9),
  (85, 'Lecture.SelectionSubSetMinSize', '10', 'Minimal subset size', 'integer', 16, 0, 9),
  (86, 'Lecture.SelectionSubSetPart', '0.2', 'Subset size in percentage of all lectures available for selection', 'double', 17, 0, 9),
  (87, 'Lecture.SpreadPenaltyWeight', '%Comparator.SpreadPenaltyWeight%', 'Same subpart balancing weight', 'double', 18, 0, 9),
  (88, 'Lecture.CommitedStudentConflictWeight', '%Comparator.CommitedStudentConflictWeight%', 'Commited student conflict weight', 'double', 19, 0, 9),
  (89, 'Placement.RandomWalkProb', '0.00', 'Random walk probability', 'double', 0, 1, 10),
  (90, 'Placement.MPP_InitialProb', '0.20', 'MPP initial selection probability ', 'double', 1, 1, 10),
  (91, 'Placement.MPP_Limit', '-1', 'MPP limit (-1 for no limit)', 'integer', 2, 1, 10),
  (92, 'Placement.MPP_PenaltyLimit', '-1.0', 'Limit of the perturbations penalty (-1 for no limit)', 'double', 3, 1, 10),
  (93, 'Placement.NrAssignmentsWeight1', '0.0', 'Number of assignments weight (level 1)', 'double', 4, 0, 10),
  (94, 'Placement.NrConflictsWeight1', '1.0', 'Number of conflicts weight (level 1)', 'double', 5, 1, 10),
  (95, 'Placement.WeightedConflictsWeight1', '2.0', 'Weighted conflicts weight (CBS, level 1)', 'double', 6, 1, 10),
  (96, 'Placement.NrPotentialConflictsWeight1', '0.0', 'Number of potential conflicts weight (CBS, level 1)', 'double', 7, 0, 10),
  (97, 'Placement.MPP_DeltaInitialAssignmentWeight1', '0.1', 'Delta initial assigments weight (MPP, level 1)', 'double', 8, 1, 10),
  (98, 'Placement.NrHardStudConfsWeight1', '0.3', 'Hard student conflicts weight (level 1)', 'double', 9, 1, 10),
  (99, 'Placement.NrStudConfsWeight1', '0.05', 'Student conflicts weight (level 1)', 'double', 10, 1, 10),
  (100, 'Placement.TimePreferenceWeight1', '0.0', 'Time preference weight (level 1)', 'double', 11, 0, 10),
  (101, 'Placement.DeltaTimePreferenceWeight1', '0.2', 'Time preference delta weight (level 1)', 'double', 12, 1, 10),
  (102, 'Placement.ConstrPreferenceWeight1', '0.25', 'Constraint preference weight (level 1)', 'double', 13, 1, 10),
  (103, 'Placement.RoomPreferenceWeight1', '0.1', 'Room preference weight (level 1)', 'double', 14, 1, 10),
  (104, 'Placement.UselessSlotsWeight1', '0.0', 'Useless slot weight (level 1)', 'double', 15, 1, 10),
  (105, 'Placement.TooBigRoomWeight1', '0.01', 'Too big room weight (level 1)', 'double', 16, 1, 10),
  (106, 'Placement.DistanceInstructorPreferenceWeight1', '0.1', 'Back-to-back instructor preferences weight (level 1)', 'double', 17, 1, 10),
  (107, 'Placement.DeptSpreadPenaltyWeight1', '0.1', 'Department balancing: penalty of when a slot over initial allowance is used (level 1)', 'double', 18, 1, 10),
  (108, 'Placement.ThresholdKoef1', '0.1', 'Threshold koeficient (level 1)', 'double', 19, 1, 10),
  (261, 'OnFlySectioning.Enabled', 'false', 'Enable on fly sectioning (if enabled, students will be resectioned after each iteration)', 'boolean', 1, 1, 81),
  (262, 'OnFlySectioning.Recursive', 'true', 'Recursively resection lectures affected by a student swap', 'boolean', 2, 1, 81),
  (263, 'OnFlySectioning.ConfigAsWell', 'false', 'Resection students between configurations as well', 'boolean', 3, 1, 81);

INSERT INTO `timetable`.`solver_parameter_group`(`uniqueid`, `name`, `description`, `condition`, `ord`)
VALUES (41, 'Distance', 'Distances', NULL, 14),
  (21, 'TimePreferences', 'Default Time Preferences', NULL, 13),
  (1, 'Basic', 'Basic Settings', NULL, 0),
  (2, 'General', 'General Settings', NULL, 1),
  (3, 'MPP', 'Minimal-perturbation Setting', NULL, 2),
  (4, 'Perturbations', 'Perturbation Penalty', NULL, 3),
  (5, 'DepartmentSpread', 'Departmental Balancing', NULL, 4),
  (6, 'ConflictStatistics', 'Conflict-based Statistics', NULL, 5),
  (7, 'Termination', 'Termination Conditions', NULL, 6),
  (8, 'Comparator', 'Solution Comparator Weights', NULL, 7),
  (9, 'Variable', 'Lecture Selection', NULL, 8),
  (10, 'Value', 'Placement Selection', NULL, 9),
  (11, 'Classes', 'Implementations', NULL, 10),
  (12, 'Spread', 'Same Subpart Balancing', NULL, 11),
  (13, 'SearchIntensification', 'Search Intensification', NULL, 12),
  (61, 'Neighbour', 'Neighbour Selection', NULL, 15),
  (81, 'OnFlySectioning', 'On Fly Student Sectioning', NULL, 16);

INSERT INTO `timetable`.`solver_predef_setting`(`uniqueid`, `name`, `description`, `appearance`)
VALUES (1, 'Default.Interactive', 'Interactive', 0),
  (2, 'Default.Validate', 'Validate', 1),
  (3, 'Default.Check', 'Check', 1),
  (4, 'Default.Solver', 'Default', 1);

INSERT INTO `timetable`.`student`(`uniqueid`, `external_uid`, `first_name`, `middle_name`, `last_name`, `email`, `free_time_cat`, `schedule_preference`, `status_type_id`, `status_change_date`, `session_id`)
VALUES (223384, '1', '1', NULL, 'Student', NULL, 0, 0, NULL, NULL, 223206),
  (223385, '2', '2', NULL, 'Student', NULL, 0, 0, NULL, NULL, 223206),
  (223386, '3', '3', NULL, 'Student', NULL, 0, 0, NULL, NULL, 223206),
  (223387, '4', '4', NULL, 'Student', NULL, 0, 0, NULL, NULL, 223206),
  (223388, '5', '5', NULL, 'Student', NULL, 0, 0, NULL, NULL, 223206),
  (223389, '6', '6', NULL, 'Student', NULL, 0, 0, NULL, NULL, 223206),
  (223390, '7', '7', NULL, 'Student', NULL, 0, 0, NULL, NULL, 223206),
  (223391, '8', '8', NULL, 'Student', NULL, 0, 0, NULL, NULL, 223206),
  (223392, '9', '9', NULL, 'Student', NULL, 0, 0, NULL, NULL, 223206),
  (223393, '10', '10', NULL, 'Student', NULL, 0, 0, NULL, NULL, 223206),
  (223394, '11', '11', NULL, 'Student', NULL, 0, 0, NULL, NULL, 223206),
  (223395, '12', '12', NULL, 'Student', NULL, 0, 0, NULL, NULL, 223206),
  (223396, '13', '13', NULL, 'Student', NULL, 0, 0, NULL, NULL, 223206),
  (223397, '14', '14', NULL, 'Student', NULL, 0, 0, NULL, NULL, 223206),
  (223398, '15', '15', NULL, 'Student', NULL, 0, 0, NULL, NULL, 223206),
  (223399, '16', '16', NULL, 'Student', NULL, 0, 0, NULL, NULL, 223206),
  (223400, '17', '17', NULL, 'Student', NULL, 0, 0, NULL, NULL, 223206),
  (223401, '18', '18', NULL, 'Student', NULL, 0, 0, NULL, NULL, 223206),
  (223402, '19', '19', NULL, 'Student', NULL, 0, 0, NULL, NULL, 223206),
  (224240, '20', '20', NULL, 'Student', NULL, 0, 0, NULL, NULL, 223206),
  (224241, '21', '21', NULL, 'Student', NULL, 0, 0, NULL, NULL, 223206);

INSERT INTO `timetable`.`student_class_enrl`(`uniqueid`, `student_id`, `course_request_id`, `class_id`, `timestamp`)
VALUES (226277, 223386, 225493, 223964, '2007-06-06 17:12:51'),
  (226278, 223386, 225493, 223956, '2007-06-06 17:12:51'),
  (226279, 223386, 225497, 223851, '2007-06-06 17:12:51'),
  (226280, 223386, 225497, 223310, '2007-06-06 17:12:51'),
  (226281, 223386, 225501, 223363, '2007-06-06 17:12:51'),
  (226282, 223386, 225504, 223291, '2007-06-06 17:12:51'),
  (226283, 223386, 225507, 223947, '2007-06-06 17:12:51'),
  (226284, 223386, 225507, 223949, '2007-06-06 17:12:51'),
  (226285, 223387, 225511, 223902, '2007-06-06 17:12:51'),
  (226286, 223387, 225511, 223926, '2007-06-06 17:12:51'),
  (226287, 223387, 225511, 223900, '2007-06-06 17:12:51'),
  (226288, 223387, 225511, 223916, '2007-06-06 17:12:51'),
  (226289, 223387, 225517, 223264, '2007-06-06 17:12:51'),
  (226290, 223387, 225517, 223828, '2007-06-06 17:12:51'),
  (226291, 223387, 225517, 223257, '2007-06-06 17:12:51'),
  (226292, 223387, 225522, 223869, '2007-06-06 17:12:51'),
  (226293, 223387, 225522, 223958, '2007-06-06 17:12:51'),
  (226294, 223387, 225526, 224022, '2007-06-06 17:12:51'),
  (226295, 223387, 225529, 223860, '2007-06-06 17:12:51'),
  (226296, 223387, 225529, 223319, '2007-06-06 17:12:51'),
  (226297, 223390, 225577, 223831, '2007-06-06 17:12:52'),
  (226298, 223390, 225577, 223257, '2007-06-06 17:12:52'),
  (226299, 223390, 225577, 223268, '2007-06-06 17:12:52'),
  (226300, 223390, 225582, 224032, '2007-06-06 17:12:52'),
  (226301, 223390, 225582, 223350, '2007-06-06 17:12:52'),
  (226302, 223390, 225582, 224038, '2007-06-06 17:12:52'),
  (226303, 223390, 225587, 223998, '2007-06-06 17:12:52'),
  (226304, 223390, 225587, 223996, '2007-06-06 17:12:52'),
  (226305, 223390, 225591, 223869, '2007-06-06 17:12:52'),
  (226306, 223390, 225591, 223870, '2007-06-06 17:12:52'),
  (226307, 223390, 225595, 223304, '2007-06-06 17:12:52'),
  (226308, 223390, 225598, 223249, '2007-06-06 17:12:52'),
  (226309, 223393, 225645, 223269, '2007-06-06 17:12:52'),
  (226310, 223393, 225645, 223832, '2007-06-06 17:12:52'),
  (226311, 223393, 225645, 223258, '2007-06-06 17:12:52'),
  (226312, 223393, 225650, 224040, '2007-06-06 17:12:52'),
  (226313, 223393, 225650, 224034, '2007-06-06 17:12:52'),
  (226314, 223393, 225650, 223350, '2007-06-06 17:12:52'),
  (226315, 223393, 225655, 223947, '2007-06-06 17:12:52'),
  (226316, 223393, 225655, 223950, '2007-06-06 17:12:52'),
  (226317, 223393, 225659, 223957, '2007-06-06 17:12:52'),
  (226318, 223393, 225659, 223966, '2007-06-06 17:12:52'),
  (226319, 223393, 225663, 223855, '2007-06-06 17:12:52'),
  (226320, 223393, 225663, 223314, '2007-06-06 17:12:52'),
  (226321, 223395, 225686, 223302, '2007-06-06 17:12:52'),
  (226322, 223395, 225689, 223856, '2007-06-06 17:12:52'),
  (226323, 223395, 225689, 223315, '2007-06-06 17:12:52'),
  (226324, 223395, 225693, 223324, '2007-06-06 17:12:52'),
  (226325, 223395, 225693, 224005, '2007-06-06 17:12:52'),
  (226326, 223395, 225697, 223344, '2007-06-06 17:12:52'),
  (226327, 223395, 225700, 223330, '2007-06-06 17:12:52'),
  (226328, 223395, 225703, 223249, '2007-06-06 17:12:52'),
  (226329, 223396, 225706, 223373, '2007-06-06 17:12:52'),
  (226330, 223396, 225709, 223330, '2007-06-06 17:12:52'),
  (226331, 223396, 225712, 224017, '2007-06-06 17:12:52'),
  (226332, 223396, 225715, 223344, '2007-06-06 17:12:52'),
  (226333, 223396, 225718, 224041, '2007-06-06 17:12:52'),
  (226334, 223396, 225718, 224035, '2007-06-06 17:12:52'),
  (226335, 223396, 225718, 223351, '2007-06-06 17:12:52'),
  (226336, 223397, 225723, 223900, '2007-06-06 17:12:52'),
  (226337, 223397, 225723, 223927, '2007-06-06 17:12:53'),
  (226338, 223397, 225723, 223908, '2007-06-06 17:12:53'),
  (226339, 223397, 225723, 223979, '2007-06-06 17:12:53'),
  (226340, 223397, 225729, 224059, '2007-06-06 17:12:53'),
  (226341, 223397, 225729, 224057, '2007-06-06 17:12:53'),
  (226342, 223397, 225733, 223258, '2007-06-06 17:12:53'),
  (226343, 223397, 225733, 223817, '2007-06-06 17:12:53'),
  (226344, 223397, 225733, 223833, '2007-06-06 17:12:53'),
  (226345, 223397, 225738, 223956, '2007-06-06 17:12:53'),
  (226346, 223397, 225738, 223963, '2007-06-06 17:12:53'),
  (226347, 223397, 225742, 223317, '2007-06-06 17:12:53'),
  (226348, 223397, 225742, 223858, '2007-06-06 17:12:53'),
  (226349, 223401, 225811, 223331, '2007-06-06 17:12:53'),
  (226350, 223401, 225814, 223903, '2007-06-06 17:12:53'),
  (226351, 223401, 225814, 223899, '2007-06-06 17:12:53'),
  (226352, 223401, 225814, 223927, '2007-06-06 17:12:53'),
  (226353, 223401, 225814, 223921, '2007-06-06 17:12:53'),
  (226354, 223401, 225820, 223834, '2007-06-06 17:12:53'),
  (226355, 223401, 225820, 223258, '2007-06-06 17:12:53'),
  (226356, 223401, 225820, 223818, '2007-06-06 17:12:53'),
  (226357, 223401, 225825, 223851, '2007-06-06 17:12:53'),
  (226358, 223401, 225825, 223310, '2007-06-06 17:12:53'),
  (226359, 223401, 225829, 224006, '2007-06-06 17:12:53'),
  (226360, 223401, 225829, 223324, '2007-06-06 17:12:53'),
  (226361, 223402, 225833, 223951, '2007-06-06 17:12:53'),
  (226362, 223402, 225833, 223245, '2007-06-06 17:12:53'),
  (226363, 223402, 225837, 223351, '2007-06-06 17:12:53'),
  (226364, 223402, 225837, 224036, '2007-06-06 17:12:53'),
  (226365, 223402, 225837, 224042, '2007-06-06 17:12:53'),
  (226366, 223402, 225842, 223957, '2007-06-06 17:12:53'),
  (226367, 223402, 225842, 223968, '2007-06-06 17:12:53'),
  (226368, 223402, 225844, 223298, '2007-06-06 17:12:53'),
  (226369, 223402, 225847, 224028, '2007-06-06 17:12:53'),
  (226370, 224240, 225850, 224050, '2007-06-06 17:12:53'),
  (226371, 224240, 225853, 223919, '2007-06-06 17:12:53'),
  (226372, 224240, 225853, 223926, '2007-06-06 17:12:53'),
  (226373, 224240, 225853, 223240, '2007-06-06 17:12:53'),
  (226374, 224240, 225853, 223905, '2007-06-06 17:12:53'),
  (226375, 224240, 225859, 223331, '2007-06-06 17:12:53'),
  (226376, 224240, 225862, 223299, '2007-06-06 17:12:53'),
  (226377, 224240, 225865, 223379, '2007-06-06 17:12:53'),
  (226378, 224240, 225865, 223803, '2007-06-06 17:12:53'),
  (226379, 224240, 225867, 223249, '2007-06-06 17:12:53'),
  (226380, 223384, 226168, 223884, '2007-06-06 17:12:53'),
  (226381, 223384, 226172, 223301, '2007-06-06 17:12:53'),
  (226382, 223384, 226177, 223363, '2007-06-06 17:12:53'),
  (226383, 223384, 226181, 223291, '2007-06-06 17:12:53'),
  (226384, 223384, 226185, 223373, '2007-06-06 17:12:53'),
  (226385, 223398, 225746, 223900, '2007-06-06 17:12:53'),
  (226386, 223398, 225746, 223914, '2007-06-06 17:12:53'),
  (226387, 223398, 225746, 223973, '2007-06-06 17:12:53'),
  (226388, 223398, 225746, 223906, '2007-06-06 17:12:53'),
  (226389, 223398, 225752, 224060, '2007-06-06 17:12:53'),
  (226390, 223398, 225752, 224057, '2007-06-06 17:12:53'),
  (226391, 223398, 225756, 223263, '2007-06-06 17:12:53'),
  (226392, 223398, 225756, 223256, '2007-06-06 17:12:53'),
  (226393, 223398, 225756, 223827, '2007-06-06 17:12:53'),
  (226394, 223398, 225761, 223869, '2007-06-06 17:12:53'),
  (226395, 223398, 225761, 223960, '2007-06-06 17:12:53'),
  (226396, 223398, 225765, 224007, '2007-06-06 17:12:53'),
  (226397, 223398, 225765, 223325, '2007-06-06 17:12:53'),
  (226398, 223399, 225769, 223910, '2007-06-06 17:12:53'),
  (226399, 223399, 225769, 223240, '2007-06-06 17:12:53'),
  (226400, 223399, 225769, 223921, '2007-06-06 17:12:53'),
  (226401, 223399, 225769, 223973, '2007-06-06 17:12:53'),
  (226402, 223399, 225775, 224057, '2007-06-06 17:12:53'),
  (226403, 223399, 225775, 224061, '2007-06-06 17:12:53'),
  (226404, 223399, 225779, 223256, '2007-06-06 17:12:53'),
  (226405, 223399, 225779, 223826, '2007-06-06 17:12:53'),
  (226406, 223399, 225779, 223261, '2007-06-06 17:12:53'),
  (226407, 223399, 225781, 223957, '2007-06-06 17:12:53'),
  (226408, 223399, 225781, 223967, '2007-06-06 17:12:53'),
  (226409, 223399, 225785, 223379, '2007-06-06 17:12:53'),
  (226410, 223399, 225785, 223802, '2007-06-06 17:12:53'),
  (226411, 223385, 225477, 223884, '2007-06-06 17:12:53'),
  (226412, 223385, 225480, 223298, '2007-06-06 17:12:53'),
  (226413, 223385, 225483, 223363, '2007-06-06 17:12:53'),
  (226414, 223385, 225486, 223291, '2007-06-06 17:12:53'),
  (226415, 223385, 225489, 223325, '2007-06-06 17:12:53'),
  (226416, 223385, 225489, 224008, '2007-06-06 17:12:54'),
  (226417, 223388, 225533, 223917, '2007-06-06 17:12:54'),
  (226418, 223388, 225533, 223903, '2007-06-06 17:12:54'),
  (226419, 223388, 225533, 223899, '2007-06-06 17:12:54'),
  (226420, 223388, 225533, 223927, '2007-06-06 17:12:54'),
  (226421, 223388, 225539, 223259, '2007-06-06 17:12:54'),
  (226422, 223388, 225539, 223256, '2007-06-06 17:12:54'),
  (226423, 223388, 225539, 223824, '2007-06-06 17:12:54'),
  (226424, 223388, 225544, 223869, '2007-06-06 17:12:54'),
  (226425, 223388, 225544, 223959, '2007-06-06 17:12:54'),
  (226426, 223388, 225548, 224022, '2007-06-06 17:12:54'),
  (226427, 223388, 225551, 223857, '2007-06-06 17:12:54'),
  (226428, 223388, 225551, 223316, '2007-06-06 17:12:54'),
  (226429, 223392, 225623, 223269, '2007-06-06 17:12:54'),
  (226430, 223392, 225623, 223832, '2007-06-06 17:12:54'),
  (226431, 223392, 225623, 223258, '2007-06-06 17:12:54'),
  (226432, 223392, 225628, 223350, '2007-06-06 17:12:54'),
  (226433, 223392, 225628, 224033, '2007-06-06 17:12:54'),
  (226434, 223392, 225628, 224039, '2007-06-06 17:12:54'),
  (226435, 223392, 225633, 223996, '2007-06-06 17:12:54'),
  (226436, 223392, 225633, 224000, '2007-06-06 17:12:54'),
  (226437, 223392, 225637, 223957, '2007-06-06 17:12:54'),
  (226438, 223392, 225637, 223965, '2007-06-06 17:12:54'),
  (226439, 223392, 225641, 223854, '2007-06-06 17:12:54'),
  (226440, 223392, 225641, 223313, '2007-06-06 17:12:54'),
  (226441, 223394, 225667, 223904, '2007-06-06 17:12:54'),
  (226442, 223394, 225667, 223926, '2007-06-06 17:12:54'),
  (226443, 223394, 225667, 223240, '2007-06-06 17:12:54'),
  (226444, 223394, 225667, 223918, '2007-06-06 17:12:54'),
  (226445, 223394, 225673, 223300, '2007-06-06 17:12:54'),
  (226446, 223394, 225676, 223356, '2007-06-06 17:12:54'),
  (226447, 223394, 225679, 223363, '2007-06-06 17:12:54'),
  (226448, 223394, 225682, 223379, '2007-06-06 17:12:54'),
  (226449, 223394, 225682, 223803, '2007-06-06 17:12:54'),
  (226450, 223400, 225789, 223356, '2007-06-06 17:12:54'),
  (226451, 223400, 225792, 223978, '2007-06-06 17:12:54'),
  (226452, 223400, 225792, 223899, '2007-06-06 17:12:54'),
  (226453, 223400, 225792, 223909, '2007-06-06 17:12:54'),
  (226454, 223400, 225792, 223973, '2007-06-06 17:12:54'),
  (226455, 223400, 225798, 223830, '2007-06-06 17:12:54'),
  (226456, 223400, 225798, 223267, '2007-06-06 17:12:54'),
  (226457, 223400, 225798, 223257, '2007-06-06 17:12:54'),
  (226458, 223400, 225803, 223311, '2007-06-06 17:12:54'),
  (226459, 223400, 225803, 223852, '2007-06-06 17:12:54'),
  (226460, 223400, 225807, 223378, '2007-06-06 17:12:54'),
  (226461, 223400, 225807, 223801, '2007-06-06 17:12:54'),
  (226462, 224241, 225870, 224028, '2007-06-06 17:12:54'),
  (226463, 224241, 225873, 223291, '2007-06-06 17:12:54'),
  (226464, 224241, 225876, 223245, '2007-06-06 17:12:54'),
  (226465, 224241, 225876, 223970, '2007-06-06 17:12:54'),
  (226466, 224241, 225878, 223301, '2007-06-06 17:12:54'),
  (226467, 224241, 225881, 224050, '2007-06-06 17:12:54'),
  (226468, 224241, 225884, 223249, '2007-06-06 17:12:54'),
  (226469, 223389, 225555, 223899, '2007-06-06 17:12:55'),
  (226470, 223389, 225555, 223904, '2007-06-06 17:12:55'),
  (226471, 223389, 225555, 223926, '2007-06-06 17:12:55'),
  (226472, 223389, 225555, 223918, '2007-06-06 17:12:55'),
  (226473, 223389, 225561, 223256, '2007-06-06 17:12:55'),
  (226474, 223389, 225561, 223825, '2007-06-06 17:12:55'),
  (226475, 223389, 225561, 223260, '2007-06-06 17:12:55'),
  (226476, 223389, 225566, 223961, '2007-06-06 17:12:55'),
  (226477, 223389, 225566, 223956, '2007-06-06 17:12:55'),
  (226478, 223389, 225570, 224022, '2007-06-06 17:12:55'),
  (226479, 223389, 225573, 223854, '2007-06-06 17:12:55'),
  (226480, 223389, 225573, 223313, '2007-06-06 17:12:55'),
  (226481, 223391, 225601, 223256, '2007-06-06 17:12:55'),
  (226482, 223391, 225601, 223826, '2007-06-06 17:12:55'),
  (226483, 223391, 225601, 223261, '2007-06-06 17:12:55'),
  (226484, 223391, 225606, 223917, '2007-06-06 17:12:55'),
  (226485, 223391, 225606, 223899, '2007-06-06 17:12:55'),
  (226486, 223391, 225606, 223926, '2007-06-06 17:12:55'),
  (226487, 223391, 225606, 223905, '2007-06-06 17:12:55'),
  (226488, 223391, 225612, 223996, '2007-06-06 17:12:55'),
  (226489, 223391, 225612, 223999, '2007-06-06 17:12:55'),
  (226490, 223391, 225616, 223962, '2007-06-06 17:12:55'),
  (226491, 223391, 225616, 223956, '2007-06-06 17:12:55'),
  (226492, 223391, 225620, 223299, '2007-06-06 17:12:55');

INSERT INTO `timetable`.`student_enrl`(`uniqueid`, `student_id`, `solution_id`, `class_id`, `last_modified_time`)
VALUES (7618610, 223385, 807, 223884, NULL),
  (7618611, 223384, 807, 223884, NULL),
  (7618612, 224241, 806, 223249, NULL),
  (7618613, 224240, 806, 223249, NULL),
  (7618614, 223390, 806, 223249, NULL),
  (7618615, 223395, 806, 223249, NULL),
  (7618616, 223389, 806, 223240, NULL),
  (7618617, 223391, 806, 223240, NULL),
  (7618618, 223398, 806, 223240, NULL),
  (7618619, 223394, 806, 223899, NULL),
  (7618620, 223399, 806, 223899, NULL),
  (7618621, 223401, 806, 223899, NULL),
  (7618622, 223388, 806, 223899, NULL),
  (7618623, 223400, 806, 223900, NULL),
  (7618624, 223387, 806, 223900, NULL),
  (7618625, 224240, 806, 223900, NULL),
  (7618626, 223397, 806, 223900, NULL),
  (7618627, 223389, 807, 223902, NULL),
  (7618628, 223388, 807, 223903, NULL),
  (7618629, 223394, 807, 223904, NULL),
  (7618630, 224240, 807, 223905, NULL),
  (7618631, 223398, 807, 223906, NULL),
  (7618632, 223399, 807, 223907, NULL),
  (7618633, 223397, 807, 223908, NULL),
  (7618634, 223387, 807, 223909, NULL),
  (7618635, 223391, 807, 223910, NULL),
  (7618636, 223401, 807, 223976, NULL),
  (7618637, 223400, 807, 223977, NULL),
  (7618638, 223401, 807, 223914, NULL),
  (7618639, 223387, 807, 223915, NULL),
  (7618640, 223399, 807, 223916, NULL),
  (7618641, 224240, 807, 223917, NULL),
  (7618642, 223394, 807, 223918, NULL),
  (7618643, 223389, 807, 223919, NULL),
  (7618644, 223388, 807, 223920, NULL),
  (7618645, 223397, 807, 223921, NULL),
  (7618646, 223391, 807, 223922, NULL),
  (7618647, 223400, 807, 223978, NULL),
  (7618648, 223398, 807, 223979, NULL),
  (7618649, 223400, 806, 223926, NULL),
  (7618650, 223387, 806, 223926, NULL),
  (7618651, 224240, 806, 223926, NULL),
  (7618652, 223397, 806, 223926, NULL),
  (7618653, 223389, 806, 223927, NULL),
  (7618654, 223391, 806, 223927, NULL),
  (7618655, 223398, 806, 223927, NULL),
  (7618656, 223394, 806, 223973, NULL),
  (7618657, 223399, 806, 223973, NULL),
  (7618658, 223401, 806, 223973, NULL),
  (7618659, 223388, 806, 223973, NULL),
  (7618660, 224241, 807, 223245, NULL),
  (7618661, 223402, 807, 223245, NULL),
  (7618662, 223386, 807, 223947, NULL),
  (7618663, 223393, 807, 223947, NULL),
  (7618664, 223393, 807, 223949, NULL),
  (7618665, 223402, 807, 223950, NULL),
  (7618666, 223386, 807, 223951, NULL),
  (7618667, 224241, 807, 223970, NULL),
  (7618668, 223387, 806, 223869, NULL),
  (7618669, 223391, 806, 223869, NULL),
  (7618670, 223399, 806, 223869, NULL),
  (7618671, 223390, 806, 223869, NULL),
  (7618672, 223388, 806, 223956, NULL),
  (7618673, 223397, 806, 223956, NULL),
  (7618674, 223392, 806, 223956, NULL),
  (7618675, 223398, 806, 223956, NULL),
  (7618676, 223389, 806, 223957, NULL),
  (7618677, 223402, 806, 223957, NULL),
  (7618678, 223386, 806, 223957, NULL),
  (7618679, 223393, 806, 223957, NULL),
  (7618680, 223387, 807, 223870, NULL),
  (7618681, 223391, 807, 223958, NULL),
  (7618682, 223399, 807, 223959, NULL),
  (7618683, 223390, 807, 223960, NULL),
  (7618684, 223388, 807, 223961, NULL),
  (7618685, 223397, 807, 223962, NULL),
  (7618686, 223392, 807, 223963, NULL),
  (7618687, 223398, 807, 223964, NULL),
  (7618688, 223389, 807, 223965, NULL),
  (7618689, 223402, 807, 223966, NULL),
  (7618690, 223386, 807, 223967, NULL),
  (7618691, 223393, 807, 223968, NULL),
  (7618692, 223388, 806, 223256, NULL),
  (7618693, 223397, 806, 223256, NULL),
  (7618694, 223392, 806, 223256, NULL),
  (7618695, 223398, 806, 223256, NULL),
  (7618696, 223387, 806, 223257, NULL),
  (7618697, 223391, 806, 223257, NULL),
  (7618698, 223399, 806, 223257, NULL),
  (7618699, 223390, 806, 223257, NULL),
  (7618700, 223389, 806, 223258, NULL),
  (7618701, 223400, 806, 223258, NULL),
  (7618702, 223401, 806, 223258, NULL),
  (7618703, 223393, 806, 223258, NULL),
  (7618704, 223388, 807, 223259, NULL),
  (7618705, 223397, 807, 223260, NULL),
  (7618706, 223392, 807, 223261, NULL),
  (7618707, 223398, 807, 223263, NULL),
  (7618708, 223387, 807, 223264, NULL),
  (7618709, 223391, 807, 223265, NULL),
  (7618710, 223399, 807, 223267, NULL),
  (7618711, 223390, 807, 223268, NULL),
  (7618712, 223389, 807, 223269, NULL),
  (7618713, 223400, 807, 223817, NULL),
  (7618714, 223401, 807, 223818, NULL),
  (7618715, 223393, 807, 223819, NULL),
  (7618716, 223388, 807, 223824, NULL),
  (7618717, 223397, 807, 223825, NULL),
  (7618718, 223392, 807, 223826, NULL),
  (7618719, 223398, 807, 223827, NULL),
  (7618720, 223387, 807, 223828, NULL),
  (7618721, 223391, 807, 223829, NULL),
  (7618722, 223399, 807, 223830, NULL),
  (7618723, 223390, 807, 223831, NULL),
  (7618724, 223389, 807, 223832, NULL),
  (7618725, 223400, 807, 223833, NULL),
  (7618726, 223401, 807, 223834, NULL),
  (7618727, 223393, 807, 223835, NULL),
  (7618728, 223395, 807, 223297, NULL),
  (7618729, 223391, 807, 223298, NULL),
  (7618730, 223390, 807, 223299, NULL),
  (7618731, 223402, 807, 223300, NULL),
  (7618732, 224240, 807, 223301, NULL),
  (7618733, 224241, 807, 223302, NULL),
  (7618734, 223384, 807, 223303, NULL),
  (7618735, 223385, 807, 223304, NULL),
  (7618736, 223394, 807, 223305, NULL),
  (7618737, 224241, 806, 223291, NULL),
  (7618738, 223385, 806, 223291, NULL),
  (7618739, 223384, 806, 223291, NULL),
  (7618740, 223386, 806, 223291, NULL),
  (7618741, 223401, 807, 223310, NULL),
  (7618742, 223395, 807, 223311, NULL),
  (7618743, 223388, 807, 223312, NULL),
  (7618744, 223397, 807, 223313, NULL),
  (7618745, 223393, 807, 223314, NULL),
  (7618746, 223387, 807, 223315, NULL),
  (7618747, 223392, 807, 223316, NULL),
  (7618748, 223400, 807, 223317, NULL),
  (7618749, 223386, 807, 223318, NULL),
  (7618750, 223389, 807, 223319, NULL),
  (7618751, 223401, 807, 223851, NULL),
  (7618752, 223395, 807, 223852, NULL),
  (7618753, 223388, 807, 223853, NULL),
  (7618754, 223397, 807, 223854, NULL),
  (7618755, 223393, 807, 223855, NULL),
  (7618756, 223387, 807, 223856, NULL),
  (7618757, 223392, 807, 223857, NULL),
  (7618758, 223400, 807, 223858, NULL),
  (7618759, 223386, 807, 223859, NULL),
  (7618760, 223389, 807, 223860, NULL),
  (7618761, 223391, 807, 223996, NULL),
  (7618762, 223390, 807, 223996, NULL),
  (7618763, 223392, 807, 223996, NULL),
  (7618764, 223392, 807, 223998, NULL),
  (7618765, 223391, 807, 223999, NULL),
  (7618766, 223390, 807, 224000, NULL),
  (7618767, 223398, 807, 223324, NULL),
  (7618768, 223395, 807, 223324, NULL),
  (7618769, 223385, 807, 223325, NULL),
  (7618770, 223401, 807, 223325, NULL),
  (7618771, 223398, 807, 224005, NULL),
  (7618772, 223395, 807, 224006, NULL),
  (7618773, 223385, 807, 224007, NULL),
  (7618774, 223401, 807, 224008, NULL),
  (7618775, 223396, 807, 223330, NULL),
  (7618776, 224240, 807, 223330, NULL),
  (7618777, 223401, 807, 223331, NULL),
  (7618778, 223395, 807, 223331, NULL),
  (7618779, 223396, 807, 224017, NULL),
  (7618780, 223399, 806, 224057, NULL),
  (7618781, 223397, 806, 224057, NULL),
  (7618782, 223398, 806, 224057, NULL),
  (7618783, 223398, 807, 224059, NULL),
  (7618784, 223399, 807, 224060, NULL),
  (7618785, 223397, 807, 224061, NULL),
  (7618786, 223389, 806, 224022, NULL),
  (7618787, 223387, 806, 224022, NULL),
  (7618788, 223388, 806, 224022, NULL),
  (7618789, 223396, 807, 223344, NULL),
  (7618790, 223395, 807, 223344, NULL),
  (7618791, 223390, 807, 223350, NULL),
  (7618792, 223392, 807, 223350, NULL),
  (7618793, 223393, 807, 223350, NULL),
  (7618794, 223402, 807, 223351, NULL),
  (7618795, 223396, 807, 223351, NULL),
  (7618796, 223390, 807, 224032, NULL),
  (7618797, 223392, 807, 224033, NULL),
  (7618798, 223393, 807, 224034, NULL),
  (7618799, 223402, 807, 224035, NULL),
  (7618800, 223396, 807, 224036, NULL),
  (7618801, 223390, 807, 224038, NULL),
  (7618802, 223392, 807, 224039, NULL),
  (7618803, 223393, 807, 224040, NULL),
  (7618804, 223402, 807, 224041, NULL),
  (7618805, 223396, 807, 224042, NULL),
  (7618806, 223402, 807, 223356, NULL),
  (7618807, 223394, 807, 223356, NULL),
  (7618808, 223400, 807, 224028, NULL),
  (7618809, 224241, 807, 224028, NULL),
  (7618810, 223385, 806, 223363, NULL),
  (7618811, 223394, 806, 223363, NULL),
  (7618812, 223384, 806, 223363, NULL),
  (7618813, 223386, 806, 223363, NULL),
  (7618814, 224241, 807, 223373, NULL),
  (7618815, 224240, 807, 223373, NULL),
  (7618816, 223396, 807, 224050, NULL),
  (7618817, 223384, 807, 224050, NULL),
  (7618818, 223394, 807, 223378, NULL),
  (7618819, 223399, 807, 223378, NULL),
  (7618820, 223400, 807, 223379, NULL),
  (7618821, 224240, 807, 223379, NULL),
  (7618822, 223394, 807, 223800, NULL),
  (7618823, 223399, 807, 223801, NULL),
  (7618824, 223400, 807, 223802, NULL),
  (7618825, 224240, 807, 223803, NULL);

INSERT INTO `timetable`.`subject_area`(`uniqueid`, `session_id`, `subject_area_abbreviation`, `short_title`, `long_title`, `schedule_book_only`, `pseudo_subject_area`, `department_uniqueid`, `external_uid`, `last_modified_time`)
VALUES (779, 223206, 'ENGR', 'Engineering', 'Engineering', '0', '0', 223207, NULL, NULL),
  (780, 223206, 'LING', 'Linguistics', 'Linguistics', '0', '0', 223207, NULL, NULL),
  (781, 223206, 'PHAR', 'Pharmacy', 'Pharmacy', '0', '0', 223207, NULL, NULL),
  (782, 223206, 'MBIO', 'Microbiology', 'Microbiology', '0', '0', 223207, NULL, NULL),
  (761, 223206, 'ALG', 'Algebra', 'Algebra', '0', '0', 223207, NULL, NULL),
  (762, 223206, 'BIOL', 'Biology', 'Biology', '0', '0', 223207, NULL, NULL),
  (763, 223206, 'C S', 'Computer Science', 'Computer Science', '0', '0', 223207, NULL, NULL),
  (764, 223206, 'BAND', 'Band', 'Band', '0', '0', 223207, NULL, NULL),
  (765, 223206, 'CHM', 'Chemistry', 'Chemistry', '0', '0', 223207, NULL, NULL),
  (766, 223206, 'ECON', 'Economics', 'Economics', '0', '0', 223207, NULL, NULL),
  (767, 223206, 'COM', 'Communications', 'Communications', '0', '0', 223207, NULL, NULL),
  (768, 223206, 'ENGL', 'English', 'English', '0', '0', 223207, NULL, NULL),
  (769, 223206, 'GER', 'German', 'German', '0', '0', 223207, NULL, NULL),
  (770, 223206, 'HIST', 'History', 'History', '0', '0', 223207, NULL, NULL),
  (771, 223206, 'CALC', 'Calculus', 'Calculus', '0', '0', 223207, NULL, NULL),
  (772, 223206, 'PHIL', 'Philosophy', 'Philosophy', '0', '0', 223207, NULL, NULL),
  (773, 223206, 'PHYS', 'Physics', 'Physics', '0', '0', 223207, NULL, NULL),
  (774, 223206, 'POL', 'Political Science', 'Political Science', '0', '0', 223207, NULL, NULL),
  (775, 223206, 'PSY', 'Psychology', 'Psychology', '0', '0', 223207, NULL, NULL),
  (776, 223206, 'CHIN', 'Chinese', 'Chinese', '0', '0', 223207, NULL, NULL),
  (777, 223206, 'SOC', 'Sociology', 'Solciology', '0', '0', 223207, NULL, NULL),
  (778, 223206, 'SPAN', 'Spanish', 'Spanish', '0', '0', 223207, NULL, NULL);

INSERT INTO `timetable`.`timetable_manager`(`uniqueid`, `external_uid`, `first_name`, `middle_name`, `last_name`, `email_address`, `last_modified_time`)
VALUES (470, '1', 'Abraham', NULL, 'Root', 'test-admin@unitime.org', NULL),
  (471, '2', 'Adam', NULL, 'Guest', 'test-guest@unitime.org', NULL),
  (472, '3', 'Large', 'Lecture', 'Room', 'test-llr@unitime.org', NULL),
  (473, '4', 'Schedule', NULL, 'Deputy', 'test-dept@unitime.org', NULL);

INSERT INTO `timetable`.`time_pattern`(`uniqueid`, `name`, `mins_pmt`, `slots_pmt`, `nr_mtgs`, `visible`, `type`, `break_time`, `session_id`)
VALUES (1368, '5 x 50', 50, 12, 5, 1, 0, 10, 223206),
 (1456, '5 x 75', 75, 18, 5, 1, 0, 15, 223206),
 (1480, '5 x 100', 100, 24, 5, 1, 0, 10, 223206),
 (1481, '5 x 150', 150, 36, 5, 1, 0, 10, 223206),
 (1450, '5 x 180', 180, 42, 5, 1, 0, 10, 223206),
 (1457, '5 x 200', 200, 48, 5, 1, 0, 10, 223206),
 (1369, '4 x 50', 50, 12, 4, 1, 0, 10, 223206),
 (1370, '4 x 100', 100, 24, 4, 1, 0, 10, 223206),
 (1436, '3 x 20', 20, 6, 3, 1, 0, 10, 223206),
 (1435, '3 x 30', 30, 6, 3, 1, 0, 0, 223206),
 (1371, '3 x 50', 50, 12, 3, 1, 0, 10, 223206),
 (1474, '3 x 90', 90, 21, 3, 1, 0, 15, 223206),
 (1372, '3 x 100', 100, 24, 3, 1, 0, 10, 223206),
 (1460, '3 x 150', 150, 36, 3, 1, 0, 10, 223206),
 (1482, '3 x 200', 200, 48, 3, 1, 0, 10, 223206),
 (1430, '2 x 15', 15, 3, 2, 1, 0, 0, 223206),
 (1429, '2 x 15 Quarter', 15, 3, 2, 1, 0, 0, 223206),
 (1468, '2 x 20', 20, 6, 2, 1, 0, 10, 223206),
 (1431, '2 x 30', 30, 6, 2, 1, 0, 0, 223206),
 (1373, '2 x 50', 50, 12, 2, 1, 0, 10, 223206),
 (1374, '2 x 75', 75, 18, 2, 1, 0, 15, 223206),
 (1486, '2 x 90', 90, 21, 2, 1, 0, 15, 223206),
 (1375, '2 x 100', 100, 24, 2, 1, 0, 10, 223206),
 (1399, '2 x 120', 120, 30, 2, 1, 0, 15, 223206),
 (1400, '2 x 150', 150, 36, 2, 1, 0, 10, 223206),
 (1433, '2 x 200', 200, 48, 2, 1, 0, 10, 223206),
 (1434, '2 x 300', 300, 72, 2, 1, 0, 10, 223206),
 (1376, '1 x 20', 20, 6, 1, 1, 0, 10, 223206),
 (1389, '1 x 30', 30, 6, 1, 1, 0, 0, 223206),
 (1377, '1 x 50', 50, 12, 1, 1, 0, 10, 223206),
 (1489, '1 x 75', 75, 18, 1, 1, 0, 15, 223206),
 (1412, '1 x 80', 80, 18, 1, 1, 0, 10, 223206),
 (1485, '1 x 90', 90, 21, 1, 1, 0, 15, 223206),
 (1378, '1 x 100', 100, 24, 1, 1, 0, 10, 223206),
 (1418, '1 x 120', 120, 30, 1, 1, 0, 15, 223206),
 (1379, '1 x 150', 150, 36, 1, 1, 0, 10, 223206),
 (1420, '1 x 180', 180, 42, 1, 1, 0, 10, 223206),
 (1380, '1 x 200', 200, 48, 1, 1, 0, 10, 223206),
 (1421, '1 x 250', 250, 60, 1, 1, 0, 10, 223206),
 (1405, '1 x 300', 300, 72, 1, 1, 0, 10, 223206),
 (1406, '1 x 350', 350, 84, 1, 1, 0, 10, 223206),
 (1427, '1 x 400', 400, 96, 1, 1, 0, 10, 223206),
 (1428, '1 x 450', 450, 108, 1, 1, 0, 10, 223206),
 (1454, '1 x 600', 600, 144, 1, 1, 0, 10, 223206),
 (1459, '3 x 50 Evening', 50, 12, 3, 1, 1, 10, 223206),
 (1449, '2 x 50 Evening', 50, 12, 2, 1, 1, 10, 223206),
 (1381, '2 x 75 Evening', 75, 18, 2, 1, 1, 15, 223206),
 (1382, '2 x 100 Evening', 100, 24, 2, 1, 1, 10, 223206),
 (1410, '1 x 20 Evening', 20, 6, 1, 1, 1, 10, 223206),
 (1409, '1 x 30 Evening', 30, 6, 1, 1, 1, 0, 223206),
 (1383, '1 x 50 Evening', 50, 12, 1, 1, 1, 10, 223206),
 (1402, '1 x 75 Evening', 75, 18, 1, 1, 1, 15, 223206),
 (1415, '1 x 80 Evening', 80, 18, 1, 1, 1, 10, 223206),
 (1384, '1 x 100 Evening', 100, 24, 1, 1, 1, 10, 223206),
 (1385, '1 x 150 Evening', 150, 36, 1, 1, 1, 10, 223206),
 (1444, '1 x 180 Evening', 180, 42, 1, 1, 1, 10, 223206),
 (1470, '1 x 200 Evening', 200, 48, 1, 1, 1, 10, 223206),
 (1422, '1 x 250 Evening', 250, 60, 1, 1, 1, 10, 223206),
 (1447, '1 x 350 Evening', 350, 84, 1, 1, 1, 10, 223206),
 (1438, '3 x 50 TThS', 50, 12, 3, 1, 2, 10, 223206),
 (1477, '3 x 100 TThS', 100, 24, 3, 1, 2, 10, 223206),
 (1455, '2 x 100 WS', 100, 24, 2, 1, 2, 10, 223206),
 (1386, '1 x 50 Weekend', 50, 12, 1, 1, 2, 10, 223206),
 (1416, '1 x 80 Weekend', 80, 18, 1, 1, 2, 10, 223206),
 (1387, '1 x 100 Weekend', 100, 24, 1, 1, 2, 10, 223206),
 (1419, '1 x 120 Weekend', 120, 30, 1, 1, 2, 15, 223206),
 (1388, '1 x 150 Weekend', 150, 36, 1, 1, 2, 10, 223206),
 (1476, '1 x 250 Weekend', 250, 60, 1, 1, 2, 10, 223206),
 (1445, '1 x 300 Weekend', 300, 72, 1, 1, 2, 10, 223206),
 (1467, '1 x 400 Weekend', 400, 96, 1, 1, 2, 10, 223206),
 (1390, '3 x 50 Early AM', 50, 12, 3, 1, 3, 10, 223206),
 (1411, '1 x 50 Early AM', 50, 12, 1, 1, 3, 10, 223206),
 (1441, '1 x 100 Early AM', 100, 24, 1, 1, 3, 10, 223206),
 (1424, '1 x 250 Early AM', 250, 60, 1, 1, 3, 10, 223206),
 (1407, 'Exact Time', 0, 6, 1, 1, 5, 10, 223206);

INSERT INTO `timetable`.`time_pattern_days`(`uniqueid`, `day_code`, `time_pattern_id`)
VALUES (4113, 124, 1368),
 (4492, 124, 1456),
 (4570, 124, 1480),
 (4571, 124, 1481),
 (4470, 124, 1450),
 (4493, 124, 1457),
 (4116, 116, 1369),
 (4117, 108, 1369),
 (4114, 92, 1369),
 (4118, 120, 1369),
 (4115, 60, 1369),
 (4121, 116, 1370),
 (4122, 108, 1370),
 (4119, 92, 1370),
 (4123, 120, 1370),
 (4120, 60, 1370),
 (4401, 84, 1436),
 (4400, 84, 1435),
 (4124, 84, 1371),
 (4552, 84, 1474),
 (4125, 84, 1372),
 (4496, 84, 1460),
 (4572, 84, 1482),
 (4381, 68, 1430),
 (4383, 20, 1430),
 (4380, 80, 1430),
 (4382, 40, 1430),
 (4377, 68, 1429),
 (4379, 20, 1429),
 (4376, 80, 1429),
 (4378, 40, 1429),
 (4518, 68, 1468),
 (4520, 20, 1468),
 (4517, 80, 1468),
 (4519, 40, 1468),
 (4385, 68, 1431),
 (4387, 20, 1431),
 (4384, 80, 1431),
 (4386, 40, 1431),
 (4126, 68, 1373),
 (4128, 20, 1373),
 (4129, 80, 1373),
 (4127, 40, 1373),
 (4130, 40, 1374),
 (4599, 68, 1486),
 (4601, 20, 1486),
 (4598, 80, 1486),
 (4600, 40, 1486),
 (4131, 68, 1375),
 (4133, 20, 1375),
 (4134, 80, 1375),
 (4132, 40, 1375),
 (4244, 68, 1399),
 (4246, 20, 1399),
 (4243, 80, 1399),
 (4245, 40, 1399),
 (4248, 68, 1400),
 (4250, 20, 1400),
 (4247, 80, 1400),
 (4249, 40, 1400),
 (4393, 68, 1433),
 (4395, 20, 1433),
 (4392, 80, 1433),
 (4394, 40, 1433),
 (4397, 68, 1434),
 (4399, 20, 1434),
 (4396, 80, 1434),
 (4398, 40, 1434),
 (4137, 16, 1376),
 (4135, 64, 1376),
 (4136, 32, 1376),
 (4139, 4, 1376),
 (4138, 8, 1376),
 (4189, 16, 1389),
 (4187, 64, 1389),
 (4188, 32, 1389),
 (4191, 4, 1389),
 (4190, 8, 1389),
 (4144, 16, 1377),
 (4140, 64, 1377),
 (4141, 32, 1377),
 (4142, 4, 1377),
 (4143, 8, 1377),
 (4605, 8, 1489),
 (4604, 32, 1489),
 (4301, 8, 1412),
 (4300, 32, 1412),
 (4595, 16, 1485),
 (4593, 64, 1485),
 (4594, 32, 1485),
 (4597, 4, 1485),
 (4596, 8, 1485),
 (4149, 16, 1378),
 (4145, 64, 1378),
 (4146, 32, 1378),
 (4147, 4, 1378),
 (4148, 8, 1378),
 (4326, 16, 1418),
 (4324, 64, 1418),
 (4325, 32, 1418),
 (4328, 4, 1418),
 (4327, 8, 1418),
 (4152, 16, 1379),
 (4150, 64, 1379),
 (4151, 32, 1379),
 (4154, 4, 1379),
 (4153, 8, 1379),
 (4333, 16, 1420),
 (4331, 64, 1420),
 (4332, 32, 1420),
 (4335, 4, 1420),
 (4334, 8, 1420),
 (4159, 16, 1380),
 (4155, 64, 1380),
 (4156, 32, 1380),
 (4157, 4, 1380),
 (4158, 8, 1380),
 (4338, 16, 1421),
 (4336, 64, 1421),
 (4337, 32, 1421),
 (4340, 4, 1421),
 (4339, 8, 1421),
 (4272, 16, 1405),
 (4270, 64, 1405),
 (4271, 32, 1405),
 (4274, 4, 1405),
 (4273, 8, 1405),
 (4277, 16, 1406),
 (4275, 64, 1406),
 (4276, 32, 1406),
 (4279, 4, 1406),
 (4278, 8, 1406),
 (4368, 16, 1427),
 (4366, 64, 1427),
 (4367, 32, 1427),
 (4370, 4, 1427),
 (4369, 8, 1427),
 (4373, 16, 1428),
 (4371, 64, 1428),
 (4372, 32, 1428),
 (4375, 4, 1428),
 (4374, 8, 1428),
 (4488, 16, 1454),
 (4486, 64, 1454),
 (4487, 32, 1454),
 (4490, 4, 1454),
 (4489, 8, 1454),
 (4495, 84, 1459),
 (4467, 68, 1449),
 (4469, 20, 1449),
 (4466, 80, 1449),
 (4468, 40, 1449),
 (4161, 40, 1381),
 (4160, 80, 1381),
 (4163, 68, 1382),
 (4165, 20, 1382),
 (4162, 80, 1382),
 (4164, 40, 1382),
 (4292, 16, 1410),
 (4290, 64, 1410),
 (4291, 32, 1410),
 (4294, 4, 1410),
 (4293, 8, 1410),
 (4287, 16, 1409),
 (4285, 64, 1409),
 (4286, 32, 1409),
 (4289, 4, 1409),
 (4288, 8, 1409),
 (4168, 16, 1383),
 (4166, 64, 1383),
 (4167, 32, 1383),
 (4170, 4, 1383),
 (4169, 8, 1383),
 (4257, 16, 1402),
 (4255, 64, 1402),
 (4256, 32, 1402),
 (4259, 4, 1402),
 (4258, 8, 1402),
 (4314, 16, 1415),
 (4312, 64, 1415),
 (4313, 32, 1415),
 (4316, 4, 1415),
 (4315, 8, 1415),
 (4173, 16, 1384),
 (4171, 64, 1384),
 (4172, 32, 1384),
 (4175, 4, 1384),
 (4174, 8, 1384),
 (4178, 16, 1385),
 (4176, 64, 1385),
 (4177, 32, 1385),
 (4180, 4, 1385),
 (4179, 8, 1385),
 (4441, 16, 1444),
 (4439, 64, 1444),
 (4440, 32, 1444),
 (4443, 4, 1444),
 (4442, 8, 1444),
 (4533, 16, 1470),
 (4531, 64, 1470),
 (4532, 32, 1470),
 (4535, 4, 1470),
 (4534, 8, 1470),
 (4343, 16, 1422),
 (4341, 64, 1422),
 (4342, 32, 1422),
 (4345, 4, 1422),
 (4344, 8, 1422),
 (4453, 16, 1447),
 (4451, 64, 1447),
 (4452, 32, 1447),
 (4455, 4, 1447),
 (4454, 8, 1447),
 (4412, 42, 1438),
 (4560, 42, 1477),
 (4491, 18, 1455),
 (4182, 1, 1386),
 (4181, 2, 1386),
 (4318, 1, 1416),
 (4317, 2, 1416),
 (4184, 1, 1387),
 (4183, 2, 1387),
 (4330, 1, 1419),
 (4329, 2, 1419),
 (4186, 1, 1388),
 (4185, 2, 1388),
 (4559, 1, 1476),
 (4558, 2, 1476),
 (4445, 1, 1445),
 (4444, 2, 1445),
 (4516, 1, 1467),
 (4515, 2, 1467),
 (4192, 84, 1390),
 (4297, 16, 1411),
 (4295, 64, 1411),
 (4296, 32, 1411),
 (4299, 4, 1411),
 (4298, 8, 1411),
 (4426, 16, 1441),
 (4424, 64, 1441),
 (4425, 32, 1441),
 (4428, 4, 1441),
 (4427, 8, 1441),
 (4353, 16, 1424),
 (4351, 64, 1424),
 (4352, 32, 1424),
 (4355, 4, 1424),
 (4354, 8, 1424);

INSERT INTO `timetable`.`time_pattern_time`(`uniqueid`, `start_slot`, `time_pattern_id`)
VALUES (7620, 90, 1368),
 (7621, 126, 1368),
 (7622, 114, 1368),
 (7623, 186, 1368),
 (7625, 150, 1368),
 (7626, 162, 1368),
 (7628, 198, 1368),
 (7624, 102, 1368),
 (7627, 174, 1368),
 (7629, 138, 1368),
 (8427, 90, 1456),
 (8432, 180, 1456),
 (8429, 126, 1456),
 (8431, 162, 1456),
 (8428, 108, 1456),
 (8433, 198, 1456),
 (8430, 144, 1456),
 (8706, 90, 1480),
 (8709, 126, 1480),
 (8705, 186, 1480),
 (8708, 114, 1480),
 (8701, 150, 1480),
 (8702, 162, 1480),
 (8704, 180, 1480),
 (8707, 102, 1480),
 (8703, 174, 1480),
 (8710, 138, 1480),
 (8711, 90, 1481),
 (8719, 180, 1481),
 (8714, 126, 1481),
 (8713, 114, 1481),
 (8712, 102, 1481),
 (8716, 150, 1481),
 (8717, 162, 1481),
 (8718, 174, 1481),
 (8715, 138, 1481),
 (8368, 84, 1450),
 (8370, 126, 1450),
 (8372, 168, 1450),
 (8371, 144, 1450),
 (8369, 102, 1450),
 (8434, 90, 1457),
 (8440, 126, 1457),
 (8438, 114, 1457),
 (8444, 150, 1457),
 (8437, 108, 1457),
 (8443, 144, 1457),
 (8435, 96, 1457),
 (8445, 156, 1457),
 (8436, 102, 1457),
 (8441, 132, 1457),
 (8439, 120, 1457),
 (8442, 138, 1457),
 (7630, 90, 1369),
 (7631, 126, 1369),
 (7632, 114, 1369),
 (7633, 186, 1369),
 (7635, 150, 1369),
 (7636, 162, 1369),
 (7638, 198, 1369),
 (7634, 102, 1369),
 (7637, 174, 1369),
 (7639, 138, 1369),
 (7640, 90, 1370),
 (7643, 162, 1370),
 (7641, 114, 1370),
 (7642, 186, 1370),
 (7644, 138, 1370),
 (8241, 126, 1436),
 (8248, 168, 1436),
 (8245, 150, 1436),
 (8253, 198, 1436),
 (8244, 144, 1436),
 (8250, 180, 1436),
 (8236, 96, 1436),
 (8242, 132, 1436),
 (8235, 90, 1436),
 (8239, 114, 1436),
 (8251, 186, 1436),
 (8247, 162, 1436),
 (8238, 108, 1436),
 (8254, 204, 1436),
 (8246, 156, 1436),
 (8252, 192, 1436),
 (8237, 102, 1436),
 (8249, 174, 1436),
 (8240, 120, 1436),
 (8243, 138, 1436),
 (8221, 126, 1435),
 (8228, 168, 1435),
 (8225, 150, 1435),
 (8233, 198, 1435),
 (8224, 144, 1435),
 (8230, 180, 1435),
 (8216, 96, 1435),
 (8222, 132, 1435),
 (8215, 90, 1435),
 (8219, 114, 1435),
 (8231, 186, 1435),
 (8227, 162, 1435),
 (8218, 108, 1435),
 (8234, 204, 1435),
 (8226, 156, 1435),
 (8232, 192, 1435),
 (8217, 102, 1435),
 (8229, 174, 1435),
 (8220, 120, 1435),
 (8223, 138, 1435),
 (7645, 90, 1371),
 (7646, 126, 1371),
 (7647, 114, 1371),
 (7648, 186, 1371),
 (7650, 150, 1371),
 (7651, 162, 1371),
 (7653, 198, 1371),
 (7649, 102, 1371),
 (7652, 174, 1371),
 (7654, 138, 1371),
 (8649, 90, 1474),
 (8647, 186, 1474),
 (8651, 114, 1474),
 (8646, 177, 1474),
 (8644, 162, 1474),
 (8648, 123, 1474),
 (8640, 135, 1474),
 (8642, 144, 1474),
 (8643, 156, 1474),
 (8645, 165, 1474),
 (8650, 102, 1474),
 (8641, 138, 1474),
 (7655, 90, 1372),
 (7658, 162, 1372),
 (7656, 114, 1372),
 (7657, 186, 1372),
 (7659, 138, 1372),
 (8475, 90, 1460),
 (8482, 180, 1460),
 (8481, 178, 1460),
 (8477, 126, 1460),
 (8476, 102, 1460),
 (8479, 162, 1460),
 (8480, 174, 1460),
 (8478, 138, 1460),
 (8720, 90, 1482),
 (8722, 150, 1482),
 (8723, 162, 1482),
 (8721, 102, 1482),
 (8165, 126, 1430),
 (8172, 168, 1430),
 (8169, 150, 1430),
 (8177, 198, 1430),
 (8168, 144, 1430),
 (8174, 180, 1430),
 (8160, 96, 1430),
 (8166, 132, 1430),
 (8159, 90, 1430),
 (8158, 210, 1430),
 (8163, 114, 1430),
 (8175, 186, 1430),
 (8171, 162, 1430),
 (8162, 108, 1430),
 (8178, 204, 1430),
 (8170, 156, 1430),
 (8176, 192, 1430),
 (8161, 102, 1430),
 (8173, 174, 1430),
 (8164, 120, 1430),
 (8167, 138, 1430),
 (8157, 207, 1429),
 (8151, 171, 1429),
 (8139, 99, 1429),
 (8152, 177, 1429),
 (8143, 123, 1429),
 (8145, 135, 1429),
 (8137, 213, 1429),
 (8149, 159, 1429),
 (8140, 105, 1429),
 (8144, 129, 1429),
 (8142, 117, 1429),
 (8156, 201, 1429),
 (8147, 147, 1429),
 (8138, 93, 1429),
 (8154, 189, 1429),
 (8141, 111, 1429),
 (8155, 195, 1429),
 (8153, 183, 1429),
 (8146, 141, 1429),
 (8150, 165, 1429),
 (8148, 153, 1429),
 (8579, 126, 1468),
 (8586, 168, 1468),
 (8583, 150, 1468),
 (8591, 198, 1468),
 (8582, 144, 1468),
 (8588, 180, 1468),
 (8574, 96, 1468),
 (8580, 132, 1468),
 (8573, 90, 1468),
 (8577, 114, 1468),
 (8589, 186, 1468),
 (8585, 162, 1468),
 (8576, 108, 1468),
 (8592, 204, 1468),
 (8584, 156, 1468),
 (8590, 192, 1468),
 (8575, 102, 1468),
 (8587, 174, 1468),
 (8578, 120, 1468),
 (8581, 138, 1468),
 (8185, 126, 1431),
 (8192, 168, 1431),
 (8189, 150, 1431),
 (8197, 198, 1431),
 (8188, 144, 1431),
 (8194, 180, 1431),
 (8180, 96, 1431),
 (8186, 132, 1431),
 (8179, 90, 1431),
 (8183, 114, 1431),
 (8195, 186, 1431),
 (8191, 162, 1431),
 (8182, 108, 1431),
 (8198, 204, 1431),
 (8190, 156, 1431),
 (8196, 192, 1431),
 (8181, 102, 1431),
 (8193, 174, 1431),
 (8184, 120, 1431),
 (8187, 138, 1431),
 (7660, 90, 1373),
 (7661, 126, 1373),
 (7662, 114, 1373),
 (7663, 186, 1373),
 (7665, 150, 1373),
 (7666, 162, 1373),
 (7668, 198, 1373),
 (7664, 102, 1373),
 (7667, 174, 1373),
 (7669, 138, 1373),
 (7670, 90, 1374),
 (7671, 180, 1374),
 (7672, 126, 1374),
 (7673, 162, 1374),
 (7674, 108, 1374),
 (7675, 198, 1374),
 (7676, 144, 1374),
 (8772, 90, 1486),
 (8774, 114, 1486),
 (8783, 186, 1486),
 (8782, 177, 1486),
 (8775, 123, 1486),
 (8780, 162, 1486),
 (8776, 135, 1486),
 (8778, 144, 1486),
 (8779, 156, 1486),
 (8781, 165, 1486),
 (8773, 102, 1486),
 (8777, 138, 1486),
 (7677, 90, 1375),
 (7680, 162, 1375),
 (7678, 114, 1375),
 (7679, 186, 1375),
 (7681, 138, 1375),
 (7911, 126, 1399),
 (7909, 96, 1399),
 (7913, 156, 1399),
 (7915, 186, 1399),
 (7916, 192, 1399),
 (7910, 102, 1399),
 (7912, 132, 1399),
 (7914, 162, 1399),
 (7917, 90, 1400),
 (7924, 180, 1400),
 (7920, 126, 1400),
 (7919, 114, 1400),
 (7918, 102, 1400),
 (7922, 162, 1400),
 (7923, 174, 1400),
 (7921, 138, 1400),
 (8206, 90, 1433),
 (8208, 150, 1433),
 (8209, 162, 1433),
 (8207, 102, 1433),
 (8210, 90, 1434),
 (8213, 126, 1434),
 (8212, 114, 1434),
 (8214, 138, 1434),
 (8211, 102, 1434),
 (7693, 126, 1376),
 (7695, 168, 1376),
 (7685, 150, 1376),
 (7700, 198, 1376),
 (7684, 144, 1376),
 (7697, 180, 1376),
 (7688, 96, 1376),
 (7682, 132, 1376),
 (7687, 90, 1376),
 (7691, 114, 1376),
 (7698, 186, 1376),
 (7694, 162, 1376),
 (7690, 108, 1376),
 (7701, 204, 1376),
 (7686, 156, 1376),
 (7699, 192, 1376),
 (7689, 102, 1376),
 (7696, 174, 1376),
 (7692, 120, 1376),
 (7683, 138, 1376),
 (7795, 126, 1389),
 (7802, 168, 1389),
 (7799, 150, 1389),
 (7807, 198, 1389),
 (7798, 144, 1389),
 (7804, 180, 1389),
 (7790, 96, 1389),
 (7796, 132, 1389),
 (7789, 90, 1389),
 (7793, 114, 1389),
 (7805, 186, 1389),
 (7801, 162, 1389),
 (7792, 108, 1389),
 (7808, 204, 1389),
 (7800, 156, 1389),
 (7806, 192, 1389),
 (7791, 102, 1389),
 (7803, 174, 1389),
 (7794, 120, 1389),
 (7797, 138, 1389),
 (7702, 90, 1377),
 (7703, 126, 1377),
 (7704, 114, 1377),
 (7705, 186, 1377),
 (7707, 150, 1377),
 (7708, 162, 1377),
 (7710, 198, 1377),
 (7706, 102, 1377),
 (7709, 174, 1377),
 (7711, 138, 1377),
 (8798, 90, 1489),
 (8803, 180, 1489),
 (8800, 126, 1489),
 (8802, 162, 1489),
 (8799, 108, 1489),
 (8804, 198, 1489),
 (8801, 144, 1489),
 (8002, 90, 1412),
 (8007, 180, 1412),
 (8004, 126, 1412),
 (8006, 162, 1412),
 (8003, 108, 1412),
 (8008, 198, 1412),
 (8005, 144, 1412),
 (8760, 90, 1485),
 (8762, 114, 1485),
 (8771, 186, 1485),
 (8770, 177, 1485),
 (8763, 123, 1485),
 (8768, 162, 1485),
 (8764, 135, 1485),
 (8766, 144, 1485),
 (8767, 156, 1485),
 (8769, 165, 1485),
 (8761, 102, 1485),
 (8765, 138, 1485),
 (7712, 90, 1378),
 (7715, 162, 1378),
 (7713, 114, 1378),
 (7714, 186, 1378),
 (7716, 138, 1378),
 (8073, 126, 1418),
 (8071, 96, 1418),
 (8075, 156, 1418),
 (8077, 186, 1418),
 (8078, 192, 1418),
 (8072, 102, 1418),
 (8074, 132, 1418),
 (8076, 162, 1418),
 (7717, 90, 1379),
 (7724, 180, 1379),
 (7719, 126, 1379),
 (7718, 102, 1379),
 (7721, 162, 1379),
 (7722, 174, 1379),
 (7720, 138, 1379),
 (8083, 84, 1420),
 (8084, 126, 1420),
 (8085, 168, 1420),
 (7725, 90, 1380),
 (7727, 150, 1380),
 (7728, 162, 1380),
 (7726, 102, 1380),
 (8086, 90, 1421),
 (8089, 126, 1421),
 (8088, 114, 1421),
 (8087, 102, 1421),
 (8091, 150, 1421),
 (8090, 138, 1421),
 (7966, 90, 1405),
 (7969, 126, 1405),
 (7968, 114, 1405),
 (7970, 138, 1405),
 (7967, 102, 1405),
 (7971, 90, 1406),
 (7974, 126, 1406),
 (7973, 114, 1406),
 (7972, 102, 1406),
 (8127, 90, 1427),
 (8128, 96, 1427),
 (8131, 114, 1427),
 (8129, 102, 1427),
 (8130, 108, 1427),
 (8132, 120, 1427),
 (8133, 90, 1428),
 (8134, 96, 1428),
 (8136, 108, 1428),
 (8135, 102, 1428),
 (8419, 90, 1454),
 (8421, 108, 1454),
 (8420, 102, 1454),
 (8468, 222, 1459),
 (8466, 210, 1459),
 (8472, 246, 1459),
 (8473, 252, 1459),
 (8474, 258, 1459),
 (8467, 216, 1459),
 (8469, 228, 1459),
 (8471, 240, 1459),
 (8470, 234, 1459),
 (8361, 222, 1449),
 (8359, 210, 1449),
 (8365, 246, 1449),
 (8366, 252, 1449),
 (8367, 258, 1449),
 (8360, 216, 1449),
 (8362, 228, 1449),
 (8364, 240, 1449),
 (8363, 234, 1449),
 (7731, 222, 1381),
 (7729, 210, 1381),
 (7735, 246, 1381),
 (7736, 252, 1381),
 (7730, 216, 1381),
 (7732, 228, 1381),
 (7734, 240, 1381),
 (7733, 234, 1381),
 (7742, 222, 1382),
 (7740, 210, 1382),
 (7746, 246, 1382),
 (7738, 198, 1382),
 (7745, 240, 1382),
 (7739, 204, 1382),
 (7737, 192, 1382),
 (7741, 216, 1382),
 (7743, 228, 1382),
 (7744, 234, 1382),
 (7992, 222, 1410),
 (7990, 210, 1410),
 (7996, 246, 1410),
 (7997, 252, 1410),
 (7998, 258, 1410),
 (7991, 216, 1410),
 (7993, 228, 1410),
 (7995, 240, 1410),
 (7994, 234, 1410),
 (7983, 222, 1409),
 (7981, 210, 1409),
 (7987, 246, 1409),
 (7988, 252, 1409),
 (7989, 258, 1409),
 (7982, 216, 1409),
 (7984, 228, 1409),
 (7986, 240, 1409),
 (7985, 234, 1409),
 (7749, 222, 1383),
 (7747, 210, 1383),
 (7753, 246, 1383),
 (7754, 252, 1383),
 (7755, 258, 1383),
 (7748, 216, 1383),
 (7750, 228, 1383),
 (7752, 240, 1383),
 (7751, 234, 1383),
 (7936, 222, 1402),
 (7934, 210, 1402),
 (7940, 246, 1402),
 (7941, 252, 1402),
 (7935, 216, 1402),
 (7937, 228, 1402),
 (7939, 240, 1402),
 (7938, 234, 1402),
 (8036, 222, 1415),
 (8042, 210, 1415),
 (8040, 246, 1415),
 (8041, 252, 1415),
 (8035, 216, 1415),
 (8037, 228, 1415),
 (8039, 240, 1415),
 (8038, 234, 1415),
 (7761, 222, 1384),
 (7759, 210, 1384),
 (7765, 246, 1384),
 (7757, 198, 1384),
 (7764, 240, 1384),
 (7758, 204, 1384),
 (7756, 192, 1384),
 (7760, 216, 1384),
 (7762, 228, 1384),
 (7763, 234, 1384),
 (7772, 222, 1385),
 (7770, 210, 1385),
 (7766, 186, 1385),
 (7767, 192, 1385),
 (7771, 216, 1385),
 (7773, 228, 1385),
 (7768, 198, 1385),
 (7769, 204, 1385),
 (7774, 234, 1385),
 (8324, 180, 1444),
 (8329, 210, 1444),
 (8325, 186, 1444),
 (8326, 192, 1444),
 (8330, 216, 1444),
 (8327, 198, 1444),
 (8328, 204, 1444),
 (8614, 198, 1470),
 (8613, 192, 1470),
 (8615, 204, 1470),
 (8099, 180, 1422),
 (8097, 168, 1422),
 (8092, 186, 1422),
 (8093, 192, 1422),
 (8096, 162, 1422),
 (8094, 198, 1422),
 (8098, 174, 1422),
 (8095, 204, 1422),
 (8347, 150, 1447),
 (8348, 162, 1447),
 (8349, 174, 1447),
 (8260, 90, 1438),
 (8263, 126, 1438),
 (8262, 114, 1438),
 (8264, 138, 1438),
 (8261, 102, 1438),
 (8677, 90, 1477),
 (8680, 162, 1477),
 (8678, 114, 1477),
 (8681, 186, 1477),
 (8679, 138, 1477),
 (8422, 90, 1455),
 (8425, 162, 1455),
 (8423, 114, 1455),
 (8426, 186, 1455),
 (8424, 138, 1455),
 (7775, 90, 1386),
 (7778, 126, 1386),
 (7777, 114, 1386),
 (7779, 138, 1386),
 (7776, 102, 1386),
 (8047, 180, 1416),
 (8048, 90, 1416),
 (8050, 126, 1416),
 (8044, 168, 1416),
 (8046, 177, 1416),
 (8043, 162, 1416),
 (8045, 174, 1416),
 (8049, 108, 1416),
 (8051, 144, 1416),
 (7780, 90, 1387),
 (7783, 126, 1387),
 (7782, 114, 1387),
 (7781, 102, 1387),
 (8081, 180, 1419),
 (8082, 90, 1419),
 (8080, 150, 1419),
 (8079, 120, 1419),
 (7784, 90, 1388),
 (7785, 96, 1388),
 (7787, 108, 1388),
 (7788, 114, 1388),
 (7786, 102, 1388),
 (8671, 90, 1476),
 (8672, 96, 1476),
 (8675, 114, 1476),
 (8673, 102, 1476),
 (8674, 108, 1476),
 (8676, 120, 1476),
 (8331, 90, 1445),
 (8332, 96, 1445),
 (8335, 114, 1445),
 (8333, 102, 1445),
 (8334, 108, 1445),
 (8336, 120, 1445),
 (8568, 90, 1467),
 (8569, 96, 1467),
 (8571, 108, 1467),
 (8572, 114, 1467),
 (8570, 102, 1467),
 (7810, 84, 1390),
 (7809, 78, 1390),
 (7813, 66, 1390),
 (7811, 72, 1390),
 (7812, 60, 1390),
 (8001, 84, 1411),
 (8000, 78, 1411),
 (7999, 72, 1411),
 (8291, 84, 1441),
 (8290, 78, 1441),
 (8289, 72, 1441),
 (8114, 84, 1424),
 (8113, 78, 1424),
 (8112, 72, 1424);


INSERT INTO `timetable`.`time_pref`(`uniqueid`, `owner_id`, `pref_level_id`, `preference`, `time_pattern_id`, `last_modified_time`)
VALUES (121327, 223367, 1, '2222222', 1374, NULL),
  (121328, 223367, 1, '2222222222', 1371, NULL),
  (121331, 223790, 1, '22222222222222222222222222222222222222222222222222', 1377, NULL),
  (121333, 223377, 1, '2222222222', 1371, NULL),
  (121334, 223377, 1, '2222222', 1374, NULL),
  (121481, 223255, 1, 'PPPPPPP2PP2PP22PP2PP22PP2PP22PP2PP2', 1379, NULL),
  (121339, 223362, 1, '2222222222', 1371, NULL),
  (121340, 223362, 1, '2222222', 1374, NULL),
  (121341, 223372, 1, '2222222222', 1371, NULL),
  (121342, 223372, 1, '2222222', 1374, NULL),
  (121344, 223355, 1, '2222222', 1374, NULL),
  (121346, 223355, 1, '2222222222', 1371, NULL),
  (121348, 223254, 1, '2222222222222222222222222222222222222222', 1373, NULL),
  (121478, 223248, 1, '2222222220', 1480, NULL),
  (121353, 223815, 1, '22222222222222222222222222222222222222222222222222', 1377, NULL),
  (121473, 223867, 1, '2222222222', 1371, NULL),
  (121454, 223799, 1, '22222222222222222222222222222222222222222222222222', 1377, NULL),
  (121462, 223296, 1, '2222222', 1374, NULL),
  (121452, 223948, 1, '2222222222222222222222222', 1378, NULL),
  (121371, 223868, 1, '22222222222222222222222222222222222222222222222222', 1377, NULL),
  (121443, 224056, 1, '2222222222222222222222222222222222222222', 1373, NULL),
  (121447, 224058, 1, '2RRRR22222222222222222222', 1378, NULL),
  (121450, 223913, 1, 'PPPPPPPPPP222222222222222', 1378, NULL),
  (121374, 223228, 1, '2222222222', 1371, NULL),
  (121375, 223228, 1, '2222222', 1374, NULL),
  (121388, 223925, 1, '22222222222222222222222222222222222222222222222222', 1377, NULL),
  (121385, 223239, 1, '2222222222222222222222222222222222222222', 1373, NULL),
  (121387, 223901, 1, '22222222222222222222222222222222222222222222222222', 1377, NULL),
  (121392, 223937, 1, '2222222222222222222222222222222222222222', 1373, NULL),
  (121394, 223939, 1, 'P2222P2222P2222P2222P2222', 1378, NULL),
  (121398, 223244, 1, '2222222222222222222222222222222222222222', 1373, NULL),
  (121402, 223290, 1, '2222222', 1374, NULL),
  (121403, 223290, 1, '2222222222', 1371, NULL),
  (121414, 223995, 1, '2222222222222222222222222222222222222222', 1373, NULL),
  (121406, 223848, 1, '22222222222222222222222222222222222222222222222222', 1377, NULL),
  (121409, 223309, 1, '2222222222', 1371, NULL),
  (121413, 223997, 1, '2222222222222222222222222', 1378, NULL),
  (121417, 223323, 1, '2222222222', 1371, NULL),
  (121419, 224004, 1, '22222222222222222222222222222222222222222222222222', 1377, NULL),
  (121421, 223329, 1, '2222222', 1374, NULL),
  (121423, 223329, 1, '2222222222', 1371, NULL),
  (121426, 224016, 1, '2222222222', 1371, NULL),
  (121429, 224021, 1, '22222222222222222222222222222222222222222222222222', 1377, NULL),
  (121431, 223343, 1, '2222222222', 1371, NULL),
  (121432, 223343, 1, '2222222', 1374, NULL),
  (121435, 224031, 1, '2222222222222222222222222', 1378, NULL),
  (121437, 224030, 1, '22222222222222222222222222222222222222222222222222', 1377, NULL),
  (121439, 223349, 1, '2222222222222222222222222222222222222222', 1373, NULL),
  (121512, 226238, 1, '222222222222222442222222222222222333322222222222222222222222222442222222222222222333322222222222222222222222222442222222222222222333322222222222222222222222222442222222222222222333322222222222222222222222222442222222222222222333322222222222222222222222222222222222222222222222222222222222222222222222222222222222222222222222222222222222', NULL, NULL),
  (121509, 226242, 1, '222222222222222PP2200000000002222222222222222222222222222222222PP4444444444444444444422222222222222222222222222PP2200000000002222222222222222222222222222222222PP4444444444444444444422222222222222222222222222PP2200000000002222PPPP22222222222222222222222222222222222222222222222222222222222222222222222222222222222222222222222222222222222', NULL, NULL),
  (121513, 226240, 1, '222222222222222443333333333333333333322222222222222222222222222442200000000222222222222222222222222222222222222442211111111222222222222222222222222222222222222442200000000222222222222222222222222222222222222443333333333333333333322222222222222222222222222222222222222222222222222222222222222222222222222222222222222222222222222222222222', NULL, NULL);

INSERT INTO `timetable`.`tmtbl_mgr_to_roles`(`manager_id`, `role_id`, `uniqueid`, `is_primary`)
VALUES (470, 1, 510, 1),
  (471, 41, 511, 1),
  (472, 21, 512, 1),
  (473, 21, 513, 1);

INSERT INTO `timetable`.`users`(`username`, `password`, `external_uid`)
VALUES ('admin', 'ISMvKXpXpadDiUoOSoAfww==', '1'),
  ('guest', 'CE4DQ6BIb/BVMN9scFyLtA==', '2'),
  ('llr', 'upzaPqRBdj/JsBCHve1wWQ==', '3'),
  ('dept', '22TgPFCHxi1Wgsv/a/O71w==', '4');

-- Re-enable foreign key checks
SET FOREIGN_KEY_CHECKS=@OLD_FOREIGN_KEY_CHECKS;

update `timetable`.`course_offering` co 
	set co.`lastlike_demand` = (
		select count(distinct cod.`student_id`) 
		from `timetable`.`lastlike_course_demand` cod 
		where co.`subject_area_id`=cod.`subject_area_id` and co.`course_nbr`=cod.`course_nbr`
	) where co.`perm_id` is null;

update `timetable`.`course_offering` co 
	set co.`lastlike_demand` = (
		select count(distinct cod.`student_id`) 
		from `timetable`.`lastlike_course_demand` cod, `timetable`.`subject_area` sa, `timetable`.`student` s
		where co.`perm_id`=cod.`course_perm_id` and co.`subject_area_id`=sa.`uniqueid` and cod.`student_id`=s.`uniqueid` and s.`session_id`=sa.`session_id`
	) where co.`perm_id` is not null;

-- End of script
