spool woebegon-data.log
set feedback off
set define off
prompt Disabling triggers for DATE_PATTERN...
alter table DATE_PATTERN disable all triggers;
prompt Disabling triggers for DEPT_STATUS_TYPE...
alter table DEPT_STATUS_TYPE disable all triggers;
prompt Disabling triggers for SESSIONS...
alter table SESSIONS disable all triggers;
prompt Disabling triggers for ACADEMIC_AREA...
alter table ACADEMIC_AREA disable all triggers;
prompt Disabling triggers for ACADEMIC_CLASSIFICATION...
alter table ACADEMIC_CLASSIFICATION disable all triggers;
prompt Disabling triggers for RESERVATION_TYPE...
alter table RESERVATION_TYPE disable all triggers;
prompt Disabling triggers for ACAD_AREA_RESERVATION...
alter table ACAD_AREA_RESERVATION disable all triggers;
prompt Disabling triggers for APPLICATION_CONFIG...
alter table APPLICATION_CONFIG disable all triggers;
prompt Disabling triggers for OFFR_CONSENT_TYPE...
alter table OFFR_CONSENT_TYPE disable all triggers;
prompt Disabling triggers for INSTRUCTIONAL_OFFERING...
alter table INSTRUCTIONAL_OFFERING disable all triggers;
prompt Disabling triggers for INSTR_OFFERING_CONFIG...
alter table INSTR_OFFERING_CONFIG disable all triggers;
prompt Disabling triggers for ITYPE_DESC...
alter table ITYPE_DESC disable all triggers;
prompt Disabling triggers for SCHEDULING_SUBPART...
alter table SCHEDULING_SUBPART disable all triggers;
prompt Disabling triggers for CLASS_...
alter table CLASS_ disable all triggers;
prompt Disabling triggers for SOLVER_GROUP...
alter table SOLVER_GROUP disable all triggers;
prompt Disabling triggers for SOLUTION...
alter table SOLUTION disable all triggers;
prompt Disabling triggers for TIME_PATTERN...
alter table TIME_PATTERN disable all triggers;
prompt Disabling triggers for ASSIGNMENT...
alter table ASSIGNMENT disable all triggers;
prompt Disabling triggers for POSITION_TYPE...
alter table POSITION_TYPE disable all triggers;
prompt Disabling triggers for DEPARTMENT...
alter table DEPARTMENT disable all triggers;
prompt Disabling triggers for DEPARTMENTAL_INSTRUCTOR...
alter table DEPARTMENTAL_INSTRUCTOR disable all triggers;
prompt Disabling triggers for ASSIGNED_INSTRUCTORS...
alter table ASSIGNED_INSTRUCTORS disable all triggers;
prompt Disabling triggers for ASSIGNED_ROOMS...
alter table ASSIGNED_ROOMS disable all triggers;
prompt Disabling triggers for BUILDING...
alter table BUILDING disable all triggers;
prompt Disabling triggers for PREFERENCE_LEVEL...
alter table PREFERENCE_LEVEL disable all triggers;
prompt Disabling triggers for BUILDING_PREF...
alter table BUILDING_PREF disable all triggers;
prompt Disabling triggers for CLASS_INSTRUCTOR...
alter table CLASS_INSTRUCTOR disable all triggers;
prompt Disabling triggers for STUDENT_STATUS_TYPE...
alter table STUDENT_STATUS_TYPE disable all triggers;
prompt Disabling triggers for STUDENT...
alter table STUDENT disable all triggers;
prompt Disabling triggers for FREE_TIME...
alter table FREE_TIME disable all triggers;
prompt Disabling triggers for COURSE_DEMAND...
alter table COURSE_DEMAND disable all triggers;
prompt Disabling triggers for SUBJECT_AREA...
alter table SUBJECT_AREA disable all triggers;
prompt Disabling triggers for COURSE_OFFERING...
alter table COURSE_OFFERING disable all triggers;
prompt Disabling triggers for COURSE_REQUEST...
alter table COURSE_REQUEST disable all triggers;
prompt Disabling triggers for CLASS_WAITLIST...
alter table CLASS_WAITLIST disable all triggers;
prompt Disabling triggers for CONSTRAINT_INFO...
alter table CONSTRAINT_INFO disable all triggers;
prompt Disabling triggers for COURSE_CATALOG...
alter table COURSE_CATALOG disable all triggers;
prompt Disabling triggers for COURSE_CREDIT_TYPE...
alter table COURSE_CREDIT_TYPE disable all triggers;
prompt Disabling triggers for COURSE_CREDIT_UNIT_CONFIG...
alter table COURSE_CREDIT_UNIT_CONFIG disable all triggers;
prompt Disabling triggers for COURSE_CREDIT_UNIT_TYPE...
alter table COURSE_CREDIT_UNIT_TYPE disable all triggers;
prompt Disabling triggers for COURSE_RESERVATION...
alter table COURSE_RESERVATION disable all triggers;
prompt Disabling triggers for COURSE_SUBPART_CREDIT...
alter table COURSE_SUBPART_CREDIT disable all triggers;
prompt Disabling triggers for CRSE_CREDIT_FORMAT...
alter table CRSE_CREDIT_FORMAT disable all triggers;
prompt Disabling triggers for DATE_PATTERN_DEPT...
alter table DATE_PATTERN_DEPT disable all triggers;
prompt Disabling triggers for DEMAND_OFFR_TYPE...
alter table DEMAND_OFFR_TYPE disable all triggers;
prompt Disabling triggers for TIMETABLE_MANAGER...
alter table TIMETABLE_MANAGER disable all triggers;
prompt Disabling triggers for DEPT_TO_TT_MGR...
alter table DEPT_TO_TT_MGR disable all triggers;
prompt Disabling triggers for DESIGNATOR...
alter table DESIGNATOR disable all triggers;
prompt Disabling triggers for DISTRIBUTION_TYPE...
alter table DISTRIBUTION_TYPE disable all triggers;
prompt Disabling triggers for DISTRIBUTION_PREF...
alter table DISTRIBUTION_PREF disable all triggers;
prompt Disabling triggers for DISTRIBUTION_OBJECT...
alter table DISTRIBUTION_OBJECT disable all triggers;
prompt Disabling triggers for DIST_TYPE_DEPT...
alter table DIST_TYPE_DEPT disable all triggers;
prompt Disabling triggers for EXACT_TIME_MINS...
alter table EXACT_TIME_MINS disable all triggers;
prompt Disabling triggers for EXTERNAL_BUILDING...
alter table EXTERNAL_BUILDING disable all triggers;
prompt Disabling triggers for EXTERNAL_ROOM...
alter table EXTERNAL_ROOM disable all triggers;
prompt Disabling triggers for EXTERNAL_ROOM_DEPARTMENT...
alter table EXTERNAL_ROOM_DEPARTMENT disable all triggers;
prompt Disabling triggers for EXTERNAL_ROOM_FEATURE...
alter table EXTERNAL_ROOM_FEATURE disable all triggers;
prompt Disabling triggers for HISTORY...
alter table HISTORY disable all triggers;
prompt Disabling triggers for INDIVIDUAL_RESERVATION...
alter table INDIVIDUAL_RESERVATION disable all triggers;
prompt Disabling triggers for JENRL...
alter table JENRL disable all triggers;
prompt Disabling triggers for LASTLIKE_COURSE_DEMAND...
alter table LASTLIKE_COURSE_DEMAND disable all triggers;
prompt Disabling triggers for SETTINGS...
alter table SETTINGS disable all triggers;
prompt Disabling triggers for MANAGER_SETTINGS...
alter table MANAGER_SETTINGS disable all triggers;
prompt Disabling triggers for NON_UNIVERSITY_LOCATION...
alter table NON_UNIVERSITY_LOCATION disable all triggers;
prompt Disabling triggers for OFFR_GROUP...
alter table OFFR_GROUP disable all triggers;
prompt Disabling triggers for OFFR_GROUP_OFFERING...
alter table OFFR_GROUP_OFFERING disable all triggers;
prompt Disabling triggers for POSITION_CODE_TO_TYPE...
alter table POSITION_CODE_TO_TYPE disable all triggers;
prompt Disabling triggers for POS_MAJOR...
alter table POS_MAJOR disable all triggers;
prompt Disabling triggers for POS_ACAD_AREA_MAJOR...
alter table POS_ACAD_AREA_MAJOR disable all triggers;
prompt Disabling triggers for POS_MINOR...
alter table POS_MINOR disable all triggers;
prompt Disabling triggers for POS_ACAD_AREA_MINOR...
alter table POS_ACAD_AREA_MINOR disable all triggers;
prompt Disabling triggers for POS_RESERVATION...
alter table POS_RESERVATION disable all triggers;
prompt Disabling triggers for ROLES...
alter table ROLES disable all triggers;
prompt Disabling triggers for ROOM...
alter table ROOM disable all triggers;
prompt Disabling triggers for ROOM_DEPT...
alter table ROOM_DEPT disable all triggers;
prompt Disabling triggers for ROOM_FEATURE...
alter table ROOM_FEATURE disable all triggers;
prompt Disabling triggers for ROOM_FEATURE_PREF...
alter table ROOM_FEATURE_PREF disable all triggers;
prompt Disabling triggers for ROOM_GROUP...
alter table ROOM_GROUP disable all triggers;
prompt Disabling triggers for ROOM_GROUP_PREF...
alter table ROOM_GROUP_PREF disable all triggers;
prompt Disabling triggers for ROOM_GROUP_ROOM...
alter table ROOM_GROUP_ROOM disable all triggers;
prompt Disabling triggers for ROOM_JOIN_ROOM_FEATURE...
alter table ROOM_JOIN_ROOM_FEATURE disable all triggers;
prompt Disabling triggers for ROOM_PREF...
alter table ROOM_PREF disable all triggers;
prompt Disabling triggers for SECTIONING_INFO...
alter table SECTIONING_INFO disable all triggers;
prompt Disabling triggers for SOLVER_GR_TO_TT_MGR...
alter table SOLVER_GR_TO_TT_MGR disable all triggers;
prompt Disabling triggers for SOLVER_INFO_DEF...
alter table SOLVER_INFO_DEF disable all triggers;
prompt Disabling triggers for SOLVER_PARAMETER_GROUP...
alter table SOLVER_PARAMETER_GROUP disable all triggers;
prompt Disabling triggers for SOLVER_PARAMETER_DEF...
alter table SOLVER_PARAMETER_DEF disable all triggers;
prompt Disabling triggers for SOLVER_PREDEF_SETTING...
alter table SOLVER_PREDEF_SETTING disable all triggers;
prompt Disabling triggers for SOLVER_PARAMETER...
alter table SOLVER_PARAMETER disable all triggers;
prompt Disabling triggers for STAFF...
alter table STAFF disable all triggers;
prompt Disabling triggers for STUDENT_ACAD_AREA...
alter table STUDENT_ACAD_AREA disable all triggers;
prompt Disabling triggers for STUDENT_ACCOMODATION...
alter table STUDENT_ACCOMODATION disable all triggers;
prompt Disabling triggers for STUDENT_CLASS_ENRL...
alter table STUDENT_CLASS_ENRL disable all triggers;
prompt Disabling triggers for STUDENT_ENRL...
alter table STUDENT_ENRL disable all triggers;
prompt Disabling triggers for STUDENT_ENRL_MSG...
alter table STUDENT_ENRL_MSG disable all triggers;
prompt Disabling triggers for STUDENT_GROUP...
alter table STUDENT_GROUP disable all triggers;
prompt Disabling triggers for STUDENT_GROUP_RESERVATION...
alter table STUDENT_GROUP_RESERVATION disable all triggers;
prompt Disabling triggers for STUDENT_MAJOR...
alter table STUDENT_MAJOR disable all triggers;
prompt Disabling triggers for STUDENT_MINOR...
alter table STUDENT_MINOR disable all triggers;
prompt Disabling triggers for STUDENT_TO_ACOMODATION...
alter table STUDENT_TO_ACOMODATION disable all triggers;
prompt Disabling triggers for STUDENT_TO_GROUP...
alter table STUDENT_TO_GROUP disable all triggers;
prompt Disabling triggers for TIME_PATTERN_DAYS...
alter table TIME_PATTERN_DAYS disable all triggers;
prompt Disabling triggers for TIME_PATTERN_DEPT...
alter table TIME_PATTERN_DEPT disable all triggers;
prompt Disabling triggers for TIME_PATTERN_TIME...
alter table TIME_PATTERN_TIME disable all triggers;
prompt Disabling triggers for TIME_PREF...
alter table TIME_PREF disable all triggers;
prompt Disabling triggers for TMTBL_MGR_TO_ROLES...
alter table TMTBL_MGR_TO_ROLES disable all triggers;
prompt Disabling triggers for USERS...
alter table USERS disable all triggers;
prompt Disabling triggers for USER_DATA...
alter table USER_DATA disable all triggers;
prompt Disabling triggers for WAITLIST...
alter table WAITLIST disable all triggers;
prompt Disabling foreign key constraints for DATE_PATTERN...
alter table DATE_PATTERN disable constraint FK_DATE_PATTERN_SESSION;
prompt Disabling foreign key constraints for SESSIONS...
alter table SESSIONS disable constraint FK_SESSIONS_STATUS_TYPE;
alter table SESSIONS disable constraint FK_SESSION_DATEPATT;
prompt Disabling foreign key constraints for ACADEMIC_AREA...
alter table ACADEMIC_AREA disable constraint FK_ACADEMIC_AREA_SESSION;
prompt Disabling foreign key constraints for ACADEMIC_CLASSIFICATION...
alter table ACADEMIC_CLASSIFICATION disable constraint FK_ACAD_CLASS_SESSION;
prompt Disabling foreign key constraints for ACAD_AREA_RESERVATION...
alter table ACAD_AREA_RESERVATION disable constraint FK_ACAD_AREA_RESV_ACAD_AREA;
alter table ACAD_AREA_RESERVATION disable constraint FK_ACAD_AREA_RESV_ACAD_CLASS;
alter table ACAD_AREA_RESERVATION disable constraint FK_ACAD_AREA_RESV_TYPE;
prompt Disabling foreign key constraints for INSTRUCTIONAL_OFFERING...
alter table INSTRUCTIONAL_OFFERING disable constraint FK_INSTR_OFFR_CONSENT_TYPE;
prompt Disabling foreign key constraints for INSTR_OFFERING_CONFIG...
alter table INSTR_OFFERING_CONFIG disable constraint FK_INSTR_OFFR_CFG_INSTR_OFFR;
prompt Disabling foreign key constraints for SCHEDULING_SUBPART...
alter table SCHEDULING_SUBPART disable constraint FK_SCHED_SUBPART_CONFIG;
alter table SCHEDULING_SUBPART disable constraint FK_SCHED_SUBPART_DATE_PATTERN;
alter table SCHEDULING_SUBPART disable constraint FK_SCHED_SUBPART_ITYPE;
alter table SCHEDULING_SUBPART disable constraint FK_SCHED_SUBPART_PARENT;
prompt Disabling foreign key constraints for CLASS_...
alter table CLASS_ disable constraint FK_CLASS_DATEPATT;
alter table CLASS_ disable constraint FK_CLASS_PARENT;
alter table CLASS_ disable constraint FK_CLASS_SCHEDULING_SUBPART;
prompt Disabling foreign key constraints for SOLVER_GROUP...
alter table SOLVER_GROUP disable constraint FK_SOLVER_GROUP_SESSION;
prompt Disabling foreign key constraints for SOLUTION...
alter table SOLUTION disable constraint FK_SOLUTION_OWNER;
prompt Disabling foreign key constraints for TIME_PATTERN...
alter table TIME_PATTERN disable constraint FK_TIME_PATTERN_SESSION;
prompt Disabling foreign key constraints for ASSIGNMENT...
alter table ASSIGNMENT disable constraint FK_ASSIGNMENT_CLASS;
alter table ASSIGNMENT disable constraint FK_ASSIGNMENT_SOLUTION;
alter table ASSIGNMENT disable constraint FK_ASSIGNMENT_TIME_PATTERN;
prompt Disabling foreign key constraints for DEPARTMENT...
alter table DEPARTMENT disable constraint FK_DEPARTMENT_SOLVER_GROUP;
alter table DEPARTMENT disable constraint FK_DEPARTMENT_STATUS_TYPE;
prompt Disabling foreign key constraints for DEPARTMENTAL_INSTRUCTOR...
alter table DEPARTMENTAL_INSTRUCTOR disable constraint FK_DEPT_INSTR_DEPT;
alter table DEPARTMENTAL_INSTRUCTOR disable constraint FK_DEPT_INSTR_POS_CODE_TYPE;
prompt Disabling foreign key constraints for ASSIGNED_INSTRUCTORS...
alter table ASSIGNED_INSTRUCTORS disable constraint FK_ASSIGNED_INSTRS_ASSIGNMENT;
alter table ASSIGNED_INSTRUCTORS disable constraint FK_ASSIGNED_INSTRS_INSTRUCTOR;
prompt Disabling foreign key constraints for ASSIGNED_ROOMS...
alter table ASSIGNED_ROOMS disable constraint FK_ASSIGNED_ROOMS_ASSIGNMENT;
prompt Disabling foreign key constraints for BUILDING...
alter table BUILDING disable constraint FK_BUILDING_SESSION;
prompt Disabling foreign key constraints for BUILDING_PREF...
alter table BUILDING_PREF disable constraint FK_BUILDING_PREF_BLDG;
alter table BUILDING_PREF disable constraint FK_BUILDING_PREF_LEVEL;
prompt Disabling foreign key constraints for CLASS_INSTRUCTOR...
alter table CLASS_INSTRUCTOR disable constraint FK_CLASS_INSTRUCTOR_CLASS;
alter table CLASS_INSTRUCTOR disable constraint FK_CLASS_INSTRUCTOR_INSTR;
prompt Disabling foreign key constraints for STUDENT...
alter table STUDENT disable constraint FK_STUDENT_SESSION;
alter table STUDENT disable constraint FK_STUDENT_STATUS_STUDENT;
prompt Disabling foreign key constraints for FREE_TIME...
alter table FREE_TIME disable constraint FK_FREE_TIME_SESSION;
prompt Disabling foreign key constraints for COURSE_DEMAND...
alter table COURSE_DEMAND disable constraint FK_COURSE_DEMAND_FREE_TIME;
alter table COURSE_DEMAND disable constraint FK_COURSE_DEMAND_STUDENT;
prompt Disabling foreign key constraints for SUBJECT_AREA...
alter table SUBJECT_AREA disable constraint FK_SUBJECT_AREA_DEPT;
prompt Disabling foreign key constraints for COURSE_OFFERING...
alter table COURSE_OFFERING disable constraint FK_COURSE_OFFERING_DEMAND_OFFR;
alter table COURSE_OFFERING disable constraint FK_COURSE_OFFERING_INSTR_OFFR;
alter table COURSE_OFFERING disable constraint FK_COURSE_OFFERING_SUBJ_AREA;
prompt Disabling foreign key constraints for COURSE_REQUEST...
alter table COURSE_REQUEST disable constraint FK_COURSE_REQUEST_DEMAND;
alter table COURSE_REQUEST disable constraint FK_COURSE_REQUEST_OFFERING;
prompt Disabling foreign key constraints for CLASS_WAITLIST...
alter table CLASS_WAITLIST disable constraint FK_CLASS_WAITLIST_CLASS;
alter table CLASS_WAITLIST disable constraint FK_CLASS_WAITLIST_REQUEST;
alter table CLASS_WAITLIST disable constraint FK_CLASS_WAITLIST_STUDENT;
prompt Disabling foreign key constraints for CONSTRAINT_INFO...
alter table CONSTRAINT_INFO disable constraint FK_CONSTRAINT_INFO_ASSIGNMENT;
alter table CONSTRAINT_INFO disable constraint FK_CONSTRAINT_INFO_SOLVER;
prompt Disabling foreign key constraints for COURSE_CREDIT_UNIT_CONFIG...
alter table COURSE_CREDIT_UNIT_CONFIG disable constraint FK_CRS_CRDT_UNIT_CFG_CRDT_TYPE;
alter table COURSE_CREDIT_UNIT_CONFIG disable constraint FK_CRS_CRDT_UNIT_CFG_IO_OWN;
alter table COURSE_CREDIT_UNIT_CONFIG disable constraint FK_CRS_CRDT_UNIT_CFG_OWNER;
prompt Disabling foreign key constraints for COURSE_RESERVATION...
alter table COURSE_RESERVATION disable constraint FK_COURSE_RESERV_TYPE;
alter table COURSE_RESERVATION disable constraint FK_COURSE_RESV_CRS_OFFR;
prompt Disabling foreign key constraints for COURSE_SUBPART_CREDIT...
alter table COURSE_SUBPART_CREDIT disable constraint FK_SUBPART_CRED_CRS;
prompt Disabling foreign key constraints for DATE_PATTERN_DEPT...
alter table DATE_PATTERN_DEPT disable constraint FK_DATE_PATTERN_DEPT_DATE;
alter table DATE_PATTERN_DEPT disable constraint FK_DATE_PATTERN_DEPT_DEPT;
prompt Disabling foreign key constraints for DEPT_TO_TT_MGR...
alter table DEPT_TO_TT_MGR disable constraint FK_DEPT_TO_TT_MGR_DEPT;
alter table DEPT_TO_TT_MGR disable constraint FK_DEPT_TO_TT_MGR_MGR;
prompt Disabling foreign key constraints for DESIGNATOR...
alter table DESIGNATOR disable constraint FK_DESIGNATOR_INSTRUCTOR;
alter table DESIGNATOR disable constraint FK_DESIGNATOR_SUBJ_AREA;
prompt Disabling foreign key constraints for DISTRIBUTION_PREF...
alter table DISTRIBUTION_PREF disable constraint FK_DISTRIBUTION_PREF_DIST_TYPE;
alter table DISTRIBUTION_PREF disable constraint FK_DISTRIBUTION_PREF_LEVEL;
prompt Disabling foreign key constraints for DISTRIBUTION_OBJECT...
alter table DISTRIBUTION_OBJECT disable constraint FK_DISTRIBUTION_OBJECT_PREF;
prompt Disabling foreign key constraints for DIST_TYPE_DEPT...
alter table DIST_TYPE_DEPT disable constraint FK_DIST_TYPE_DEPT_DEPT;
alter table DIST_TYPE_DEPT disable constraint FK_DIST_TYPE_DEPT_TYPE;
prompt Disabling foreign key constraints for EXTERNAL_ROOM...
alter table EXTERNAL_ROOM disable constraint FK_EXT_ROOM_BUILDING;
prompt Disabling foreign key constraints for EXTERNAL_ROOM_DEPARTMENT...
alter table EXTERNAL_ROOM_DEPARTMENT disable constraint FK_EXT_DEPT_ROOM;
prompt Disabling foreign key constraints for EXTERNAL_ROOM_FEATURE...
alter table EXTERNAL_ROOM_FEATURE disable constraint FK_EXT_FTR_ROOM;
prompt Disabling foreign key constraints for HISTORY...
alter table HISTORY disable constraint FK_HISTORY_SESSION;
prompt Disabling foreign key constraints for INDIVIDUAL_RESERVATION...
alter table INDIVIDUAL_RESERVATION disable constraint FK_INDIVIDUAL_RESV_TYPE;
prompt Disabling foreign key constraints for JENRL...
alter table JENRL disable constraint FK_JENRL_CLASS1;
alter table JENRL disable constraint FK_JENRL_CLASS2;
alter table JENRL disable constraint FK_JENRL_SOLUTION;
prompt Disabling foreign key constraints for LASTLIKE_COURSE_DEMAND...
alter table LASTLIKE_COURSE_DEMAND disable constraint FK_LL_COURSE_DEMAND_STUDENT;
alter table LASTLIKE_COURSE_DEMAND disable constraint FK_LL_COURSE_DEMAND_SUBJAREA;
prompt Disabling foreign key constraints for MANAGER_SETTINGS...
alter table MANAGER_SETTINGS disable constraint FK_MANAGER_SETTINGS_KEY;
alter table MANAGER_SETTINGS disable constraint FK_MANAGER_SETTINGS_USER;
prompt Disabling foreign key constraints for NON_UNIVERSITY_LOCATION...
alter table NON_UNIVERSITY_LOCATION disable constraint FK_NON_UNIV_LOC_SESSION;
prompt Disabling foreign key constraints for OFFR_GROUP...
alter table OFFR_GROUP disable constraint FK_OFFR_GROUP_DEPT;
alter table OFFR_GROUP disable constraint FK_OFFR_GROUP_SESSION;
prompt Disabling foreign key constraints for OFFR_GROUP_OFFERING...
alter table OFFR_GROUP_OFFERING disable constraint FK_OFFR_GROUP_INSTR_OFFR;
alter table OFFR_GROUP_OFFERING disable constraint FK_OFFR_GROUP_OFFR_OFFR_GRP;
prompt Disabling foreign key constraints for POSITION_CODE_TO_TYPE...
alter table POSITION_CODE_TO_TYPE disable constraint FK_POS_CODE_TO_TYPE_CODE_TYPE;
prompt Disabling foreign key constraints for POS_MAJOR...
alter table POS_MAJOR disable constraint FK_POS_MAJOR_SESSION;
prompt Disabling foreign key constraints for POS_ACAD_AREA_MAJOR...
alter table POS_ACAD_AREA_MAJOR disable constraint FK_POS_ACAD_AREA_MAJOR_AREA;
alter table POS_ACAD_AREA_MAJOR disable constraint FK_POS_ACAD_AREA_MAJOR_MAJOR;
prompt Disabling foreign key constraints for POS_MINOR...
alter table POS_MINOR disable constraint FK_POS_MINOR_SESSION;
prompt Disabling foreign key constraints for POS_ACAD_AREA_MINOR...
alter table POS_ACAD_AREA_MINOR disable constraint FK_POS_ACAD_AREA_MINOR_AREA;
alter table POS_ACAD_AREA_MINOR disable constraint FK_POS_ACAD_AREA_MINOR_MINOR;
prompt Disabling foreign key constraints for POS_RESERVATION...
alter table POS_RESERVATION disable constraint FK_POS_RESV_ACAD_CLASS;
alter table POS_RESERVATION disable constraint FK_POS_RESV_MAJOR;
alter table POS_RESERVATION disable constraint FK_POS_RESV_TYPE;
prompt Disabling foreign key constraints for ROOM...
alter table ROOM disable constraint FK_ROOM_BUILDING;
alter table ROOM disable constraint FK_ROOM_SESSION;
prompt Disabling foreign key constraints for ROOM_DEPT...
alter table ROOM_DEPT disable constraint FK_ROOM_DEPT_DEPT;
prompt Disabling foreign key constraints for ROOM_FEATURE...
alter table ROOM_FEATURE disable constraint FK_ROOM_FEATURE_DEPT;
prompt Disabling foreign key constraints for ROOM_FEATURE_PREF...
alter table ROOM_FEATURE_PREF disable constraint FK_ROOM_FEAT_PREF_LEVEL;
alter table ROOM_FEATURE_PREF disable constraint FK_ROOM_FEAT_PREF_ROOM_FEAT;
prompt Disabling foreign key constraints for ROOM_GROUP...
alter table ROOM_GROUP disable constraint FK_ROOM_GROUP_DEPT;
alter table ROOM_GROUP disable constraint FK_ROOM_GROUP_SESSION;
prompt Disabling foreign key constraints for ROOM_GROUP_PREF...
alter table ROOM_GROUP_PREF disable constraint FK_ROOM_GROUP_PREF_LEVEL;
alter table ROOM_GROUP_PREF disable constraint FK_ROOM_GROUP_PREF_ROOM_GRP;
prompt Disabling foreign key constraints for ROOM_GROUP_ROOM...
alter table ROOM_GROUP_ROOM disable constraint FK_ROOM_GROUP_ROOM_ROOM_GRP;
prompt Disabling foreign key constraints for ROOM_JOIN_ROOM_FEATURE...
alter table ROOM_JOIN_ROOM_FEATURE disable constraint FK_ROOM_JOIN_ROOM_FEAT_RM_FEAT;
prompt Disabling foreign key constraints for ROOM_PREF...
alter table ROOM_PREF disable constraint FK_ROOM_PREF_LEVEL;
prompt Disabling foreign key constraints for SECTIONING_INFO...
alter table SECTIONING_INFO disable constraint FK_SECTIONING_INFO_CLASS;
prompt Disabling foreign key constraints for SOLVER_GR_TO_TT_MGR...
alter table SOLVER_GR_TO_TT_MGR disable constraint FK_SOLVER_GR_TO_TT_MGR_SOLVGRP;
alter table SOLVER_GR_TO_TT_MGR disable constraint FK_SOLVER_GR_TO_TT_MGR_TT_MGR;
prompt Disabling foreign key constraints for SOLVER_PARAMETER_DEF...
alter table SOLVER_PARAMETER_DEF disable constraint FK_SOLV_PARAM_DEF_SOLV_PAR_GRP;
prompt Disabling foreign key constraints for SOLVER_PARAMETER...
alter table SOLVER_PARAMETER disable constraint FK_SOLVER_PARAM_DEF;
alter table SOLVER_PARAMETER disable constraint FK_SOLVER_PARAM_PREDEF_STG;
alter table SOLVER_PARAMETER disable constraint FK_SOLVER_PARAM_SOLUTION;
prompt Disabling foreign key constraints for STUDENT_ACAD_AREA...
alter table STUDENT_ACAD_AREA disable constraint FK_STUDENT_ACAD_AREA_AREA;
alter table STUDENT_ACAD_AREA disable constraint FK_STUDENT_ACAD_AREA_CLASF;
alter table STUDENT_ACAD_AREA disable constraint FK_STUDENT_ACAD_AREA_STUDENT;
prompt Disabling foreign key constraints for STUDENT_ACCOMODATION...
alter table STUDENT_ACCOMODATION disable constraint FK_STUDENT_ACCOM_SESSION;
prompt Disabling foreign key constraints for STUDENT_CLASS_ENRL...
alter table STUDENT_CLASS_ENRL disable constraint FK_STUDENT_CLASS_ENRL_CLASS;
alter table STUDENT_CLASS_ENRL disable constraint FK_STUDENT_CLASS_ENRL_REQUEST;
alter table STUDENT_CLASS_ENRL disable constraint FK_STUDENT_CLASS_ENRL_STUDENT;
prompt Disabling foreign key constraints for STUDENT_ENRL...
alter table STUDENT_ENRL disable constraint FK_STUDENT_ENRL_CLASS;
alter table STUDENT_ENRL disable constraint FK_STUDENT_ENRL_SOLUTION;
prompt Disabling foreign key constraints for STUDENT_ENRL_MSG...
alter table STUDENT_ENRL_MSG disable constraint FK_STUDENT_ENRL_MSG_DEMAND;
prompt Disabling foreign key constraints for STUDENT_GROUP...
alter table STUDENT_GROUP disable constraint FK_STUDENT_GROUP_SESSION;
prompt Disabling foreign key constraints for STUDENT_GROUP_RESERVATION...
alter table STUDENT_GROUP_RESERVATION disable constraint FK_STU_GRP_RESV_RESERV_TYPE;
alter table STUDENT_GROUP_RESERVATION disable constraint FK_STU_GRP_RESV_STU_GRP;
prompt Disabling foreign key constraints for STUDENT_MAJOR...
alter table STUDENT_MAJOR disable constraint FK_STUDENT_MAJOR_MAJOR;
alter table STUDENT_MAJOR disable constraint FK_STUDENT_MAJOR_STUDENT;
prompt Disabling foreign key constraints for STUDENT_MINOR...
alter table STUDENT_MINOR disable constraint FK_STUDENT_MINOR_MINOR;
alter table STUDENT_MINOR disable constraint FK_STUDENT_MINOR_STUDENT;
prompt Disabling foreign key constraints for STUDENT_TO_ACOMODATION...
alter table STUDENT_TO_ACOMODATION disable constraint FK_STUDENT_ACOMODATION_ACCOM;
alter table STUDENT_TO_ACOMODATION disable constraint FK_STUDENT_ACOMODATION_STUDENT;
prompt Disabling foreign key constraints for STUDENT_TO_GROUP...
alter table STUDENT_TO_GROUP disable constraint FK_STUDENT_GROUP_GROUP;
alter table STUDENT_TO_GROUP disable constraint FK_STUDENT_GROUP_STUDENT;
prompt Disabling foreign key constraints for TIME_PATTERN_DAYS...
alter table TIME_PATTERN_DAYS disable constraint FK_TIME_PATTERN_DAYS_TIME_PATT;
prompt Disabling foreign key constraints for TIME_PATTERN_DEPT...
alter table TIME_PATTERN_DEPT disable constraint FK_TIME_PATTERN_DEPT_DEPT;
alter table TIME_PATTERN_DEPT disable constraint FK_TIME_PATTERN_DEPT_PATTERN;
prompt Disabling foreign key constraints for TIME_PATTERN_TIME...
alter table TIME_PATTERN_TIME disable constraint FK_TIME_PATTERN_TIME;
prompt Disabling foreign key constraints for TIME_PREF...
alter table TIME_PREF disable constraint FK_TIME_PREF_PREF_LEVEL;
alter table TIME_PREF disable constraint FK_TIME_PREF_TIME_PTRN;
prompt Disabling foreign key constraints for TMTBL_MGR_TO_ROLES...
alter table TMTBL_MGR_TO_ROLES disable constraint FK_TMTBL_MGR_TO_ROLES_MANAGER;
alter table TMTBL_MGR_TO_ROLES disable constraint FK_TMTBL_MGR_TO_ROLES_ROLE;
prompt Disabling foreign key constraints for WAITLIST...
alter table WAITLIST disable constraint FK_WAITLIST_COURSE_OFFERING;
alter table WAITLIST disable constraint FK_WAITLIST_STUDENT;
prompt Loading DATE_PATTERN...
insert into DATE_PATTERN (UNIQUEID, NAME, PATTERN, OFFSET, TYPE, VISIBLE, SESSION_ID)
values (469, 'Full Term', '111111011111100111110111111011111101111110111111000111101111110111111011111101111110111111011000001111110111111', 0, 0, 1, 223206);
commit;
prompt 1 records loaded
prompt Loading DEPT_STATUS_TYPE...
insert into DEPT_STATUS_TYPE (UNIQUEID, REFERENCE, LABEL, STATUS, APPLY, ORD)
values (265, 'initial', 'Initial Data Load', 0, 1, 0);
insert into DEPT_STATUS_TYPE (UNIQUEID, REFERENCE, LABEL, STATUS, APPLY, ORD)
values (266, 'input', 'Input Data Entry', 185, 1, 1);
insert into DEPT_STATUS_TYPE (UNIQUEID, REFERENCE, LABEL, STATUS, APPLY, ORD)
values (267, 'timetabling', 'Timetabling', 441, 1, 2);
insert into DEPT_STATUS_TYPE (UNIQUEID, REFERENCE, LABEL, STATUS, APPLY, ORD)
values (268, 'publish', 'Timetable Published', 9, 1, 3);
insert into DEPT_STATUS_TYPE (UNIQUEID, REFERENCE, LABEL, STATUS, APPLY, ORD)
values (269, 'finished', 'Session Finished', 9, 1, 4);
insert into DEPT_STATUS_TYPE (UNIQUEID, REFERENCE, LABEL, STATUS, APPLY, ORD)
values (270, 'dept_input', 'External Mgr. Input Data Entry', 135, 2, 5);
insert into DEPT_STATUS_TYPE (UNIQUEID, REFERENCE, LABEL, STATUS, APPLY, ORD)
values (271, 'dept_timetabling', 'External Mgr. Timetabling', 423, 2, 6);
insert into DEPT_STATUS_TYPE (UNIQUEID, REFERENCE, LABEL, STATUS, APPLY, ORD)
values (272, 'dept_publish', 'External Mgr. Timetable Published', 1, 2, 8);
insert into DEPT_STATUS_TYPE (UNIQUEID, REFERENCE, LABEL, STATUS, APPLY, ORD)
values (385, 'dept_readonly_ni', 'External Mgr. Timetabling (No Instructor Assignments)', 391, 2, 7);
insert into DEPT_STATUS_TYPE (UNIQUEID, REFERENCE, LABEL, STATUS, APPLY, ORD)
values (325, 'dept_readonly', 'Department Read Only', 9, 2, 9);
insert into DEPT_STATUS_TYPE (UNIQUEID, REFERENCE, LABEL, STATUS, APPLY, ORD)
values (326, 'dept_edit', 'Department Allow Edit', 441, 2, 10);
commit;
prompt 11 records loaded
prompt Loading SESSIONS...
insert into SESSIONS (ACADEMIC_INITIATIVE, SESSION_BEGIN_DATE_TIME, CLASSES_END_DATE_TIME, SESSION_END_DATE_TIME, UNIQUEID, HOLIDAYS, DEF_DATEPATT_ID, STATUS_TYPE, LAST_MODIFIED_TIME, ACADEMIC_YEAR, ACADEMIC_TERM)
values ('woebegon', to_date('20-08-2007', 'dd-mm-yyyy'), to_date('08-12-2007 23:59:00', 'dd-mm-yyyy hh24:mi:ss'), to_date('15-12-2007 23:59:00', 'dd-mm-yyyy hh24:mi:ss'), 223206, '00000000000000000000000000000000000000000000000000000000000000001000000000000000000000000000000000022000000000000000000000000000000000000000000222200000000000000000000000000000000000000000000000000000000000000000000', 469, 267, null, '2007', 'Fal');
commit;
prompt 1 records loaded
prompt Loading ACADEMIC_AREA...
prompt Table is empty
prompt Loading ACADEMIC_CLASSIFICATION...
prompt Table is empty
prompt Loading RESERVATION_TYPE...
insert into RESERVATION_TYPE (UNIQUEID, REFERENCE, LABEL)
values (288, 'perm', 'Permanent');
insert into RESERVATION_TYPE (UNIQUEID, REFERENCE, LABEL)
values (289, 'temp', 'Temporary');
insert into RESERVATION_TYPE (UNIQUEID, REFERENCE, LABEL)
values (290, 'info', null);
commit;
prompt 3 records loaded
prompt Loading ACAD_AREA_RESERVATION...
prompt Table is empty
prompt Loading APPLICATION_CONFIG...
insert into APPLICATION_CONFIG (NAME, VALUE, DESCRIPTION)
values ('systemMessage', 'Welcome to Woebegon College test suite.', 'Message displayed to users when they first log in to Timetabling');
insert into APPLICATION_CONFIG (NAME, VALUE, DESCRIPTION)
values ('systemAccessLevel', 'all', 'Access Levels: all | {dept code}(:{dept code})*');
commit;
prompt 2 records loaded
prompt Loading OFFR_CONSENT_TYPE...
insert into OFFR_CONSENT_TYPE (UNIQUEID, REFERENCE, LABEL)
values (225, 'instructor', 'Consent of Instructor');
insert into OFFR_CONSENT_TYPE (UNIQUEID, REFERENCE, LABEL)
values (226, 'department', 'Consent of Department');
commit;
prompt 2 records loaded
prompt Loading INSTRUCTIONAL_OFFERING...
insert into INSTRUCTIONAL_OFFERING (UNIQUEID, SESSION_ID, INSTR_OFFERING_PERM_ID, NOT_OFFERED, LIMIT, CONSENT_TYPE, DESIGNATOR_REQUIRED, LAST_MODIFIED_TIME, UID_ROLLED_FWD_FROM)
values (132331, 223206, 166800, 0, null, null, 0, null, null);
insert into INSTRUCTIONAL_OFFERING (UNIQUEID, SESSION_ID, INSTR_OFFERING_PERM_ID, NOT_OFFERED, LIMIT, CONSENT_TYPE, DESIGNATOR_REQUIRED, LAST_MODIFIED_TIME, UID_ROLLED_FWD_FROM)
values (132334, 223206, 166801, 1, null, null, 0, null, null);
insert into INSTRUCTIONAL_OFFERING (UNIQUEID, SESSION_ID, INSTR_OFFERING_PERM_ID, NOT_OFFERED, LIMIT, CONSENT_TYPE, DESIGNATOR_REQUIRED, LAST_MODIFIED_TIME, UID_ROLLED_FWD_FROM)
values (132335, 223206, 166802, 0, null, null, 0, null, null);
insert into INSTRUCTIONAL_OFFERING (UNIQUEID, SESSION_ID, INSTR_OFFERING_PERM_ID, NOT_OFFERED, LIMIT, CONSENT_TYPE, DESIGNATOR_REQUIRED, LAST_MODIFIED_TIME, UID_ROLLED_FWD_FROM)
values (132336, 223206, 166803, 0, null, null, 0, null, null);
insert into INSTRUCTIONAL_OFFERING (UNIQUEID, SESSION_ID, INSTR_OFFERING_PERM_ID, NOT_OFFERED, LIMIT, CONSENT_TYPE, DESIGNATOR_REQUIRED, LAST_MODIFIED_TIME, UID_ROLLED_FWD_FROM)
values (132337, 223206, 166804, 0, null, null, 0, null, null);
insert into INSTRUCTIONAL_OFFERING (UNIQUEID, SESSION_ID, INSTR_OFFERING_PERM_ID, NOT_OFFERED, LIMIT, CONSENT_TYPE, DESIGNATOR_REQUIRED, LAST_MODIFIED_TIME, UID_ROLLED_FWD_FROM)
values (132313, 223206, 1, 0, null, null, 0, null, null);
insert into INSTRUCTIONAL_OFFERING (UNIQUEID, SESSION_ID, INSTR_OFFERING_PERM_ID, NOT_OFFERED, LIMIT, CONSENT_TYPE, DESIGNATOR_REQUIRED, LAST_MODIFIED_TIME, UID_ROLLED_FWD_FROM)
values (132314, 223206, 2, 0, null, null, 0, null, null);
insert into INSTRUCTIONAL_OFFERING (UNIQUEID, SESSION_ID, INSTR_OFFERING_PERM_ID, NOT_OFFERED, LIMIT, CONSENT_TYPE, DESIGNATOR_REQUIRED, LAST_MODIFIED_TIME, UID_ROLLED_FWD_FROM)
values (132315, 223206, 3, 0, null, null, 0, null, null);
insert into INSTRUCTIONAL_OFFERING (UNIQUEID, SESSION_ID, INSTR_OFFERING_PERM_ID, NOT_OFFERED, LIMIT, CONSENT_TYPE, DESIGNATOR_REQUIRED, LAST_MODIFIED_TIME, UID_ROLLED_FWD_FROM)
values (132316, 223206, 4, 0, null, null, 0, null, null);
insert into INSTRUCTIONAL_OFFERING (UNIQUEID, SESSION_ID, INSTR_OFFERING_PERM_ID, NOT_OFFERED, LIMIT, CONSENT_TYPE, DESIGNATOR_REQUIRED, LAST_MODIFIED_TIME, UID_ROLLED_FWD_FROM)
values (132317, 223206, 5, 0, null, null, 0, null, null);
insert into INSTRUCTIONAL_OFFERING (UNIQUEID, SESSION_ID, INSTR_OFFERING_PERM_ID, NOT_OFFERED, LIMIT, CONSENT_TYPE, DESIGNATOR_REQUIRED, LAST_MODIFIED_TIME, UID_ROLLED_FWD_FROM)
values (132318, 223206, 6, 0, null, null, 0, null, null);
insert into INSTRUCTIONAL_OFFERING (UNIQUEID, SESSION_ID, INSTR_OFFERING_PERM_ID, NOT_OFFERED, LIMIT, CONSENT_TYPE, DESIGNATOR_REQUIRED, LAST_MODIFIED_TIME, UID_ROLLED_FWD_FROM)
values (132319, 223206, 7, 0, null, null, 0, null, null);
insert into INSTRUCTIONAL_OFFERING (UNIQUEID, SESSION_ID, INSTR_OFFERING_PERM_ID, NOT_OFFERED, LIMIT, CONSENT_TYPE, DESIGNATOR_REQUIRED, LAST_MODIFIED_TIME, UID_ROLLED_FWD_FROM)
values (132320, 223206, 8, 0, null, null, 0, null, null);
insert into INSTRUCTIONAL_OFFERING (UNIQUEID, SESSION_ID, INSTR_OFFERING_PERM_ID, NOT_OFFERED, LIMIT, CONSENT_TYPE, DESIGNATOR_REQUIRED, LAST_MODIFIED_TIME, UID_ROLLED_FWD_FROM)
values (132321, 223206, 9, 0, null, null, 0, null, null);
insert into INSTRUCTIONAL_OFFERING (UNIQUEID, SESSION_ID, INSTR_OFFERING_PERM_ID, NOT_OFFERED, LIMIT, CONSENT_TYPE, DESIGNATOR_REQUIRED, LAST_MODIFIED_TIME, UID_ROLLED_FWD_FROM)
values (132322, 223206, 10, 0, null, null, 0, null, null);
insert into INSTRUCTIONAL_OFFERING (UNIQUEID, SESSION_ID, INSTR_OFFERING_PERM_ID, NOT_OFFERED, LIMIT, CONSENT_TYPE, DESIGNATOR_REQUIRED, LAST_MODIFIED_TIME, UID_ROLLED_FWD_FROM)
values (132338, 223206, 166805, 0, null, null, 0, null, null);
insert into INSTRUCTIONAL_OFFERING (UNIQUEID, SESSION_ID, INSTR_OFFERING_PERM_ID, NOT_OFFERED, LIMIT, CONSENT_TYPE, DESIGNATOR_REQUIRED, LAST_MODIFIED_TIME, UID_ROLLED_FWD_FROM)
values (132324, 223206, 12, 0, null, null, 0, null, null);
insert into INSTRUCTIONAL_OFFERING (UNIQUEID, SESSION_ID, INSTR_OFFERING_PERM_ID, NOT_OFFERED, LIMIT, CONSENT_TYPE, DESIGNATOR_REQUIRED, LAST_MODIFIED_TIME, UID_ROLLED_FWD_FROM)
values (132325, 223206, 13, 0, null, null, 0, null, null);
insert into INSTRUCTIONAL_OFFERING (UNIQUEID, SESSION_ID, INSTR_OFFERING_PERM_ID, NOT_OFFERED, LIMIT, CONSENT_TYPE, DESIGNATOR_REQUIRED, LAST_MODIFIED_TIME, UID_ROLLED_FWD_FROM)
values (132326, 223206, 14, 0, null, null, 0, null, null);
insert into INSTRUCTIONAL_OFFERING (UNIQUEID, SESSION_ID, INSTR_OFFERING_PERM_ID, NOT_OFFERED, LIMIT, CONSENT_TYPE, DESIGNATOR_REQUIRED, LAST_MODIFIED_TIME, UID_ROLLED_FWD_FROM)
values (132327, 223206, 15, 0, null, null, 0, null, null);
insert into INSTRUCTIONAL_OFFERING (UNIQUEID, SESSION_ID, INSTR_OFFERING_PERM_ID, NOT_OFFERED, LIMIT, CONSENT_TYPE, DESIGNATOR_REQUIRED, LAST_MODIFIED_TIME, UID_ROLLED_FWD_FROM)
values (132328, 223206, 16, 1, null, null, 0, null, null);
insert into INSTRUCTIONAL_OFFERING (UNIQUEID, SESSION_ID, INSTR_OFFERING_PERM_ID, NOT_OFFERED, LIMIT, CONSENT_TYPE, DESIGNATOR_REQUIRED, LAST_MODIFIED_TIME, UID_ROLLED_FWD_FROM)
values (132329, 223206, 17, 0, null, null, 0, null, null);
insert into INSTRUCTIONAL_OFFERING (UNIQUEID, SESSION_ID, INSTR_OFFERING_PERM_ID, NOT_OFFERED, LIMIT, CONSENT_TYPE, DESIGNATOR_REQUIRED, LAST_MODIFIED_TIME, UID_ROLLED_FWD_FROM)
values (132330, 223206, 18, 0, null, null, 0, null, null);
commit;
prompt 23 records loaded
prompt Loading INSTR_OFFERING_CONFIG...
insert into INSTR_OFFERING_CONFIG (UNIQUEID, CONFIG_LIMIT, INSTR_OFFR_ID, UNLIMITED_ENROLLMENT, NAME, LAST_MODIFIED_TIME, UID_ROLLED_FWD_FROM)
values (36966, 12, 132331, 0, '1', null, null);
insert into INSTR_OFFERING_CONFIG (UNIQUEID, CONFIG_LIMIT, INSTR_OFFR_ID, UNLIMITED_ENROLLMENT, NAME, LAST_MODIFIED_TIME, UID_ROLLED_FWD_FROM)
values (36967, 3, 132334, 0, '1', null, null);
insert into INSTR_OFFERING_CONFIG (UNIQUEID, CONFIG_LIMIT, INSTR_OFFR_ID, UNLIMITED_ENROLLMENT, NAME, LAST_MODIFIED_TIME, UID_ROLLED_FWD_FROM)
values (36968, 3, 132335, 0, '1', null, null);
insert into INSTR_OFFERING_CONFIG (UNIQUEID, CONFIG_LIMIT, INSTR_OFFR_ID, UNLIMITED_ENROLLMENT, NAME, LAST_MODIFIED_TIME, UID_ROLLED_FWD_FROM)
values (36969, 2, 132336, 0, '1', null, null);
insert into INSTR_OFFERING_CONFIG (UNIQUEID, CONFIG_LIMIT, INSTR_OFFR_ID, UNLIMITED_ENROLLMENT, NAME, LAST_MODIFIED_TIME, UID_ROLLED_FWD_FROM)
values (36970, 4, 132337, 0, '1', null, null);
insert into INSTR_OFFERING_CONFIG (UNIQUEID, CONFIG_LIMIT, INSTR_OFFR_ID, UNLIMITED_ENROLLMENT, NAME, LAST_MODIFIED_TIME, UID_ROLLED_FWD_FROM)
values (36948, 2, 132313, 0, '1', null, null);
insert into INSTR_OFFERING_CONFIG (UNIQUEID, CONFIG_LIMIT, INSTR_OFFR_ID, UNLIMITED_ENROLLMENT, NAME, LAST_MODIFIED_TIME, UID_ROLLED_FWD_FROM)
values (36949, 11, 132314, 0, '1', null, null);
insert into INSTR_OFFERING_CONFIG (UNIQUEID, CONFIG_LIMIT, INSTR_OFFR_ID, UNLIMITED_ENROLLMENT, NAME, LAST_MODIFIED_TIME, UID_ROLLED_FWD_FROM)
values (36950, 4, 132315, 0, '1', null, null);
insert into INSTR_OFFERING_CONFIG (UNIQUEID, CONFIG_LIMIT, INSTR_OFFR_ID, UNLIMITED_ENROLLMENT, NAME, LAST_MODIFIED_TIME, UID_ROLLED_FWD_FROM)
values (36951, 4, 132316, 0, '1', null, null);
insert into INSTR_OFFERING_CONFIG (UNIQUEID, CONFIG_LIMIT, INSTR_OFFR_ID, UNLIMITED_ENROLLMENT, NAME, LAST_MODIFIED_TIME, UID_ROLLED_FWD_FROM)
values (36952, 12, 132317, 0, '1', null, null);
insert into INSTR_OFFERING_CONFIG (UNIQUEID, CONFIG_LIMIT, INSTR_OFFR_ID, UNLIMITED_ENROLLMENT, NAME, LAST_MODIFIED_TIME, UID_ROLLED_FWD_FROM)
values (36953, 4, 132318, 0, '1', null, null);
insert into INSTR_OFFERING_CONFIG (UNIQUEID, CONFIG_LIMIT, INSTR_OFFR_ID, UNLIMITED_ENROLLMENT, NAME, LAST_MODIFIED_TIME, UID_ROLLED_FWD_FROM)
values (36954, 9, 132319, 0, '1', null, null);
insert into INSTR_OFFERING_CONFIG (UNIQUEID, CONFIG_LIMIT, INSTR_OFFR_ID, UNLIMITED_ENROLLMENT, NAME, LAST_MODIFIED_TIME, UID_ROLLED_FWD_FROM)
values (36955, 10, 132320, 0, '1', null, null);
insert into INSTR_OFFERING_CONFIG (UNIQUEID, CONFIG_LIMIT, INSTR_OFFR_ID, UNLIMITED_ENROLLMENT, NAME, LAST_MODIFIED_TIME, UID_ROLLED_FWD_FROM)
values (36956, 4, 132321, 0, '1', null, null);
insert into INSTR_OFFERING_CONFIG (UNIQUEID, CONFIG_LIMIT, INSTR_OFFR_ID, UNLIMITED_ENROLLMENT, NAME, LAST_MODIFIED_TIME, UID_ROLLED_FWD_FROM)
values (36957, 4, 132322, 0, '1', null, null);
insert into INSTR_OFFERING_CONFIG (UNIQUEID, CONFIG_LIMIT, INSTR_OFFR_ID, UNLIMITED_ENROLLMENT, NAME, LAST_MODIFIED_TIME, UID_ROLLED_FWD_FROM)
values (36971, 3, 132338, 0, '1', null, null);
insert into INSTR_OFFERING_CONFIG (UNIQUEID, CONFIG_LIMIT, INSTR_OFFR_ID, UNLIMITED_ENROLLMENT, NAME, LAST_MODIFIED_TIME, UID_ROLLED_FWD_FROM)
values (36959, 2, 132324, 0, '1', null, null);
insert into INSTR_OFFERING_CONFIG (UNIQUEID, CONFIG_LIMIT, INSTR_OFFR_ID, UNLIMITED_ENROLLMENT, NAME, LAST_MODIFIED_TIME, UID_ROLLED_FWD_FROM)
values (36960, 5, 132325, 0, '1', null, null);
insert into INSTR_OFFERING_CONFIG (UNIQUEID, CONFIG_LIMIT, INSTR_OFFR_ID, UNLIMITED_ENROLLMENT, NAME, LAST_MODIFIED_TIME, UID_ROLLED_FWD_FROM)
values (36961, 4, 132326, 0, '1', null, null);
insert into INSTR_OFFERING_CONFIG (UNIQUEID, CONFIG_LIMIT, INSTR_OFFR_ID, UNLIMITED_ENROLLMENT, NAME, LAST_MODIFIED_TIME, UID_ROLLED_FWD_FROM)
values (36962, 4, 132327, 0, '1', null, null);
insert into INSTR_OFFERING_CONFIG (UNIQUEID, CONFIG_LIMIT, INSTR_OFFR_ID, UNLIMITED_ENROLLMENT, NAME, LAST_MODIFIED_TIME, UID_ROLLED_FWD_FROM)
values (36963, 2, 132328, 0, '1', null, null);
insert into INSTR_OFFERING_CONFIG (UNIQUEID, CONFIG_LIMIT, INSTR_OFFR_ID, UNLIMITED_ENROLLMENT, NAME, LAST_MODIFIED_TIME, UID_ROLLED_FWD_FROM)
values (36964, 4, 132329, 0, '1', null, null);
insert into INSTR_OFFERING_CONFIG (UNIQUEID, CONFIG_LIMIT, INSTR_OFFR_ID, UNLIMITED_ENROLLMENT, NAME, LAST_MODIFIED_TIME, UID_ROLLED_FWD_FROM)
values (36965, 4, 132330, 0, '1', null, null);
commit;
prompt 23 records loaded
prompt Loading ITYPE_DESC...
insert into ITYPE_DESC (ITYPE, ABBV, DESCRIPTION, SIS_REF, SMAS_ABBV, BASIC)
values (10, ' ', 'Lecture', 'lec', 'Lec  ', 1);
insert into ITYPE_DESC (ITYPE, ABBV, DESCRIPTION, SIS_REF, SMAS_ABBV, BASIC)
values (11, ' ', 'Lecture 1', 'lec', 'Lec 1', 0);
insert into ITYPE_DESC (ITYPE, ABBV, DESCRIPTION, SIS_REF, SMAS_ABBV, BASIC)
values (12, ' ', 'Lecture 2', 'lec', 'Lec 2', 0);
insert into ITYPE_DESC (ITYPE, ABBV, DESCRIPTION, SIS_REF, SMAS_ABBV, BASIC)
values (13, ' ', 'Lecture 3', 'lec', 'Lec 3', 0);
insert into ITYPE_DESC (ITYPE, ABBV, DESCRIPTION, SIS_REF, SMAS_ABBV, BASIC)
values (14, ' ', 'Lecture 4', 'lec', 'Lec 4', 0);
insert into ITYPE_DESC (ITYPE, ABBV, DESCRIPTION, SIS_REF, SMAS_ABBV, BASIC)
values (15, ' ', 'Lecture 5', 'lec', 'Lec 5', 0);
insert into ITYPE_DESC (ITYPE, ABBV, DESCRIPTION, SIS_REF, SMAS_ABBV, BASIC)
values (16, ' ', 'Lecture 6', 'lec', 'Lec 6', 0);
insert into ITYPE_DESC (ITYPE, ABBV, DESCRIPTION, SIS_REF, SMAS_ABBV, BASIC)
values (17, ' ', 'Lecture 7', 'lec', 'Lec 7', 0);
insert into ITYPE_DESC (ITYPE, ABBV, DESCRIPTION, SIS_REF, SMAS_ABBV, BASIC)
values (18, ' ', 'Lecture 8', 'lec', 'Lec 8', 0);
insert into ITYPE_DESC (ITYPE, ABBV, DESCRIPTION, SIS_REF, SMAS_ABBV, BASIC)
values (19, ' ', 'Lecture 9', 'lec', 'Lec 9', 0);
insert into ITYPE_DESC (ITYPE, ABBV, DESCRIPTION, SIS_REF, SMAS_ABBV, BASIC)
values (20, ' ', 'Recitation', 'rec', 'Rec  ', 1);
insert into ITYPE_DESC (ITYPE, ABBV, DESCRIPTION, SIS_REF, SMAS_ABBV, BASIC)
values (21, ' ', 'Recitation 1', 'rec', 'Rec 1', 0);
insert into ITYPE_DESC (ITYPE, ABBV, DESCRIPTION, SIS_REF, SMAS_ABBV, BASIC)
values (22, ' ', 'Recitation 2', 'rec', 'Rec 2', 0);
insert into ITYPE_DESC (ITYPE, ABBV, DESCRIPTION, SIS_REF, SMAS_ABBV, BASIC)
values (23, ' ', 'Recitation 3', 'rec', 'Rec 3', 0);
insert into ITYPE_DESC (ITYPE, ABBV, DESCRIPTION, SIS_REF, SMAS_ABBV, BASIC)
values (24, ' ', 'Recitation 4', 'rec', 'Rec 4', 0);
insert into ITYPE_DESC (ITYPE, ABBV, DESCRIPTION, SIS_REF, SMAS_ABBV, BASIC)
values (25, ' ', 'Presentation', 'prsn', 'Prsn ', 1);
insert into ITYPE_DESC (ITYPE, ABBV, DESCRIPTION, SIS_REF, SMAS_ABBV, BASIC)
values (26, ' ', 'Presentation 1', 'prsn', 'Prsn1', 0);
insert into ITYPE_DESC (ITYPE, ABBV, DESCRIPTION, SIS_REF, SMAS_ABBV, BASIC)
values (27, ' ', 'Presentation 2', 'prsn', 'Prsn2', 0);
insert into ITYPE_DESC (ITYPE, ABBV, DESCRIPTION, SIS_REF, SMAS_ABBV, BASIC)
values (28, ' ', 'Presentation 3 ', 'prsn', 'Prsn3', 0);
insert into ITYPE_DESC (ITYPE, ABBV, DESCRIPTION, SIS_REF, SMAS_ABBV, BASIC)
values (29, ' ', 'Presentation 4', 'prsn', 'Prsn4', 0);
insert into ITYPE_DESC (ITYPE, ABBV, DESCRIPTION, SIS_REF, SMAS_ABBV, BASIC)
values (30, ' ', 'Laboratory', 'lab', 'Lab  ', 1);
insert into ITYPE_DESC (ITYPE, ABBV, DESCRIPTION, SIS_REF, SMAS_ABBV, BASIC)
values (31, ' ', 'Laboratory 1', 'lab', 'Lab 1', 0);
insert into ITYPE_DESC (ITYPE, ABBV, DESCRIPTION, SIS_REF, SMAS_ABBV, BASIC)
values (32, ' ', 'Laboratory 2', 'lab', 'Lab 2', 0);
insert into ITYPE_DESC (ITYPE, ABBV, DESCRIPTION, SIS_REF, SMAS_ABBV, BASIC)
values (33, ' ', 'Laboratory 3', 'lab', 'Lab 3', 0);
insert into ITYPE_DESC (ITYPE, ABBV, DESCRIPTION, SIS_REF, SMAS_ABBV, BASIC)
values (34, ' ', 'Laboratory 4', 'lab', 'Lab 4', 0);
insert into ITYPE_DESC (ITYPE, ABBV, DESCRIPTION, SIS_REF, SMAS_ABBV, BASIC)
values (35, ' ', 'Laboratory Preparation', 'labP', 'LabP ', 1);
insert into ITYPE_DESC (ITYPE, ABBV, DESCRIPTION, SIS_REF, SMAS_ABBV, BASIC)
values (36, ' ', 'Laboratory Preparation 1', 'labP', 'LabP1', 0);
insert into ITYPE_DESC (ITYPE, ABBV, DESCRIPTION, SIS_REF, SMAS_ABBV, BASIC)
values (37, ' ', 'Laboratory Preparation 2', 'labP', 'LabP2', 0);
insert into ITYPE_DESC (ITYPE, ABBV, DESCRIPTION, SIS_REF, SMAS_ABBV, BASIC)
values (38, ' ', 'Laboratory Preparation 3', 'labP', 'LabP3', 0);
insert into ITYPE_DESC (ITYPE, ABBV, DESCRIPTION, SIS_REF, SMAS_ABBV, BASIC)
values (39, ' ', 'Laboratory Preparation 4', 'labP', 'LabP4', 0);
insert into ITYPE_DESC (ITYPE, ABBV, DESCRIPTION, SIS_REF, SMAS_ABBV, BASIC)
values (40, ' ', 'Studio', 'stdo', 'Stdo ', 1);
insert into ITYPE_DESC (ITYPE, ABBV, DESCRIPTION, SIS_REF, SMAS_ABBV, BASIC)
values (41, ' ', 'Studio 1', 'stdo', 'Stdo1', 0);
insert into ITYPE_DESC (ITYPE, ABBV, DESCRIPTION, SIS_REF, SMAS_ABBV, BASIC)
values (42, ' ', 'Studio 2', 'stdo', 'Stdo2', 0);
insert into ITYPE_DESC (ITYPE, ABBV, DESCRIPTION, SIS_REF, SMAS_ABBV, BASIC)
values (43, ' ', 'Studio 3', 'stdo', 'Stdo3', 0);
insert into ITYPE_DESC (ITYPE, ABBV, DESCRIPTION, SIS_REF, SMAS_ABBV, BASIC)
values (44, ' ', 'Studio 4', 'stdo', 'Stdo4', 0);
insert into ITYPE_DESC (ITYPE, ABBV, DESCRIPTION, SIS_REF, SMAS_ABBV, BASIC)
values (45, ' ', 'Distance Learning', 'dist', 'Dist ', 1);
insert into ITYPE_DESC (ITYPE, ABBV, DESCRIPTION, SIS_REF, SMAS_ABBV, BASIC)
values (46, ' ', 'Distance Learning 1', 'dist', 'Dist1', 0);
insert into ITYPE_DESC (ITYPE, ABBV, DESCRIPTION, SIS_REF, SMAS_ABBV, BASIC)
values (47, ' ', 'Distance Learning 2', 'dist', 'Dist2', 0);
insert into ITYPE_DESC (ITYPE, ABBV, DESCRIPTION, SIS_REF, SMAS_ABBV, BASIC)
values (48, ' ', 'Distance Learning 3', 'dist', 'Dist3', 0);
insert into ITYPE_DESC (ITYPE, ABBV, DESCRIPTION, SIS_REF, SMAS_ABBV, BASIC)
values (49, ' ', 'Distance Learning 4', 'dist', 'Dist4', 0);
insert into ITYPE_DESC (ITYPE, ABBV, DESCRIPTION, SIS_REF, SMAS_ABBV, BASIC)
values (50, ' ', 'Clinic', 'clin', 'Clin ', 1);
insert into ITYPE_DESC (ITYPE, ABBV, DESCRIPTION, SIS_REF, SMAS_ABBV, BASIC)
values (51, ' ', 'Clinic 1', 'clin', 'Clin1', 0);
insert into ITYPE_DESC (ITYPE, ABBV, DESCRIPTION, SIS_REF, SMAS_ABBV, BASIC)
values (52, ' ', 'Clinic 2', 'clin', 'Clin2', 0);
insert into ITYPE_DESC (ITYPE, ABBV, DESCRIPTION, SIS_REF, SMAS_ABBV, BASIC)
values (53, ' ', 'Clinic 3', 'clin', 'Clin3', 0);
insert into ITYPE_DESC (ITYPE, ABBV, DESCRIPTION, SIS_REF, SMAS_ABBV, BASIC)
values (54, ' ', 'Clinic 4', 'clin', 'Clin4', 0);
insert into ITYPE_DESC (ITYPE, ABBV, DESCRIPTION, SIS_REF, SMAS_ABBV, BASIC)
values (55, ' ', 'Clinic 5', 'clin', 'Clin5', 0);
insert into ITYPE_DESC (ITYPE, ABBV, DESCRIPTION, SIS_REF, SMAS_ABBV, BASIC)
values (56, ' ', 'Clinic 6', 'clin', 'Clin6', 0);
insert into ITYPE_DESC (ITYPE, ABBV, DESCRIPTION, SIS_REF, SMAS_ABBV, BASIC)
values (57, ' ', 'Clinic 7', 'clin', 'Clin7', 0);
insert into ITYPE_DESC (ITYPE, ABBV, DESCRIPTION, SIS_REF, SMAS_ABBV, BASIC)
values (58, ' ', 'Clinic 8', 'clin', 'Clin8', 0);
insert into ITYPE_DESC (ITYPE, ABBV, DESCRIPTION, SIS_REF, SMAS_ABBV, BASIC)
values (59, ' ', 'Clinic 9', 'clin', 'Clin9', 0);
insert into ITYPE_DESC (ITYPE, ABBV, DESCRIPTION, SIS_REF, SMAS_ABBV, BASIC)
values (60, ' ', 'Experiential', 'expr', 'Expr ', 1);
insert into ITYPE_DESC (ITYPE, ABBV, DESCRIPTION, SIS_REF, SMAS_ABBV, BASIC)
values (61, ' ', 'Experiential 1', 'expr', 'Expr1', 0);
insert into ITYPE_DESC (ITYPE, ABBV, DESCRIPTION, SIS_REF, SMAS_ABBV, BASIC)
values (62, ' ', 'Experiential 2', 'expr', 'Expr2', 0);
insert into ITYPE_DESC (ITYPE, ABBV, DESCRIPTION, SIS_REF, SMAS_ABBV, BASIC)
values (63, ' ', 'Experiential 3', 'expr', 'Expr3', 0);
insert into ITYPE_DESC (ITYPE, ABBV, DESCRIPTION, SIS_REF, SMAS_ABBV, BASIC)
values (64, ' ', 'Experiential 4', 'expr', 'Expr4', 0);
insert into ITYPE_DESC (ITYPE, ABBV, DESCRIPTION, SIS_REF, SMAS_ABBV, BASIC)
values (65, ' ', 'Experiential 5', 'expr', 'Expr5', 0);
insert into ITYPE_DESC (ITYPE, ABBV, DESCRIPTION, SIS_REF, SMAS_ABBV, BASIC)
values (66, ' ', 'Experiential 6', 'expr', 'Expr6', 0);
insert into ITYPE_DESC (ITYPE, ABBV, DESCRIPTION, SIS_REF, SMAS_ABBV, BASIC)
values (67, ' ', 'Experiential 7', 'expr', 'Expr7', 0);
insert into ITYPE_DESC (ITYPE, ABBV, DESCRIPTION, SIS_REF, SMAS_ABBV, BASIC)
values (68, ' ', 'Experiential 8', 'expr', 'Expr8', 0);
insert into ITYPE_DESC (ITYPE, ABBV, DESCRIPTION, SIS_REF, SMAS_ABBV, BASIC)
values (69, ' ', 'Experiential 9', 'expr', 'Expr9', 0);
insert into ITYPE_DESC (ITYPE, ABBV, DESCRIPTION, SIS_REF, SMAS_ABBV, BASIC)
values (70, ' ', 'Research', 'res', 'Res  ', 1);
insert into ITYPE_DESC (ITYPE, ABBV, DESCRIPTION, SIS_REF, SMAS_ABBV, BASIC)
values (71, ' ', 'Research 1', 'res', 'Res 1', 0);
insert into ITYPE_DESC (ITYPE, ABBV, DESCRIPTION, SIS_REF, SMAS_ABBV, BASIC)
values (72, ' ', 'Research 2', 'res', 'Res 2', 0);
insert into ITYPE_DESC (ITYPE, ABBV, DESCRIPTION, SIS_REF, SMAS_ABBV, BASIC)
values (73, ' ', 'Research 3', 'res', 'Res 3', 0);
insert into ITYPE_DESC (ITYPE, ABBV, DESCRIPTION, SIS_REF, SMAS_ABBV, BASIC)
values (74, ' ', 'Research 4', 'res', 'Res 4', 0);
insert into ITYPE_DESC (ITYPE, ABBV, DESCRIPTION, SIS_REF, SMAS_ABBV, BASIC)
values (75, ' ', 'Research 5', 'res', 'Res 5', 0);
insert into ITYPE_DESC (ITYPE, ABBV, DESCRIPTION, SIS_REF, SMAS_ABBV, BASIC)
values (76, ' ', 'Research 6', 'res', 'Res 6', 0);
insert into ITYPE_DESC (ITYPE, ABBV, DESCRIPTION, SIS_REF, SMAS_ABBV, BASIC)
values (77, ' ', 'Research 7', 'res', 'Res 7', 0);
insert into ITYPE_DESC (ITYPE, ABBV, DESCRIPTION, SIS_REF, SMAS_ABBV, BASIC)
values (78, ' ', 'Research 8', 'res', 'Res 8', 0);
insert into ITYPE_DESC (ITYPE, ABBV, DESCRIPTION, SIS_REF, SMAS_ABBV, BASIC)
values (79, ' ', 'Research 9', 'res', 'Res 9', 0);
insert into ITYPE_DESC (ITYPE, ABBV, DESCRIPTION, SIS_REF, SMAS_ABBV, BASIC)
values (80, ' ', 'Individual Study', 'ind', 'Ind  ', 1);
insert into ITYPE_DESC (ITYPE, ABBV, DESCRIPTION, SIS_REF, SMAS_ABBV, BASIC)
values (81, ' ', 'Individual Study 1', 'ind', 'Ind 1', 0);
insert into ITYPE_DESC (ITYPE, ABBV, DESCRIPTION, SIS_REF, SMAS_ABBV, BASIC)
values (82, ' ', 'Individual Study 2', 'ind', 'Ind 2', 0);
insert into ITYPE_DESC (ITYPE, ABBV, DESCRIPTION, SIS_REF, SMAS_ABBV, BASIC)
values (83, ' ', 'Individual Study 3', 'ind', 'Ind 3', 0);
insert into ITYPE_DESC (ITYPE, ABBV, DESCRIPTION, SIS_REF, SMAS_ABBV, BASIC)
values (84, ' ', 'Individual Study 4', 'ind', 'Ind 4', 0);
insert into ITYPE_DESC (ITYPE, ABBV, DESCRIPTION, SIS_REF, SMAS_ABBV, BASIC)
values (85, ' ', 'Individual Study 5', 'ind', 'Ind 5', 0);
insert into ITYPE_DESC (ITYPE, ABBV, DESCRIPTION, SIS_REF, SMAS_ABBV, BASIC)
values (86, ' ', 'Individual Study 6', 'ind', 'Ind 6', 0);
insert into ITYPE_DESC (ITYPE, ABBV, DESCRIPTION, SIS_REF, SMAS_ABBV, BASIC)
values (87, ' ', 'Individual Study 7', 'ind', 'Ind 7', 0);
insert into ITYPE_DESC (ITYPE, ABBV, DESCRIPTION, SIS_REF, SMAS_ABBV, BASIC)
values (88, ' ', 'Individual Study 8', 'ind', 'Ind 8', 0);
insert into ITYPE_DESC (ITYPE, ABBV, DESCRIPTION, SIS_REF, SMAS_ABBV, BASIC)
values (89, ' ', 'Individual Study 9', 'ind', 'Ind 9', 0);
insert into ITYPE_DESC (ITYPE, ABBV, DESCRIPTION, SIS_REF, SMAS_ABBV, BASIC)
values (90, ' ', 'Practice Study Observation', 'pso', 'Pso  ', 1);
insert into ITYPE_DESC (ITYPE, ABBV, DESCRIPTION, SIS_REF, SMAS_ABBV, BASIC)
values (91, ' ', 'Practice Study Observation 1', 'pso', 'Pso 1', 0);
insert into ITYPE_DESC (ITYPE, ABBV, DESCRIPTION, SIS_REF, SMAS_ABBV, BASIC)
values (92, ' ', 'Practice Study Observation 2', 'pso', 'Pso 2', 0);
insert into ITYPE_DESC (ITYPE, ABBV, DESCRIPTION, SIS_REF, SMAS_ABBV, BASIC)
values (93, ' ', 'Practice Study Observation 3', 'pso', 'Pso 3', 0);
insert into ITYPE_DESC (ITYPE, ABBV, DESCRIPTION, SIS_REF, SMAS_ABBV, BASIC)
values (94, ' ', 'Practice Study Observation 4', 'pso', 'Pso 4', 0);
insert into ITYPE_DESC (ITYPE, ABBV, DESCRIPTION, SIS_REF, SMAS_ABBV, BASIC)
values (95, ' ', 'Practice Study Observation 5', 'pso', 'Pso 5', 0);
insert into ITYPE_DESC (ITYPE, ABBV, DESCRIPTION, SIS_REF, SMAS_ABBV, BASIC)
values (96, ' ', 'Practice Study Observation 6', 'pso', 'Pso 6', 0);
insert into ITYPE_DESC (ITYPE, ABBV, DESCRIPTION, SIS_REF, SMAS_ABBV, BASIC)
values (97, ' ', 'Practice Study Observation 7', 'pso', 'Pso 7', 0);
insert into ITYPE_DESC (ITYPE, ABBV, DESCRIPTION, SIS_REF, SMAS_ABBV, BASIC)
values (98, ' ', 'Practice Study Observation 8', 'pso', 'Pso 8', 0);
insert into ITYPE_DESC (ITYPE, ABBV, DESCRIPTION, SIS_REF, SMAS_ABBV, BASIC)
values (99, ' ', 'Practice Study Observation 9', 'pso', 'Pso 9', 0);
commit;
prompt 90 records loaded
prompt Loading SCHEDULING_SUBPART...
insert into SCHEDULING_SUBPART (UNIQUEID, MIN_PER_WK, PARENT, CONFIG_ID, ITYPE, DATE_PATTERN_ID, AUTO_TIME_SPREAD, SUBPART_SUFFIX, STUDENT_ALLOW_OVERLAP, LAST_MODIFIED_TIME, UID_ROLLED_FWD_FROM)
values (223790, 50, 223367, 36963, 30, null, 1, '-', 0, null, null);
insert into SCHEDULING_SUBPART (UNIQUEID, MIN_PER_WK, PARENT, CONFIG_ID, ITYPE, DATE_PATTERN_ID, AUTO_TIME_SPREAD, SUBPART_SUFFIX, STUDENT_ALLOW_OVERLAP, LAST_MODIFIED_TIME, UID_ROLLED_FWD_FROM)
values (223799, 50, 223377, 36965, 30, null, 1, '-', 0, null, null);
insert into SCHEDULING_SUBPART (UNIQUEID, MIN_PER_WK, PARENT, CONFIG_ID, ITYPE, DATE_PATTERN_ID, AUTO_TIME_SPREAD, SUBPART_SUFFIX, STUDENT_ALLOW_OVERLAP, LAST_MODIFIED_TIME, UID_ROLLED_FWD_FROM)
values (223815, 50, 223255, 36952, 20, null, 1, '-', 0, null, null);
insert into SCHEDULING_SUBPART (UNIQUEID, MIN_PER_WK, PARENT, CONFIG_ID, ITYPE, DATE_PATTERN_ID, AUTO_TIME_SPREAD, SUBPART_SUFFIX, STUDENT_ALLOW_OVERLAP, LAST_MODIFIED_TIME, UID_ROLLED_FWD_FROM)
values (223848, 50, 223309, 36955, 30, null, 1, '-', 0, null, null);
insert into SCHEDULING_SUBPART (UNIQUEID, MIN_PER_WK, PARENT, CONFIG_ID, ITYPE, DATE_PATTERN_ID, AUTO_TIME_SPREAD, SUBPART_SUFFIX, STUDENT_ALLOW_OVERLAP, LAST_MODIFIED_TIME, UID_ROLLED_FWD_FROM)
values (223867, 150, null, 36966, 10, null, 1, '-', 0, null, null);
insert into SCHEDULING_SUBPART (UNIQUEID, MIN_PER_WK, PARENT, CONFIG_ID, ITYPE, DATE_PATTERN_ID, AUTO_TIME_SPREAD, SUBPART_SUFFIX, STUDENT_ALLOW_OVERLAP, LAST_MODIFIED_TIME, UID_ROLLED_FWD_FROM)
values (223868, 50, 223867, 36966, 20, null, 1, '-', 0, null, null);
insert into SCHEDULING_SUBPART (UNIQUEID, MIN_PER_WK, PARENT, CONFIG_ID, ITYPE, DATE_PATTERN_ID, AUTO_TIME_SPREAD, SUBPART_SUFFIX, STUDENT_ALLOW_OVERLAP, LAST_MODIFIED_TIME, UID_ROLLED_FWD_FROM)
values (223901, 50, null, 36949, 20, null, 1, '-', 0, null, null);
insert into SCHEDULING_SUBPART (UNIQUEID, MIN_PER_WK, PARENT, CONFIG_ID, ITYPE, DATE_PATTERN_ID, AUTO_TIME_SPREAD, SUBPART_SUFFIX, STUDENT_ALLOW_OVERLAP, LAST_MODIFIED_TIME, UID_ROLLED_FWD_FROM)
values (223913, 100, null, 36949, 30, null, 1, '-', 0, null, null);
insert into SCHEDULING_SUBPART (UNIQUEID, MIN_PER_WK, PARENT, CONFIG_ID, ITYPE, DATE_PATTERN_ID, AUTO_TIME_SPREAD, SUBPART_SUFFIX, STUDENT_ALLOW_OVERLAP, LAST_MODIFIED_TIME, UID_ROLLED_FWD_FROM)
values (223925, 50, null, 36949, 90, null, 1, '-', 0, null, null);
insert into SCHEDULING_SUBPART (UNIQUEID, MIN_PER_WK, PARENT, CONFIG_ID, ITYPE, DATE_PATTERN_ID, AUTO_TIME_SPREAD, SUBPART_SUFFIX, STUDENT_ALLOW_OVERLAP, LAST_MODIFIED_TIME, UID_ROLLED_FWD_FROM)
values (223937, 100, null, 36967, 10, null, 1, '-', 0, null, null);
insert into SCHEDULING_SUBPART (UNIQUEID, MIN_PER_WK, PARENT, CONFIG_ID, ITYPE, DATE_PATTERN_ID, AUTO_TIME_SPREAD, SUBPART_SUFFIX, STUDENT_ALLOW_OVERLAP, LAST_MODIFIED_TIME, UID_ROLLED_FWD_FROM)
values (223939, 100, null, 36967, 30, null, 1, '-', 0, null, null);
insert into SCHEDULING_SUBPART (UNIQUEID, MIN_PER_WK, PARENT, CONFIG_ID, ITYPE, DATE_PATTERN_ID, AUTO_TIME_SPREAD, SUBPART_SUFFIX, STUDENT_ALLOW_OVERLAP, LAST_MODIFIED_TIME, UID_ROLLED_FWD_FROM)
values (223948, 100, null, 36950, 30, null, 1, '-', 0, null, null);
insert into SCHEDULING_SUBPART (UNIQUEID, MIN_PER_WK, PARENT, CONFIG_ID, ITYPE, DATE_PATTERN_ID, AUTO_TIME_SPREAD, SUBPART_SUFFIX, STUDENT_ALLOW_OVERLAP, LAST_MODIFIED_TIME, UID_ROLLED_FWD_FROM)
values (223995, 100, null, 36968, 10, null, 1, '-', 0, null, null);
insert into SCHEDULING_SUBPART (UNIQUEID, MIN_PER_WK, PARENT, CONFIG_ID, ITYPE, DATE_PATTERN_ID, AUTO_TIME_SPREAD, SUBPART_SUFFIX, STUDENT_ALLOW_OVERLAP, LAST_MODIFIED_TIME, UID_ROLLED_FWD_FROM)
values (223997, 100, null, 36968, 30, null, 1, '-', 0, null, null);
insert into SCHEDULING_SUBPART (UNIQUEID, MIN_PER_WK, PARENT, CONFIG_ID, ITYPE, DATE_PATTERN_ID, AUTO_TIME_SPREAD, SUBPART_SUFFIX, STUDENT_ALLOW_OVERLAP, LAST_MODIFIED_TIME, UID_ROLLED_FWD_FROM)
values (224004, 50, 223323, 36956, 30, null, 1, '-', 0, null, null);
insert into SCHEDULING_SUBPART (UNIQUEID, MIN_PER_WK, PARENT, CONFIG_ID, ITYPE, DATE_PATTERN_ID, AUTO_TIME_SPREAD, SUBPART_SUFFIX, STUDENT_ALLOW_OVERLAP, LAST_MODIFIED_TIME, UID_ROLLED_FWD_FROM)
values (224016, 150, null, 36969, 10, null, 1, '-', 0, null, null);
insert into SCHEDULING_SUBPART (UNIQUEID, MIN_PER_WK, PARENT, CONFIG_ID, ITYPE, DATE_PATTERN_ID, AUTO_TIME_SPREAD, SUBPART_SUFFIX, STUDENT_ALLOW_OVERLAP, LAST_MODIFIED_TIME, UID_ROLLED_FWD_FROM)
values (224021, 50, null, 36970, 10, null, 1, '-', 0, null, null);
insert into SCHEDULING_SUBPART (UNIQUEID, MIN_PER_WK, PARENT, CONFIG_ID, ITYPE, DATE_PATTERN_ID, AUTO_TIME_SPREAD, SUBPART_SUFFIX, STUDENT_ALLOW_OVERLAP, LAST_MODIFIED_TIME, UID_ROLLED_FWD_FROM)
values (224030, 50, 223349, 36960, 20, null, 1, '-', 0, null, null);
insert into SCHEDULING_SUBPART (UNIQUEID, MIN_PER_WK, PARENT, CONFIG_ID, ITYPE, DATE_PATTERN_ID, AUTO_TIME_SPREAD, SUBPART_SUFFIX, STUDENT_ALLOW_OVERLAP, LAST_MODIFIED_TIME, UID_ROLLED_FWD_FROM)
values (224031, 100, 224030, 36960, 30, null, 1, '-', 0, null, null);
insert into SCHEDULING_SUBPART (UNIQUEID, MIN_PER_WK, PARENT, CONFIG_ID, ITYPE, DATE_PATTERN_ID, AUTO_TIME_SPREAD, SUBPART_SUFFIX, STUDENT_ALLOW_OVERLAP, LAST_MODIFIED_TIME, UID_ROLLED_FWD_FROM)
values (223228, 150, null, 36948, 10, null, 1, '-', 0, null, null);
insert into SCHEDULING_SUBPART (UNIQUEID, MIN_PER_WK, PARENT, CONFIG_ID, ITYPE, DATE_PATTERN_ID, AUTO_TIME_SPREAD, SUBPART_SUFFIX, STUDENT_ALLOW_OVERLAP, LAST_MODIFIED_TIME, UID_ROLLED_FWD_FROM)
values (223239, 100, null, 36949, 10, null, 1, '-', 0, null, null);
insert into SCHEDULING_SUBPART (UNIQUEID, MIN_PER_WK, PARENT, CONFIG_ID, ITYPE, DATE_PATTERN_ID, AUTO_TIME_SPREAD, SUBPART_SUFFIX, STUDENT_ALLOW_OVERLAP, LAST_MODIFIED_TIME, UID_ROLLED_FWD_FROM)
values (223244, 100, null, 36950, 10, null, 1, '-', 0, null, null);
insert into SCHEDULING_SUBPART (UNIQUEID, MIN_PER_WK, PARENT, CONFIG_ID, ITYPE, DATE_PATTERN_ID, AUTO_TIME_SPREAD, SUBPART_SUFFIX, STUDENT_ALLOW_OVERLAP, LAST_MODIFIED_TIME, UID_ROLLED_FWD_FROM)
values (223248, 500, null, 36951, 10, null, 1, '-', 0, null, null);
insert into SCHEDULING_SUBPART (UNIQUEID, MIN_PER_WK, PARENT, CONFIG_ID, ITYPE, DATE_PATTERN_ID, AUTO_TIME_SPREAD, SUBPART_SUFFIX, STUDENT_ALLOW_OVERLAP, LAST_MODIFIED_TIME, UID_ROLLED_FWD_FROM)
values (223254, 100, null, 36952, 10, null, 1, '-', 0, null, null);
insert into SCHEDULING_SUBPART (UNIQUEID, MIN_PER_WK, PARENT, CONFIG_ID, ITYPE, DATE_PATTERN_ID, AUTO_TIME_SPREAD, SUBPART_SUFFIX, STUDENT_ALLOW_OVERLAP, LAST_MODIFIED_TIME, UID_ROLLED_FWD_FROM)
values (223255, 150, 223254, 36952, 30, null, 1, '-', 0, null, null);
insert into SCHEDULING_SUBPART (UNIQUEID, MIN_PER_WK, PARENT, CONFIG_ID, ITYPE, DATE_PATTERN_ID, AUTO_TIME_SPREAD, SUBPART_SUFFIX, STUDENT_ALLOW_OVERLAP, LAST_MODIFIED_TIME, UID_ROLLED_FWD_FROM)
values (223290, 150, null, 36953, 10, null, 1, '-', 0, null, null);
insert into SCHEDULING_SUBPART (UNIQUEID, MIN_PER_WK, PARENT, CONFIG_ID, ITYPE, DATE_PATTERN_ID, AUTO_TIME_SPREAD, SUBPART_SUFFIX, STUDENT_ALLOW_OVERLAP, LAST_MODIFIED_TIME, UID_ROLLED_FWD_FROM)
values (223296, 150, null, 36954, 10, null, 1, '-', 0, null, null);
insert into SCHEDULING_SUBPART (UNIQUEID, MIN_PER_WK, PARENT, CONFIG_ID, ITYPE, DATE_PATTERN_ID, AUTO_TIME_SPREAD, SUBPART_SUFFIX, STUDENT_ALLOW_OVERLAP, LAST_MODIFIED_TIME, UID_ROLLED_FWD_FROM)
values (223309, 150, null, 36955, 10, null, 1, '-', 0, null, null);
insert into SCHEDULING_SUBPART (UNIQUEID, MIN_PER_WK, PARENT, CONFIG_ID, ITYPE, DATE_PATTERN_ID, AUTO_TIME_SPREAD, SUBPART_SUFFIX, STUDENT_ALLOW_OVERLAP, LAST_MODIFIED_TIME, UID_ROLLED_FWD_FROM)
values (223323, 150, null, 36956, 10, null, 1, '-', 0, null, null);
insert into SCHEDULING_SUBPART (UNIQUEID, MIN_PER_WK, PARENT, CONFIG_ID, ITYPE, DATE_PATTERN_ID, AUTO_TIME_SPREAD, SUBPART_SUFFIX, STUDENT_ALLOW_OVERLAP, LAST_MODIFIED_TIME, UID_ROLLED_FWD_FROM)
values (223329, 150, null, 36957, 10, null, 1, '-', 0, null, null);
insert into SCHEDULING_SUBPART (UNIQUEID, MIN_PER_WK, PARENT, CONFIG_ID, ITYPE, DATE_PATTERN_ID, AUTO_TIME_SPREAD, SUBPART_SUFFIX, STUDENT_ALLOW_OVERLAP, LAST_MODIFIED_TIME, UID_ROLLED_FWD_FROM)
values (224056, 100, null, 36971, 10, null, 1, '-', 0, null, null);
insert into SCHEDULING_SUBPART (UNIQUEID, MIN_PER_WK, PARENT, CONFIG_ID, ITYPE, DATE_PATTERN_ID, AUTO_TIME_SPREAD, SUBPART_SUFFIX, STUDENT_ALLOW_OVERLAP, LAST_MODIFIED_TIME, UID_ROLLED_FWD_FROM)
values (223343, 150, null, 36959, 10, null, 1, '-', 0, null, null);
insert into SCHEDULING_SUBPART (UNIQUEID, MIN_PER_WK, PARENT, CONFIG_ID, ITYPE, DATE_PATTERN_ID, AUTO_TIME_SPREAD, SUBPART_SUFFIX, STUDENT_ALLOW_OVERLAP, LAST_MODIFIED_TIME, UID_ROLLED_FWD_FROM)
values (223349, 100, null, 36960, 10, null, 1, '-', 0, null, null);
insert into SCHEDULING_SUBPART (UNIQUEID, MIN_PER_WK, PARENT, CONFIG_ID, ITYPE, DATE_PATTERN_ID, AUTO_TIME_SPREAD, SUBPART_SUFFIX, STUDENT_ALLOW_OVERLAP, LAST_MODIFIED_TIME, UID_ROLLED_FWD_FROM)
values (223355, 150, null, 36961, 10, null, 1, '-', 0, null, null);
insert into SCHEDULING_SUBPART (UNIQUEID, MIN_PER_WK, PARENT, CONFIG_ID, ITYPE, DATE_PATTERN_ID, AUTO_TIME_SPREAD, SUBPART_SUFFIX, STUDENT_ALLOW_OVERLAP, LAST_MODIFIED_TIME, UID_ROLLED_FWD_FROM)
values (223362, 150, null, 36962, 10, null, 1, '-', 0, null, null);
insert into SCHEDULING_SUBPART (UNIQUEID, MIN_PER_WK, PARENT, CONFIG_ID, ITYPE, DATE_PATTERN_ID, AUTO_TIME_SPREAD, SUBPART_SUFFIX, STUDENT_ALLOW_OVERLAP, LAST_MODIFIED_TIME, UID_ROLLED_FWD_FROM)
values (223367, 150, null, 36963, 10, null, 1, '-', 0, null, null);
insert into SCHEDULING_SUBPART (UNIQUEID, MIN_PER_WK, PARENT, CONFIG_ID, ITYPE, DATE_PATTERN_ID, AUTO_TIME_SPREAD, SUBPART_SUFFIX, STUDENT_ALLOW_OVERLAP, LAST_MODIFIED_TIME, UID_ROLLED_FWD_FROM)
values (223372, 150, null, 36964, 10, null, 1, '-', 0, null, null);
insert into SCHEDULING_SUBPART (UNIQUEID, MIN_PER_WK, PARENT, CONFIG_ID, ITYPE, DATE_PATTERN_ID, AUTO_TIME_SPREAD, SUBPART_SUFFIX, STUDENT_ALLOW_OVERLAP, LAST_MODIFIED_TIME, UID_ROLLED_FWD_FROM)
values (223377, 150, null, 36965, 10, null, 1, '-', 0, null, null);
insert into SCHEDULING_SUBPART (UNIQUEID, MIN_PER_WK, PARENT, CONFIG_ID, ITYPE, DATE_PATTERN_ID, AUTO_TIME_SPREAD, SUBPART_SUFFIX, STUDENT_ALLOW_OVERLAP, LAST_MODIFIED_TIME, UID_ROLLED_FWD_FROM)
values (224058, 100, null, 36971, 30, null, 1, '-', 0, null, null);
commit;
prompt 39 records loaded
prompt Loading CLASS_...
insert into CLASS_ (UNIQUEID, SUBPART_ID, EXPECTED_CAPACITY, NBR_ROOMS, PARENT_CLASS_ID, OWNER_ID, ROOM_CAPACITY, NOTES, DATE_PATTERN_ID, MANAGING_DEPT, DISPLAY_INSTRUCTOR, SCHED_PRINT_NOTE, CLASS_SUFFIX, DISPLAY_IN_SCHED_BOOK, MAX_EXPECTED_CAPACITY, ROOM_RATIO, SECTION_NUMBER, LAST_MODIFIED_TIME, UID_ROLLED_FWD_FROM)
values (223240, 223239, 4, 1, null, null, null, null, null, 226199, 1, null, '003001', 1, 4, 1, 1, null, null);
insert into CLASS_ (UNIQUEID, SUBPART_ID, EXPECTED_CAPACITY, NBR_ROOMS, PARENT_CLASS_ID, OWNER_ID, ROOM_CAPACITY, NOTES, DATE_PATTERN_ID, MANAGING_DEPT, DISPLAY_INSTRUCTOR, SCHED_PRINT_NOTE, CLASS_SUFFIX, DISPLAY_IN_SCHED_BOOK, MAX_EXPECTED_CAPACITY, ROOM_RATIO, SECTION_NUMBER, LAST_MODIFIED_TIME, UID_ROLLED_FWD_FROM)
values (223245, 223244, 2, 1, null, null, null, null, null, 223207, 1, null, '001001', 1, 2, 1, 1, null, null);
insert into CLASS_ (UNIQUEID, SUBPART_ID, EXPECTED_CAPACITY, NBR_ROOMS, PARENT_CLASS_ID, OWNER_ID, ROOM_CAPACITY, NOTES, DATE_PATTERN_ID, MANAGING_DEPT, DISPLAY_INSTRUCTOR, SCHED_PRINT_NOTE, CLASS_SUFFIX, DISPLAY_IN_SCHED_BOOK, MAX_EXPECTED_CAPACITY, ROOM_RATIO, SECTION_NUMBER, LAST_MODIFIED_TIME, UID_ROLLED_FWD_FROM)
values (223249, 223248, 4, 1, null, null, null, null, null, 226199, 1, null, '001001', 1, 4, 1, 1, null, null);
insert into CLASS_ (UNIQUEID, SUBPART_ID, EXPECTED_CAPACITY, NBR_ROOMS, PARENT_CLASS_ID, OWNER_ID, ROOM_CAPACITY, NOTES, DATE_PATTERN_ID, MANAGING_DEPT, DISPLAY_INSTRUCTOR, SCHED_PRINT_NOTE, CLASS_SUFFIX, DISPLAY_IN_SCHED_BOOK, MAX_EXPECTED_CAPACITY, ROOM_RATIO, SECTION_NUMBER, LAST_MODIFIED_TIME, UID_ROLLED_FWD_FROM)
values (223256, 223254, 4, 1, null, null, null, null, null, 226199, 1, null, '003001', 1, 4, 1, 1, null, null);
insert into CLASS_ (UNIQUEID, SUBPART_ID, EXPECTED_CAPACITY, NBR_ROOMS, PARENT_CLASS_ID, OWNER_ID, ROOM_CAPACITY, NOTES, DATE_PATTERN_ID, MANAGING_DEPT, DISPLAY_INSTRUCTOR, SCHED_PRINT_NOTE, CLASS_SUFFIX, DISPLAY_IN_SCHED_BOOK, MAX_EXPECTED_CAPACITY, ROOM_RATIO, SECTION_NUMBER, LAST_MODIFIED_TIME, UID_ROLLED_FWD_FROM)
values (223257, 223254, 4, 1, null, null, null, null, null, 226199, 1, null, '002001', 1, 4, 1, 2, null, null);
insert into CLASS_ (UNIQUEID, SUBPART_ID, EXPECTED_CAPACITY, NBR_ROOMS, PARENT_CLASS_ID, OWNER_ID, ROOM_CAPACITY, NOTES, DATE_PATTERN_ID, MANAGING_DEPT, DISPLAY_INSTRUCTOR, SCHED_PRINT_NOTE, CLASS_SUFFIX, DISPLAY_IN_SCHED_BOOK, MAX_EXPECTED_CAPACITY, ROOM_RATIO, SECTION_NUMBER, LAST_MODIFIED_TIME, UID_ROLLED_FWD_FROM)
values (223258, 223254, 4, 1, null, null, null, null, null, 226199, 1, null, '001001', 1, 4, 1, 3, null, null);
insert into CLASS_ (UNIQUEID, SUBPART_ID, EXPECTED_CAPACITY, NBR_ROOMS, PARENT_CLASS_ID, OWNER_ID, ROOM_CAPACITY, NOTES, DATE_PATTERN_ID, MANAGING_DEPT, DISPLAY_INSTRUCTOR, SCHED_PRINT_NOTE, CLASS_SUFFIX, DISPLAY_IN_SCHED_BOOK, MAX_EXPECTED_CAPACITY, ROOM_RATIO, SECTION_NUMBER, LAST_MODIFIED_TIME, UID_ROLLED_FWD_FROM)
values (223259, 223255, 1, 1, 223256, null, null, null, null, 223207, 1, null, '009001', 1, 1, 1, 1, null, null);
insert into CLASS_ (UNIQUEID, SUBPART_ID, EXPECTED_CAPACITY, NBR_ROOMS, PARENT_CLASS_ID, OWNER_ID, ROOM_CAPACITY, NOTES, DATE_PATTERN_ID, MANAGING_DEPT, DISPLAY_INSTRUCTOR, SCHED_PRINT_NOTE, CLASS_SUFFIX, DISPLAY_IN_SCHED_BOOK, MAX_EXPECTED_CAPACITY, ROOM_RATIO, SECTION_NUMBER, LAST_MODIFIED_TIME, UID_ROLLED_FWD_FROM)
values (223260, 223255, 1, 1, 223256, null, null, null, null, 223207, 1, null, '011001', 1, 1, 1, 2, null, null);
insert into CLASS_ (UNIQUEID, SUBPART_ID, EXPECTED_CAPACITY, NBR_ROOMS, PARENT_CLASS_ID, OWNER_ID, ROOM_CAPACITY, NOTES, DATE_PATTERN_ID, MANAGING_DEPT, DISPLAY_INSTRUCTOR, SCHED_PRINT_NOTE, CLASS_SUFFIX, DISPLAY_IN_SCHED_BOOK, MAX_EXPECTED_CAPACITY, ROOM_RATIO, SECTION_NUMBER, LAST_MODIFIED_TIME, UID_ROLLED_FWD_FROM)
values (223261, 223255, 1, 1, 223256, null, null, null, null, 223207, 1, null, '012001', 1, 1, 1, 3, null, null);
insert into CLASS_ (UNIQUEID, SUBPART_ID, EXPECTED_CAPACITY, NBR_ROOMS, PARENT_CLASS_ID, OWNER_ID, ROOM_CAPACITY, NOTES, DATE_PATTERN_ID, MANAGING_DEPT, DISPLAY_INSTRUCTOR, SCHED_PRINT_NOTE, CLASS_SUFFIX, DISPLAY_IN_SCHED_BOOK, MAX_EXPECTED_CAPACITY, ROOM_RATIO, SECTION_NUMBER, LAST_MODIFIED_TIME, UID_ROLLED_FWD_FROM)
values (223263, 223255, 1, 1, 223256, null, null, null, null, 223207, 1, null, '010001', 1, 1, 1, 4, null, null);
insert into CLASS_ (UNIQUEID, SUBPART_ID, EXPECTED_CAPACITY, NBR_ROOMS, PARENT_CLASS_ID, OWNER_ID, ROOM_CAPACITY, NOTES, DATE_PATTERN_ID, MANAGING_DEPT, DISPLAY_INSTRUCTOR, SCHED_PRINT_NOTE, CLASS_SUFFIX, DISPLAY_IN_SCHED_BOOK, MAX_EXPECTED_CAPACITY, ROOM_RATIO, SECTION_NUMBER, LAST_MODIFIED_TIME, UID_ROLLED_FWD_FROM)
values (223264, 223255, 1, 1, 223257, null, null, null, null, 223207, 1, null, '007001', 1, 1, 1, 5, null, null);
insert into CLASS_ (UNIQUEID, SUBPART_ID, EXPECTED_CAPACITY, NBR_ROOMS, PARENT_CLASS_ID, OWNER_ID, ROOM_CAPACITY, NOTES, DATE_PATTERN_ID, MANAGING_DEPT, DISPLAY_INSTRUCTOR, SCHED_PRINT_NOTE, CLASS_SUFFIX, DISPLAY_IN_SCHED_BOOK, MAX_EXPECTED_CAPACITY, ROOM_RATIO, SECTION_NUMBER, LAST_MODIFIED_TIME, UID_ROLLED_FWD_FROM)
values (223265, 223255, 1, 1, 223257, null, null, null, null, 223207, 1, null, '005001', 1, 1, 1, 6, null, null);
insert into CLASS_ (UNIQUEID, SUBPART_ID, EXPECTED_CAPACITY, NBR_ROOMS, PARENT_CLASS_ID, OWNER_ID, ROOM_CAPACITY, NOTES, DATE_PATTERN_ID, MANAGING_DEPT, DISPLAY_INSTRUCTOR, SCHED_PRINT_NOTE, CLASS_SUFFIX, DISPLAY_IN_SCHED_BOOK, MAX_EXPECTED_CAPACITY, ROOM_RATIO, SECTION_NUMBER, LAST_MODIFIED_TIME, UID_ROLLED_FWD_FROM)
values (223267, 223255, 1, 1, 223257, null, null, null, null, 223207, 1, null, '008001', 1, 1, 1, 7, null, null);
insert into CLASS_ (UNIQUEID, SUBPART_ID, EXPECTED_CAPACITY, NBR_ROOMS, PARENT_CLASS_ID, OWNER_ID, ROOM_CAPACITY, NOTES, DATE_PATTERN_ID, MANAGING_DEPT, DISPLAY_INSTRUCTOR, SCHED_PRINT_NOTE, CLASS_SUFFIX, DISPLAY_IN_SCHED_BOOK, MAX_EXPECTED_CAPACITY, ROOM_RATIO, SECTION_NUMBER, LAST_MODIFIED_TIME, UID_ROLLED_FWD_FROM)
values (223268, 223255, 1, 1, 223257, null, null, null, null, 223207, 1, null, '006001', 1, 1, 1, 8, null, null);
insert into CLASS_ (UNIQUEID, SUBPART_ID, EXPECTED_CAPACITY, NBR_ROOMS, PARENT_CLASS_ID, OWNER_ID, ROOM_CAPACITY, NOTES, DATE_PATTERN_ID, MANAGING_DEPT, DISPLAY_INSTRUCTOR, SCHED_PRINT_NOTE, CLASS_SUFFIX, DISPLAY_IN_SCHED_BOOK, MAX_EXPECTED_CAPACITY, ROOM_RATIO, SECTION_NUMBER, LAST_MODIFIED_TIME, UID_ROLLED_FWD_FROM)
values (223269, 223255, 1, 1, 223258, null, null, null, null, 223207, 1, null, '002001', 1, 1, 1, 9, null, null);
insert into CLASS_ (UNIQUEID, SUBPART_ID, EXPECTED_CAPACITY, NBR_ROOMS, PARENT_CLASS_ID, OWNER_ID, ROOM_CAPACITY, NOTES, DATE_PATTERN_ID, MANAGING_DEPT, DISPLAY_INSTRUCTOR, SCHED_PRINT_NOTE, CLASS_SUFFIX, DISPLAY_IN_SCHED_BOOK, MAX_EXPECTED_CAPACITY, ROOM_RATIO, SECTION_NUMBER, LAST_MODIFIED_TIME, UID_ROLLED_FWD_FROM)
values (223291, 223290, 4, 1, null, null, null, null, null, 226199, 1, null, '001001', 1, 4, 1, 1, null, null);
insert into CLASS_ (UNIQUEID, SUBPART_ID, EXPECTED_CAPACITY, NBR_ROOMS, PARENT_CLASS_ID, OWNER_ID, ROOM_CAPACITY, NOTES, DATE_PATTERN_ID, MANAGING_DEPT, DISPLAY_INSTRUCTOR, SCHED_PRINT_NOTE, CLASS_SUFFIX, DISPLAY_IN_SCHED_BOOK, MAX_EXPECTED_CAPACITY, ROOM_RATIO, SECTION_NUMBER, LAST_MODIFIED_TIME, UID_ROLLED_FWD_FROM)
values (223297, 223296, 1, 1, null, null, null, null, null, 223207, 1, null, '005001', 1, 1, 1, 1, null, null);
insert into CLASS_ (UNIQUEID, SUBPART_ID, EXPECTED_CAPACITY, NBR_ROOMS, PARENT_CLASS_ID, OWNER_ID, ROOM_CAPACITY, NOTES, DATE_PATTERN_ID, MANAGING_DEPT, DISPLAY_INSTRUCTOR, SCHED_PRINT_NOTE, CLASS_SUFFIX, DISPLAY_IN_SCHED_BOOK, MAX_EXPECTED_CAPACITY, ROOM_RATIO, SECTION_NUMBER, LAST_MODIFIED_TIME, UID_ROLLED_FWD_FROM)
values (223298, 223296, 1, 1, null, null, null, null, null, 223207, 1, null, '008001', 1, 1, 1, 2, null, null);
insert into CLASS_ (UNIQUEID, SUBPART_ID, EXPECTED_CAPACITY, NBR_ROOMS, PARENT_CLASS_ID, OWNER_ID, ROOM_CAPACITY, NOTES, DATE_PATTERN_ID, MANAGING_DEPT, DISPLAY_INSTRUCTOR, SCHED_PRINT_NOTE, CLASS_SUFFIX, DISPLAY_IN_SCHED_BOOK, MAX_EXPECTED_CAPACITY, ROOM_RATIO, SECTION_NUMBER, LAST_MODIFIED_TIME, UID_ROLLED_FWD_FROM)
values (223299, 223296, 1, 1, null, null, null, null, null, 223207, 1, null, '001001', 1, 1, 1, 3, null, null);
insert into CLASS_ (UNIQUEID, SUBPART_ID, EXPECTED_CAPACITY, NBR_ROOMS, PARENT_CLASS_ID, OWNER_ID, ROOM_CAPACITY, NOTES, DATE_PATTERN_ID, MANAGING_DEPT, DISPLAY_INSTRUCTOR, SCHED_PRINT_NOTE, CLASS_SUFFIX, DISPLAY_IN_SCHED_BOOK, MAX_EXPECTED_CAPACITY, ROOM_RATIO, SECTION_NUMBER, LAST_MODIFIED_TIME, UID_ROLLED_FWD_FROM)
values (223300, 223296, 1, 1, null, null, null, null, null, 223207, 1, null, '007001', 1, 1, 1, 4, null, null);
insert into CLASS_ (UNIQUEID, SUBPART_ID, EXPECTED_CAPACITY, NBR_ROOMS, PARENT_CLASS_ID, OWNER_ID, ROOM_CAPACITY, NOTES, DATE_PATTERN_ID, MANAGING_DEPT, DISPLAY_INSTRUCTOR, SCHED_PRINT_NOTE, CLASS_SUFFIX, DISPLAY_IN_SCHED_BOOK, MAX_EXPECTED_CAPACITY, ROOM_RATIO, SECTION_NUMBER, LAST_MODIFIED_TIME, UID_ROLLED_FWD_FROM)
values (223301, 223296, 1, 1, null, null, null, null, null, 223207, 1, null, '006001', 1, 1, 1, 5, null, null);
insert into CLASS_ (UNIQUEID, SUBPART_ID, EXPECTED_CAPACITY, NBR_ROOMS, PARENT_CLASS_ID, OWNER_ID, ROOM_CAPACITY, NOTES, DATE_PATTERN_ID, MANAGING_DEPT, DISPLAY_INSTRUCTOR, SCHED_PRINT_NOTE, CLASS_SUFFIX, DISPLAY_IN_SCHED_BOOK, MAX_EXPECTED_CAPACITY, ROOM_RATIO, SECTION_NUMBER, LAST_MODIFIED_TIME, UID_ROLLED_FWD_FROM)
values (223302, 223296, 1, 1, null, null, null, null, null, 223207, 1, null, '002001', 1, 1, 1, 6, null, null);
insert into CLASS_ (UNIQUEID, SUBPART_ID, EXPECTED_CAPACITY, NBR_ROOMS, PARENT_CLASS_ID, OWNER_ID, ROOM_CAPACITY, NOTES, DATE_PATTERN_ID, MANAGING_DEPT, DISPLAY_INSTRUCTOR, SCHED_PRINT_NOTE, CLASS_SUFFIX, DISPLAY_IN_SCHED_BOOK, MAX_EXPECTED_CAPACITY, ROOM_RATIO, SECTION_NUMBER, LAST_MODIFIED_TIME, UID_ROLLED_FWD_FROM)
values (223303, 223296, 1, 1, null, null, null, null, null, 223207, 1, null, '009001', 1, 1, 1, 7, null, null);
insert into CLASS_ (UNIQUEID, SUBPART_ID, EXPECTED_CAPACITY, NBR_ROOMS, PARENT_CLASS_ID, OWNER_ID, ROOM_CAPACITY, NOTES, DATE_PATTERN_ID, MANAGING_DEPT, DISPLAY_INSTRUCTOR, SCHED_PRINT_NOTE, CLASS_SUFFIX, DISPLAY_IN_SCHED_BOOK, MAX_EXPECTED_CAPACITY, ROOM_RATIO, SECTION_NUMBER, LAST_MODIFIED_TIME, UID_ROLLED_FWD_FROM)
values (223304, 223296, 1, 1, null, null, null, null, null, 223207, 1, null, '004001', 1, 1, 1, 8, null, null);
insert into CLASS_ (UNIQUEID, SUBPART_ID, EXPECTED_CAPACITY, NBR_ROOMS, PARENT_CLASS_ID, OWNER_ID, ROOM_CAPACITY, NOTES, DATE_PATTERN_ID, MANAGING_DEPT, DISPLAY_INSTRUCTOR, SCHED_PRINT_NOTE, CLASS_SUFFIX, DISPLAY_IN_SCHED_BOOK, MAX_EXPECTED_CAPACITY, ROOM_RATIO, SECTION_NUMBER, LAST_MODIFIED_TIME, UID_ROLLED_FWD_FROM)
values (223305, 223296, 1, 1, null, null, null, null, null, 223207, 1, null, '003001', 1, 1, 1, 9, null, null);
insert into CLASS_ (UNIQUEID, SUBPART_ID, EXPECTED_CAPACITY, NBR_ROOMS, PARENT_CLASS_ID, OWNER_ID, ROOM_CAPACITY, NOTES, DATE_PATTERN_ID, MANAGING_DEPT, DISPLAY_INSTRUCTOR, SCHED_PRINT_NOTE, CLASS_SUFFIX, DISPLAY_IN_SCHED_BOOK, MAX_EXPECTED_CAPACITY, ROOM_RATIO, SECTION_NUMBER, LAST_MODIFIED_TIME, UID_ROLLED_FWD_FROM)
values (223310, 223309, 1, 1, null, null, null, null, null, 223207, 1, null, '010001', 1, 1, 1, 1, null, null);
insert into CLASS_ (UNIQUEID, SUBPART_ID, EXPECTED_CAPACITY, NBR_ROOMS, PARENT_CLASS_ID, OWNER_ID, ROOM_CAPACITY, NOTES, DATE_PATTERN_ID, MANAGING_DEPT, DISPLAY_INSTRUCTOR, SCHED_PRINT_NOTE, CLASS_SUFFIX, DISPLAY_IN_SCHED_BOOK, MAX_EXPECTED_CAPACITY, ROOM_RATIO, SECTION_NUMBER, LAST_MODIFIED_TIME, UID_ROLLED_FWD_FROM)
values (223311, 223309, 1, 1, null, null, null, null, null, 223207, 1, null, '001001', 1, 1, 1, 2, null, null);
insert into CLASS_ (UNIQUEID, SUBPART_ID, EXPECTED_CAPACITY, NBR_ROOMS, PARENT_CLASS_ID, OWNER_ID, ROOM_CAPACITY, NOTES, DATE_PATTERN_ID, MANAGING_DEPT, DISPLAY_INSTRUCTOR, SCHED_PRINT_NOTE, CLASS_SUFFIX, DISPLAY_IN_SCHED_BOOK, MAX_EXPECTED_CAPACITY, ROOM_RATIO, SECTION_NUMBER, LAST_MODIFIED_TIME, UID_ROLLED_FWD_FROM)
values (223312, 223309, 1, 1, null, null, null, null, null, 223207, 1, null, '009001', 1, 1, 1, 3, null, null);
insert into CLASS_ (UNIQUEID, SUBPART_ID, EXPECTED_CAPACITY, NBR_ROOMS, PARENT_CLASS_ID, OWNER_ID, ROOM_CAPACITY, NOTES, DATE_PATTERN_ID, MANAGING_DEPT, DISPLAY_INSTRUCTOR, SCHED_PRINT_NOTE, CLASS_SUFFIX, DISPLAY_IN_SCHED_BOOK, MAX_EXPECTED_CAPACITY, ROOM_RATIO, SECTION_NUMBER, LAST_MODIFIED_TIME, UID_ROLLED_FWD_FROM)
values (223313, 223309, 1, 1, null, null, null, null, null, 223207, 1, null, '006001', 1, 1, 1, 4, null, null);
insert into CLASS_ (UNIQUEID, SUBPART_ID, EXPECTED_CAPACITY, NBR_ROOMS, PARENT_CLASS_ID, OWNER_ID, ROOM_CAPACITY, NOTES, DATE_PATTERN_ID, MANAGING_DEPT, DISPLAY_INSTRUCTOR, SCHED_PRINT_NOTE, CLASS_SUFFIX, DISPLAY_IN_SCHED_BOOK, MAX_EXPECTED_CAPACITY, ROOM_RATIO, SECTION_NUMBER, LAST_MODIFIED_TIME, UID_ROLLED_FWD_FROM)
values (223314, 223309, 1, 1, null, null, null, null, null, 223207, 1, null, '002001', 1, 1, 1, 5, null, null);
insert into CLASS_ (UNIQUEID, SUBPART_ID, EXPECTED_CAPACITY, NBR_ROOMS, PARENT_CLASS_ID, OWNER_ID, ROOM_CAPACITY, NOTES, DATE_PATTERN_ID, MANAGING_DEPT, DISPLAY_INSTRUCTOR, SCHED_PRINT_NOTE, CLASS_SUFFIX, DISPLAY_IN_SCHED_BOOK, MAX_EXPECTED_CAPACITY, ROOM_RATIO, SECTION_NUMBER, LAST_MODIFIED_TIME, UID_ROLLED_FWD_FROM)
values (223315, 223309, 1, 1, null, null, null, null, null, 223207, 1, null, '004001', 1, 1, 1, 6, null, null);
insert into CLASS_ (UNIQUEID, SUBPART_ID, EXPECTED_CAPACITY, NBR_ROOMS, PARENT_CLASS_ID, OWNER_ID, ROOM_CAPACITY, NOTES, DATE_PATTERN_ID, MANAGING_DEPT, DISPLAY_INSTRUCTOR, SCHED_PRINT_NOTE, CLASS_SUFFIX, DISPLAY_IN_SCHED_BOOK, MAX_EXPECTED_CAPACITY, ROOM_RATIO, SECTION_NUMBER, LAST_MODIFIED_TIME, UID_ROLLED_FWD_FROM)
values (223316, 223309, 1, 1, null, null, null, null, null, 223207, 1, null, '003001', 1, 1, 1, 7, null, null);
insert into CLASS_ (UNIQUEID, SUBPART_ID, EXPECTED_CAPACITY, NBR_ROOMS, PARENT_CLASS_ID, OWNER_ID, ROOM_CAPACITY, NOTES, DATE_PATTERN_ID, MANAGING_DEPT, DISPLAY_INSTRUCTOR, SCHED_PRINT_NOTE, CLASS_SUFFIX, DISPLAY_IN_SCHED_BOOK, MAX_EXPECTED_CAPACITY, ROOM_RATIO, SECTION_NUMBER, LAST_MODIFIED_TIME, UID_ROLLED_FWD_FROM)
values (223317, 223309, 1, 1, null, null, null, null, null, 223207, 1, null, '005001', 1, 1, 1, 8, null, null);
insert into CLASS_ (UNIQUEID, SUBPART_ID, EXPECTED_CAPACITY, NBR_ROOMS, PARENT_CLASS_ID, OWNER_ID, ROOM_CAPACITY, NOTES, DATE_PATTERN_ID, MANAGING_DEPT, DISPLAY_INSTRUCTOR, SCHED_PRINT_NOTE, CLASS_SUFFIX, DISPLAY_IN_SCHED_BOOK, MAX_EXPECTED_CAPACITY, ROOM_RATIO, SECTION_NUMBER, LAST_MODIFIED_TIME, UID_ROLLED_FWD_FROM)
values (223318, 223309, 1, 1, null, null, null, null, null, 223207, 1, null, '008001', 1, 1, 1, 9, null, null);
insert into CLASS_ (UNIQUEID, SUBPART_ID, EXPECTED_CAPACITY, NBR_ROOMS, PARENT_CLASS_ID, OWNER_ID, ROOM_CAPACITY, NOTES, DATE_PATTERN_ID, MANAGING_DEPT, DISPLAY_INSTRUCTOR, SCHED_PRINT_NOTE, CLASS_SUFFIX, DISPLAY_IN_SCHED_BOOK, MAX_EXPECTED_CAPACITY, ROOM_RATIO, SECTION_NUMBER, LAST_MODIFIED_TIME, UID_ROLLED_FWD_FROM)
values (223319, 223309, 1, 1, null, null, null, null, null, 223207, 1, null, '007001', 1, 1, 1, 10, null, null);
insert into CLASS_ (UNIQUEID, SUBPART_ID, EXPECTED_CAPACITY, NBR_ROOMS, PARENT_CLASS_ID, OWNER_ID, ROOM_CAPACITY, NOTES, DATE_PATTERN_ID, MANAGING_DEPT, DISPLAY_INSTRUCTOR, SCHED_PRINT_NOTE, CLASS_SUFFIX, DISPLAY_IN_SCHED_BOOK, MAX_EXPECTED_CAPACITY, ROOM_RATIO, SECTION_NUMBER, LAST_MODIFIED_TIME, UID_ROLLED_FWD_FROM)
values (223324, 223323, 2, 1, null, null, null, null, null, 223207, 1, null, '001001', 1, 2, 1, 1, null, null);
insert into CLASS_ (UNIQUEID, SUBPART_ID, EXPECTED_CAPACITY, NBR_ROOMS, PARENT_CLASS_ID, OWNER_ID, ROOM_CAPACITY, NOTES, DATE_PATTERN_ID, MANAGING_DEPT, DISPLAY_INSTRUCTOR, SCHED_PRINT_NOTE, CLASS_SUFFIX, DISPLAY_IN_SCHED_BOOK, MAX_EXPECTED_CAPACITY, ROOM_RATIO, SECTION_NUMBER, LAST_MODIFIED_TIME, UID_ROLLED_FWD_FROM)
values (223325, 223323, 2, 1, null, null, null, null, null, 223207, 1, null, '002001', 1, 2, 1, 2, null, null);
insert into CLASS_ (UNIQUEID, SUBPART_ID, EXPECTED_CAPACITY, NBR_ROOMS, PARENT_CLASS_ID, OWNER_ID, ROOM_CAPACITY, NOTES, DATE_PATTERN_ID, MANAGING_DEPT, DISPLAY_INSTRUCTOR, SCHED_PRINT_NOTE, CLASS_SUFFIX, DISPLAY_IN_SCHED_BOOK, MAX_EXPECTED_CAPACITY, ROOM_RATIO, SECTION_NUMBER, LAST_MODIFIED_TIME, UID_ROLLED_FWD_FROM)
values (223330, 223329, 2, 1, null, null, null, null, null, 223207, 1, null, '002001', 1, 2, 1, 1, null, null);
insert into CLASS_ (UNIQUEID, SUBPART_ID, EXPECTED_CAPACITY, NBR_ROOMS, PARENT_CLASS_ID, OWNER_ID, ROOM_CAPACITY, NOTES, DATE_PATTERN_ID, MANAGING_DEPT, DISPLAY_INSTRUCTOR, SCHED_PRINT_NOTE, CLASS_SUFFIX, DISPLAY_IN_SCHED_BOOK, MAX_EXPECTED_CAPACITY, ROOM_RATIO, SECTION_NUMBER, LAST_MODIFIED_TIME, UID_ROLLED_FWD_FROM)
values (223331, 223329, 2, 1, null, null, null, null, null, 223207, 1, null, '001001', 1, 2, 1, 2, null, null);
insert into CLASS_ (UNIQUEID, SUBPART_ID, EXPECTED_CAPACITY, NBR_ROOMS, PARENT_CLASS_ID, OWNER_ID, ROOM_CAPACITY, NOTES, DATE_PATTERN_ID, MANAGING_DEPT, DISPLAY_INSTRUCTOR, SCHED_PRINT_NOTE, CLASS_SUFFIX, DISPLAY_IN_SCHED_BOOK, MAX_EXPECTED_CAPACITY, ROOM_RATIO, SECTION_NUMBER, LAST_MODIFIED_TIME, UID_ROLLED_FWD_FROM)
values (223344, 223343, 2, 1, null, null, null, null, null, 223207, 1, null, '001001', 1, 2, 1, 1, null, null);
insert into CLASS_ (UNIQUEID, SUBPART_ID, EXPECTED_CAPACITY, NBR_ROOMS, PARENT_CLASS_ID, OWNER_ID, ROOM_CAPACITY, NOTES, DATE_PATTERN_ID, MANAGING_DEPT, DISPLAY_INSTRUCTOR, SCHED_PRINT_NOTE, CLASS_SUFFIX, DISPLAY_IN_SCHED_BOOK, MAX_EXPECTED_CAPACITY, ROOM_RATIO, SECTION_NUMBER, LAST_MODIFIED_TIME, UID_ROLLED_FWD_FROM)
values (223350, 223349, 3, 1, null, null, null, null, null, 223207, 1, null, '002001', 1, 3, 1, 1, null, null);
insert into CLASS_ (UNIQUEID, SUBPART_ID, EXPECTED_CAPACITY, NBR_ROOMS, PARENT_CLASS_ID, OWNER_ID, ROOM_CAPACITY, NOTES, DATE_PATTERN_ID, MANAGING_DEPT, DISPLAY_INSTRUCTOR, SCHED_PRINT_NOTE, CLASS_SUFFIX, DISPLAY_IN_SCHED_BOOK, MAX_EXPECTED_CAPACITY, ROOM_RATIO, SECTION_NUMBER, LAST_MODIFIED_TIME, UID_ROLLED_FWD_FROM)
values (223351, 223349, 2, 1, null, null, null, null, null, 223207, 1, null, '001001', 1, 2, 1, 2, null, null);
insert into CLASS_ (UNIQUEID, SUBPART_ID, EXPECTED_CAPACITY, NBR_ROOMS, PARENT_CLASS_ID, OWNER_ID, ROOM_CAPACITY, NOTES, DATE_PATTERN_ID, MANAGING_DEPT, DISPLAY_INSTRUCTOR, SCHED_PRINT_NOTE, CLASS_SUFFIX, DISPLAY_IN_SCHED_BOOK, MAX_EXPECTED_CAPACITY, ROOM_RATIO, SECTION_NUMBER, LAST_MODIFIED_TIME, UID_ROLLED_FWD_FROM)
values (223356, 223355, 2, 1, null, null, null, null, null, 223207, 1, null, '001001', 1, 2, 1, 1, null, null);
insert into CLASS_ (UNIQUEID, SUBPART_ID, EXPECTED_CAPACITY, NBR_ROOMS, PARENT_CLASS_ID, OWNER_ID, ROOM_CAPACITY, NOTES, DATE_PATTERN_ID, MANAGING_DEPT, DISPLAY_INSTRUCTOR, SCHED_PRINT_NOTE, CLASS_SUFFIX, DISPLAY_IN_SCHED_BOOK, MAX_EXPECTED_CAPACITY, ROOM_RATIO, SECTION_NUMBER, LAST_MODIFIED_TIME, UID_ROLLED_FWD_FROM)
values (223363, 223362, 4, 1, null, null, null, null, null, 226199, 1, null, '001001', 1, 4, 1, 1, null, null);
insert into CLASS_ (UNIQUEID, SUBPART_ID, EXPECTED_CAPACITY, NBR_ROOMS, PARENT_CLASS_ID, OWNER_ID, ROOM_CAPACITY, NOTES, DATE_PATTERN_ID, MANAGING_DEPT, DISPLAY_INSTRUCTOR, SCHED_PRINT_NOTE, CLASS_SUFFIX, DISPLAY_IN_SCHED_BOOK, MAX_EXPECTED_CAPACITY, ROOM_RATIO, SECTION_NUMBER, LAST_MODIFIED_TIME, UID_ROLLED_FWD_FROM)
values (223373, 223372, 2, 1, null, null, null, null, null, 223207, 1, null, '002001', 1, 2, 1, 1, null, null);
insert into CLASS_ (UNIQUEID, SUBPART_ID, EXPECTED_CAPACITY, NBR_ROOMS, PARENT_CLASS_ID, OWNER_ID, ROOM_CAPACITY, NOTES, DATE_PATTERN_ID, MANAGING_DEPT, DISPLAY_INSTRUCTOR, SCHED_PRINT_NOTE, CLASS_SUFFIX, DISPLAY_IN_SCHED_BOOK, MAX_EXPECTED_CAPACITY, ROOM_RATIO, SECTION_NUMBER, LAST_MODIFIED_TIME, UID_ROLLED_FWD_FROM)
values (223378, 223377, 2, 1, null, null, null, null, null, 223207, 1, null, '002001', 1, 2, 1, 1, null, null);
insert into CLASS_ (UNIQUEID, SUBPART_ID, EXPECTED_CAPACITY, NBR_ROOMS, PARENT_CLASS_ID, OWNER_ID, ROOM_CAPACITY, NOTES, DATE_PATTERN_ID, MANAGING_DEPT, DISPLAY_INSTRUCTOR, SCHED_PRINT_NOTE, CLASS_SUFFIX, DISPLAY_IN_SCHED_BOOK, MAX_EXPECTED_CAPACITY, ROOM_RATIO, SECTION_NUMBER, LAST_MODIFIED_TIME, UID_ROLLED_FWD_FROM)
values (223379, 223377, 2, 1, null, null, null, null, null, 223207, 1, null, '001001', 1, 2, 1, 2, null, null);
insert into CLASS_ (UNIQUEID, SUBPART_ID, EXPECTED_CAPACITY, NBR_ROOMS, PARENT_CLASS_ID, OWNER_ID, ROOM_CAPACITY, NOTES, DATE_PATTERN_ID, MANAGING_DEPT, DISPLAY_INSTRUCTOR, SCHED_PRINT_NOTE, CLASS_SUFFIX, DISPLAY_IN_SCHED_BOOK, MAX_EXPECTED_CAPACITY, ROOM_RATIO, SECTION_NUMBER, LAST_MODIFIED_TIME, UID_ROLLED_FWD_FROM)
values (223800, 223799, 1, 1, 223378, null, null, null, null, 223207, 1, null, '002001', 1, 1, 1, 1, null, null);
insert into CLASS_ (UNIQUEID, SUBPART_ID, EXPECTED_CAPACITY, NBR_ROOMS, PARENT_CLASS_ID, OWNER_ID, ROOM_CAPACITY, NOTES, DATE_PATTERN_ID, MANAGING_DEPT, DISPLAY_INSTRUCTOR, SCHED_PRINT_NOTE, CLASS_SUFFIX, DISPLAY_IN_SCHED_BOOK, MAX_EXPECTED_CAPACITY, ROOM_RATIO, SECTION_NUMBER, LAST_MODIFIED_TIME, UID_ROLLED_FWD_FROM)
values (223801, 223799, 1, 1, 223378, null, null, null, null, 223207, 1, null, '001001', 1, 1, 1, 2, null, null);
insert into CLASS_ (UNIQUEID, SUBPART_ID, EXPECTED_CAPACITY, NBR_ROOMS, PARENT_CLASS_ID, OWNER_ID, ROOM_CAPACITY, NOTES, DATE_PATTERN_ID, MANAGING_DEPT, DISPLAY_INSTRUCTOR, SCHED_PRINT_NOTE, CLASS_SUFFIX, DISPLAY_IN_SCHED_BOOK, MAX_EXPECTED_CAPACITY, ROOM_RATIO, SECTION_NUMBER, LAST_MODIFIED_TIME, UID_ROLLED_FWD_FROM)
values (223802, 223799, 1, 1, 223379, null, null, null, null, 223207, 1, null, '003001', 1, 1, 1, 3, null, null);
insert into CLASS_ (UNIQUEID, SUBPART_ID, EXPECTED_CAPACITY, NBR_ROOMS, PARENT_CLASS_ID, OWNER_ID, ROOM_CAPACITY, NOTES, DATE_PATTERN_ID, MANAGING_DEPT, DISPLAY_INSTRUCTOR, SCHED_PRINT_NOTE, CLASS_SUFFIX, DISPLAY_IN_SCHED_BOOK, MAX_EXPECTED_CAPACITY, ROOM_RATIO, SECTION_NUMBER, LAST_MODIFIED_TIME, UID_ROLLED_FWD_FROM)
values (223803, 223799, 1, 1, 223379, null, null, null, null, 223207, 1, null, '004001', 1, 1, 1, 4, null, null);
insert into CLASS_ (UNIQUEID, SUBPART_ID, EXPECTED_CAPACITY, NBR_ROOMS, PARENT_CLASS_ID, OWNER_ID, ROOM_CAPACITY, NOTES, DATE_PATTERN_ID, MANAGING_DEPT, DISPLAY_INSTRUCTOR, SCHED_PRINT_NOTE, CLASS_SUFFIX, DISPLAY_IN_SCHED_BOOK, MAX_EXPECTED_CAPACITY, ROOM_RATIO, SECTION_NUMBER, LAST_MODIFIED_TIME, UID_ROLLED_FWD_FROM)
values (223817, 223255, 1, 1, 223258, null, null, null, null, 223207, 1, null, '004001', 1, 1, 1, 10, null, null);
insert into CLASS_ (UNIQUEID, SUBPART_ID, EXPECTED_CAPACITY, NBR_ROOMS, PARENT_CLASS_ID, OWNER_ID, ROOM_CAPACITY, NOTES, DATE_PATTERN_ID, MANAGING_DEPT, DISPLAY_INSTRUCTOR, SCHED_PRINT_NOTE, CLASS_SUFFIX, DISPLAY_IN_SCHED_BOOK, MAX_EXPECTED_CAPACITY, ROOM_RATIO, SECTION_NUMBER, LAST_MODIFIED_TIME, UID_ROLLED_FWD_FROM)
values (223818, 223255, 1, 1, 223258, null, null, null, null, 223207, 1, null, '003001', 1, 1, 1, 11, null, null);
insert into CLASS_ (UNIQUEID, SUBPART_ID, EXPECTED_CAPACITY, NBR_ROOMS, PARENT_CLASS_ID, OWNER_ID, ROOM_CAPACITY, NOTES, DATE_PATTERN_ID, MANAGING_DEPT, DISPLAY_INSTRUCTOR, SCHED_PRINT_NOTE, CLASS_SUFFIX, DISPLAY_IN_SCHED_BOOK, MAX_EXPECTED_CAPACITY, ROOM_RATIO, SECTION_NUMBER, LAST_MODIFIED_TIME, UID_ROLLED_FWD_FROM)
values (223819, 223255, 1, 1, 223258, null, null, null, null, 223207, 1, null, '001001', 1, 1, 1, 12, null, null);
insert into CLASS_ (UNIQUEID, SUBPART_ID, EXPECTED_CAPACITY, NBR_ROOMS, PARENT_CLASS_ID, OWNER_ID, ROOM_CAPACITY, NOTES, DATE_PATTERN_ID, MANAGING_DEPT, DISPLAY_INSTRUCTOR, SCHED_PRINT_NOTE, CLASS_SUFFIX, DISPLAY_IN_SCHED_BOOK, MAX_EXPECTED_CAPACITY, ROOM_RATIO, SECTION_NUMBER, LAST_MODIFIED_TIME, UID_ROLLED_FWD_FROM)
values (223824, 223815, 1, 1, 223259, null, null, null, null, 223207, 1, null, '009001', 1, 1, 1, 1, null, null);
insert into CLASS_ (UNIQUEID, SUBPART_ID, EXPECTED_CAPACITY, NBR_ROOMS, PARENT_CLASS_ID, OWNER_ID, ROOM_CAPACITY, NOTES, DATE_PATTERN_ID, MANAGING_DEPT, DISPLAY_INSTRUCTOR, SCHED_PRINT_NOTE, CLASS_SUFFIX, DISPLAY_IN_SCHED_BOOK, MAX_EXPECTED_CAPACITY, ROOM_RATIO, SECTION_NUMBER, LAST_MODIFIED_TIME, UID_ROLLED_FWD_FROM)
values (223825, 223815, 1, 1, 223260, null, null, null, null, 223207, 1, null, '010001', 1, 1, 1, 2, null, null);
insert into CLASS_ (UNIQUEID, SUBPART_ID, EXPECTED_CAPACITY, NBR_ROOMS, PARENT_CLASS_ID, OWNER_ID, ROOM_CAPACITY, NOTES, DATE_PATTERN_ID, MANAGING_DEPT, DISPLAY_INSTRUCTOR, SCHED_PRINT_NOTE, CLASS_SUFFIX, DISPLAY_IN_SCHED_BOOK, MAX_EXPECTED_CAPACITY, ROOM_RATIO, SECTION_NUMBER, LAST_MODIFIED_TIME, UID_ROLLED_FWD_FROM)
values (223826, 223815, 1, 1, 223261, null, null, null, null, 223207, 1, null, '011001', 1, 1, 1, 3, null, null);
insert into CLASS_ (UNIQUEID, SUBPART_ID, EXPECTED_CAPACITY, NBR_ROOMS, PARENT_CLASS_ID, OWNER_ID, ROOM_CAPACITY, NOTES, DATE_PATTERN_ID, MANAGING_DEPT, DISPLAY_INSTRUCTOR, SCHED_PRINT_NOTE, CLASS_SUFFIX, DISPLAY_IN_SCHED_BOOK, MAX_EXPECTED_CAPACITY, ROOM_RATIO, SECTION_NUMBER, LAST_MODIFIED_TIME, UID_ROLLED_FWD_FROM)
values (223827, 223815, 1, 1, 223263, null, null, null, null, 223207, 1, null, '012001', 1, 1, 1, 4, null, null);
insert into CLASS_ (UNIQUEID, SUBPART_ID, EXPECTED_CAPACITY, NBR_ROOMS, PARENT_CLASS_ID, OWNER_ID, ROOM_CAPACITY, NOTES, DATE_PATTERN_ID, MANAGING_DEPT, DISPLAY_INSTRUCTOR, SCHED_PRINT_NOTE, CLASS_SUFFIX, DISPLAY_IN_SCHED_BOOK, MAX_EXPECTED_CAPACITY, ROOM_RATIO, SECTION_NUMBER, LAST_MODIFIED_TIME, UID_ROLLED_FWD_FROM)
values (223828, 223815, 1, 1, 223264, null, null, null, null, 223207, 1, null, '005001', 1, 1, 1, 5, null, null);
insert into CLASS_ (UNIQUEID, SUBPART_ID, EXPECTED_CAPACITY, NBR_ROOMS, PARENT_CLASS_ID, OWNER_ID, ROOM_CAPACITY, NOTES, DATE_PATTERN_ID, MANAGING_DEPT, DISPLAY_INSTRUCTOR, SCHED_PRINT_NOTE, CLASS_SUFFIX, DISPLAY_IN_SCHED_BOOK, MAX_EXPECTED_CAPACITY, ROOM_RATIO, SECTION_NUMBER, LAST_MODIFIED_TIME, UID_ROLLED_FWD_FROM)
values (223829, 223815, 1, 1, 223265, null, null, null, null, 223207, 1, null, '006001', 1, 1, 1, 6, null, null);
insert into CLASS_ (UNIQUEID, SUBPART_ID, EXPECTED_CAPACITY, NBR_ROOMS, PARENT_CLASS_ID, OWNER_ID, ROOM_CAPACITY, NOTES, DATE_PATTERN_ID, MANAGING_DEPT, DISPLAY_INSTRUCTOR, SCHED_PRINT_NOTE, CLASS_SUFFIX, DISPLAY_IN_SCHED_BOOK, MAX_EXPECTED_CAPACITY, ROOM_RATIO, SECTION_NUMBER, LAST_MODIFIED_TIME, UID_ROLLED_FWD_FROM)
values (223830, 223815, 1, 1, 223267, null, null, null, null, 223207, 1, null, '007001', 1, 1, 1, 7, null, null);
insert into CLASS_ (UNIQUEID, SUBPART_ID, EXPECTED_CAPACITY, NBR_ROOMS, PARENT_CLASS_ID, OWNER_ID, ROOM_CAPACITY, NOTES, DATE_PATTERN_ID, MANAGING_DEPT, DISPLAY_INSTRUCTOR, SCHED_PRINT_NOTE, CLASS_SUFFIX, DISPLAY_IN_SCHED_BOOK, MAX_EXPECTED_CAPACITY, ROOM_RATIO, SECTION_NUMBER, LAST_MODIFIED_TIME, UID_ROLLED_FWD_FROM)
values (223831, 223815, 1, 1, 223268, null, null, null, null, 223207, 1, null, '008001', 1, 1, 1, 8, null, null);
insert into CLASS_ (UNIQUEID, SUBPART_ID, EXPECTED_CAPACITY, NBR_ROOMS, PARENT_CLASS_ID, OWNER_ID, ROOM_CAPACITY, NOTES, DATE_PATTERN_ID, MANAGING_DEPT, DISPLAY_INSTRUCTOR, SCHED_PRINT_NOTE, CLASS_SUFFIX, DISPLAY_IN_SCHED_BOOK, MAX_EXPECTED_CAPACITY, ROOM_RATIO, SECTION_NUMBER, LAST_MODIFIED_TIME, UID_ROLLED_FWD_FROM)
values (223832, 223815, 1, 1, 223269, null, null, null, null, 223207, 1, null, '001001', 1, 1, 1, 9, null, null);
insert into CLASS_ (UNIQUEID, SUBPART_ID, EXPECTED_CAPACITY, NBR_ROOMS, PARENT_CLASS_ID, OWNER_ID, ROOM_CAPACITY, NOTES, DATE_PATTERN_ID, MANAGING_DEPT, DISPLAY_INSTRUCTOR, SCHED_PRINT_NOTE, CLASS_SUFFIX, DISPLAY_IN_SCHED_BOOK, MAX_EXPECTED_CAPACITY, ROOM_RATIO, SECTION_NUMBER, LAST_MODIFIED_TIME, UID_ROLLED_FWD_FROM)
values (223833, 223815, 1, 1, 223817, null, null, null, null, 223207, 1, null, '002001', 1, 1, 1, 10, null, null);
insert into CLASS_ (UNIQUEID, SUBPART_ID, EXPECTED_CAPACITY, NBR_ROOMS, PARENT_CLASS_ID, OWNER_ID, ROOM_CAPACITY, NOTES, DATE_PATTERN_ID, MANAGING_DEPT, DISPLAY_INSTRUCTOR, SCHED_PRINT_NOTE, CLASS_SUFFIX, DISPLAY_IN_SCHED_BOOK, MAX_EXPECTED_CAPACITY, ROOM_RATIO, SECTION_NUMBER, LAST_MODIFIED_TIME, UID_ROLLED_FWD_FROM)
values (223834, 223815, 1, 1, 223818, null, null, null, null, 223207, 1, null, '003001', 1, 1, 1, 11, null, null);
insert into CLASS_ (UNIQUEID, SUBPART_ID, EXPECTED_CAPACITY, NBR_ROOMS, PARENT_CLASS_ID, OWNER_ID, ROOM_CAPACITY, NOTES, DATE_PATTERN_ID, MANAGING_DEPT, DISPLAY_INSTRUCTOR, SCHED_PRINT_NOTE, CLASS_SUFFIX, DISPLAY_IN_SCHED_BOOK, MAX_EXPECTED_CAPACITY, ROOM_RATIO, SECTION_NUMBER, LAST_MODIFIED_TIME, UID_ROLLED_FWD_FROM)
values (223835, 223815, 1, 1, 223819, null, null, null, null, 223207, 1, null, '004001', 1, 1, 1, 12, null, null);
insert into CLASS_ (UNIQUEID, SUBPART_ID, EXPECTED_CAPACITY, NBR_ROOMS, PARENT_CLASS_ID, OWNER_ID, ROOM_CAPACITY, NOTES, DATE_PATTERN_ID, MANAGING_DEPT, DISPLAY_INSTRUCTOR, SCHED_PRINT_NOTE, CLASS_SUFFIX, DISPLAY_IN_SCHED_BOOK, MAX_EXPECTED_CAPACITY, ROOM_RATIO, SECTION_NUMBER, LAST_MODIFIED_TIME, UID_ROLLED_FWD_FROM)
values (223851, 223848, 1, 1, 223310, null, null, null, null, 223207, 1, null, '001001', 1, 1, 1, 1, null, null);
insert into CLASS_ (UNIQUEID, SUBPART_ID, EXPECTED_CAPACITY, NBR_ROOMS, PARENT_CLASS_ID, OWNER_ID, ROOM_CAPACITY, NOTES, DATE_PATTERN_ID, MANAGING_DEPT, DISPLAY_INSTRUCTOR, SCHED_PRINT_NOTE, CLASS_SUFFIX, DISPLAY_IN_SCHED_BOOK, MAX_EXPECTED_CAPACITY, ROOM_RATIO, SECTION_NUMBER, LAST_MODIFIED_TIME, UID_ROLLED_FWD_FROM)
values (223852, 223848, 1, 1, 223311, null, null, null, null, 223207, 1, null, '002001', 1, 1, 1, 2, null, null);
insert into CLASS_ (UNIQUEID, SUBPART_ID, EXPECTED_CAPACITY, NBR_ROOMS, PARENT_CLASS_ID, OWNER_ID, ROOM_CAPACITY, NOTES, DATE_PATTERN_ID, MANAGING_DEPT, DISPLAY_INSTRUCTOR, SCHED_PRINT_NOTE, CLASS_SUFFIX, DISPLAY_IN_SCHED_BOOK, MAX_EXPECTED_CAPACITY, ROOM_RATIO, SECTION_NUMBER, LAST_MODIFIED_TIME, UID_ROLLED_FWD_FROM)
values (223853, 223848, 1, 1, 223312, null, null, null, null, 223207, 1, null, '003001', 1, 1, 1, 3, null, null);
insert into CLASS_ (UNIQUEID, SUBPART_ID, EXPECTED_CAPACITY, NBR_ROOMS, PARENT_CLASS_ID, OWNER_ID, ROOM_CAPACITY, NOTES, DATE_PATTERN_ID, MANAGING_DEPT, DISPLAY_INSTRUCTOR, SCHED_PRINT_NOTE, CLASS_SUFFIX, DISPLAY_IN_SCHED_BOOK, MAX_EXPECTED_CAPACITY, ROOM_RATIO, SECTION_NUMBER, LAST_MODIFIED_TIME, UID_ROLLED_FWD_FROM)
values (223854, 223848, 1, 1, 223313, null, null, null, null, 223207, 1, null, '004001', 1, 1, 1, 4, null, null);
insert into CLASS_ (UNIQUEID, SUBPART_ID, EXPECTED_CAPACITY, NBR_ROOMS, PARENT_CLASS_ID, OWNER_ID, ROOM_CAPACITY, NOTES, DATE_PATTERN_ID, MANAGING_DEPT, DISPLAY_INSTRUCTOR, SCHED_PRINT_NOTE, CLASS_SUFFIX, DISPLAY_IN_SCHED_BOOK, MAX_EXPECTED_CAPACITY, ROOM_RATIO, SECTION_NUMBER, LAST_MODIFIED_TIME, UID_ROLLED_FWD_FROM)
values (223855, 223848, 1, 1, 223314, null, null, null, null, 223207, 1, null, '005001', 1, 1, 1, 5, null, null);
insert into CLASS_ (UNIQUEID, SUBPART_ID, EXPECTED_CAPACITY, NBR_ROOMS, PARENT_CLASS_ID, OWNER_ID, ROOM_CAPACITY, NOTES, DATE_PATTERN_ID, MANAGING_DEPT, DISPLAY_INSTRUCTOR, SCHED_PRINT_NOTE, CLASS_SUFFIX, DISPLAY_IN_SCHED_BOOK, MAX_EXPECTED_CAPACITY, ROOM_RATIO, SECTION_NUMBER, LAST_MODIFIED_TIME, UID_ROLLED_FWD_FROM)
values (223856, 223848, 1, 1, 223315, null, null, null, null, 223207, 1, null, '006001', 1, 1, 1, 6, null, null);
insert into CLASS_ (UNIQUEID, SUBPART_ID, EXPECTED_CAPACITY, NBR_ROOMS, PARENT_CLASS_ID, OWNER_ID, ROOM_CAPACITY, NOTES, DATE_PATTERN_ID, MANAGING_DEPT, DISPLAY_INSTRUCTOR, SCHED_PRINT_NOTE, CLASS_SUFFIX, DISPLAY_IN_SCHED_BOOK, MAX_EXPECTED_CAPACITY, ROOM_RATIO, SECTION_NUMBER, LAST_MODIFIED_TIME, UID_ROLLED_FWD_FROM)
values (223857, 223848, 1, 1, 223316, null, null, null, null, 223207, 1, null, '007001', 1, 1, 1, 7, null, null);
insert into CLASS_ (UNIQUEID, SUBPART_ID, EXPECTED_CAPACITY, NBR_ROOMS, PARENT_CLASS_ID, OWNER_ID, ROOM_CAPACITY, NOTES, DATE_PATTERN_ID, MANAGING_DEPT, DISPLAY_INSTRUCTOR, SCHED_PRINT_NOTE, CLASS_SUFFIX, DISPLAY_IN_SCHED_BOOK, MAX_EXPECTED_CAPACITY, ROOM_RATIO, SECTION_NUMBER, LAST_MODIFIED_TIME, UID_ROLLED_FWD_FROM)
values (223858, 223848, 1, 1, 223317, null, null, null, null, 223207, 1, null, '008001', 1, 1, 1, 8, null, null);
insert into CLASS_ (UNIQUEID, SUBPART_ID, EXPECTED_CAPACITY, NBR_ROOMS, PARENT_CLASS_ID, OWNER_ID, ROOM_CAPACITY, NOTES, DATE_PATTERN_ID, MANAGING_DEPT, DISPLAY_INSTRUCTOR, SCHED_PRINT_NOTE, CLASS_SUFFIX, DISPLAY_IN_SCHED_BOOK, MAX_EXPECTED_CAPACITY, ROOM_RATIO, SECTION_NUMBER, LAST_MODIFIED_TIME, UID_ROLLED_FWD_FROM)
values (223859, 223848, 1, 1, 223318, null, null, null, null, 223207, 1, null, '009001', 1, 1, 1, 9, null, null);
insert into CLASS_ (UNIQUEID, SUBPART_ID, EXPECTED_CAPACITY, NBR_ROOMS, PARENT_CLASS_ID, OWNER_ID, ROOM_CAPACITY, NOTES, DATE_PATTERN_ID, MANAGING_DEPT, DISPLAY_INSTRUCTOR, SCHED_PRINT_NOTE, CLASS_SUFFIX, DISPLAY_IN_SCHED_BOOK, MAX_EXPECTED_CAPACITY, ROOM_RATIO, SECTION_NUMBER, LAST_MODIFIED_TIME, UID_ROLLED_FWD_FROM)
values (223860, 223848, 1, 1, 223319, null, null, null, null, 223207, 1, null, '010001', 1, 1, 1, 10, null, null);
insert into CLASS_ (UNIQUEID, SUBPART_ID, EXPECTED_CAPACITY, NBR_ROOMS, PARENT_CLASS_ID, OWNER_ID, ROOM_CAPACITY, NOTES, DATE_PATTERN_ID, MANAGING_DEPT, DISPLAY_INSTRUCTOR, SCHED_PRINT_NOTE, CLASS_SUFFIX, DISPLAY_IN_SCHED_BOOK, MAX_EXPECTED_CAPACITY, ROOM_RATIO, SECTION_NUMBER, LAST_MODIFIED_TIME, UID_ROLLED_FWD_FROM)
values (223869, 223867, 4, 1, null, null, null, null, null, 226199, 1, null, '002001', 1, 4, 1, 1, null, null);
insert into CLASS_ (UNIQUEID, SUBPART_ID, EXPECTED_CAPACITY, NBR_ROOMS, PARENT_CLASS_ID, OWNER_ID, ROOM_CAPACITY, NOTES, DATE_PATTERN_ID, MANAGING_DEPT, DISPLAY_INSTRUCTOR, SCHED_PRINT_NOTE, CLASS_SUFFIX, DISPLAY_IN_SCHED_BOOK, MAX_EXPECTED_CAPACITY, ROOM_RATIO, SECTION_NUMBER, LAST_MODIFIED_TIME, UID_ROLLED_FWD_FROM)
values (223870, 223868, 1, 1, 223869, null, null, null, null, 223207, 1, null, '007001', 1, 1, 1, 1, null, null);
insert into CLASS_ (UNIQUEID, SUBPART_ID, EXPECTED_CAPACITY, NBR_ROOMS, PARENT_CLASS_ID, OWNER_ID, ROOM_CAPACITY, NOTES, DATE_PATTERN_ID, MANAGING_DEPT, DISPLAY_INSTRUCTOR, SCHED_PRINT_NOTE, CLASS_SUFFIX, DISPLAY_IN_SCHED_BOOK, MAX_EXPECTED_CAPACITY, ROOM_RATIO, SECTION_NUMBER, LAST_MODIFIED_TIME, UID_ROLLED_FWD_FROM)
values (224057, 224056, 3, 1, null, null, null, null, null, 226199, 1, null, '001001', 1, 3, 1, 1, null, null);
insert into CLASS_ (UNIQUEID, SUBPART_ID, EXPECTED_CAPACITY, NBR_ROOMS, PARENT_CLASS_ID, OWNER_ID, ROOM_CAPACITY, NOTES, DATE_PATTERN_ID, MANAGING_DEPT, DISPLAY_INSTRUCTOR, SCHED_PRINT_NOTE, CLASS_SUFFIX, DISPLAY_IN_SCHED_BOOK, MAX_EXPECTED_CAPACITY, ROOM_RATIO, SECTION_NUMBER, LAST_MODIFIED_TIME, UID_ROLLED_FWD_FROM)
values (224059, 224058, 1, 1, null, null, null, null, null, 223207, 1, null, '003001', 1, 1, 1, 1, null, null);
insert into CLASS_ (UNIQUEID, SUBPART_ID, EXPECTED_CAPACITY, NBR_ROOMS, PARENT_CLASS_ID, OWNER_ID, ROOM_CAPACITY, NOTES, DATE_PATTERN_ID, MANAGING_DEPT, DISPLAY_INSTRUCTOR, SCHED_PRINT_NOTE, CLASS_SUFFIX, DISPLAY_IN_SCHED_BOOK, MAX_EXPECTED_CAPACITY, ROOM_RATIO, SECTION_NUMBER, LAST_MODIFIED_TIME, UID_ROLLED_FWD_FROM)
values (224060, 224058, 1, 1, null, null, null, null, null, 223207, 1, null, '002001', 1, 1, 1, 2, null, null);
insert into CLASS_ (UNIQUEID, SUBPART_ID, EXPECTED_CAPACITY, NBR_ROOMS, PARENT_CLASS_ID, OWNER_ID, ROOM_CAPACITY, NOTES, DATE_PATTERN_ID, MANAGING_DEPT, DISPLAY_INSTRUCTOR, SCHED_PRINT_NOTE, CLASS_SUFFIX, DISPLAY_IN_SCHED_BOOK, MAX_EXPECTED_CAPACITY, ROOM_RATIO, SECTION_NUMBER, LAST_MODIFIED_TIME, UID_ROLLED_FWD_FROM)
values (224061, 224058, 1, 1, null, null, null, null, null, 223207, 1, null, '001001', 1, 1, 1, 3, null, null);
insert into CLASS_ (UNIQUEID, SUBPART_ID, EXPECTED_CAPACITY, NBR_ROOMS, PARENT_CLASS_ID, OWNER_ID, ROOM_CAPACITY, NOTES, DATE_PATTERN_ID, MANAGING_DEPT, DISPLAY_INSTRUCTOR, SCHED_PRINT_NOTE, CLASS_SUFFIX, DISPLAY_IN_SCHED_BOOK, MAX_EXPECTED_CAPACITY, ROOM_RATIO, SECTION_NUMBER, LAST_MODIFIED_TIME, UID_ROLLED_FWD_FROM)
values (223884, 223228, 2, 1, null, null, null, null, null, 223207, 1, null, '001001', 1, 2, 1, 1, null, null);
insert into CLASS_ (UNIQUEID, SUBPART_ID, EXPECTED_CAPACITY, NBR_ROOMS, PARENT_CLASS_ID, OWNER_ID, ROOM_CAPACITY, NOTES, DATE_PATTERN_ID, MANAGING_DEPT, DISPLAY_INSTRUCTOR, SCHED_PRINT_NOTE, CLASS_SUFFIX, DISPLAY_IN_SCHED_BOOK, MAX_EXPECTED_CAPACITY, ROOM_RATIO, SECTION_NUMBER, LAST_MODIFIED_TIME, UID_ROLLED_FWD_FROM)
values (223899, 223239, 4, 1, null, null, null, null, null, 226199, 1, null, '002001', 1, 4, 1, 2, null, null);
insert into CLASS_ (UNIQUEID, SUBPART_ID, EXPECTED_CAPACITY, NBR_ROOMS, PARENT_CLASS_ID, OWNER_ID, ROOM_CAPACITY, NOTES, DATE_PATTERN_ID, MANAGING_DEPT, DISPLAY_INSTRUCTOR, SCHED_PRINT_NOTE, CLASS_SUFFIX, DISPLAY_IN_SCHED_BOOK, MAX_EXPECTED_CAPACITY, ROOM_RATIO, SECTION_NUMBER, LAST_MODIFIED_TIME, UID_ROLLED_FWD_FROM)
values (223900, 223239, 4, 1, null, null, null, null, null, 226199, 1, null, '001001', 1, 4, 1, 3, null, null);
insert into CLASS_ (UNIQUEID, SUBPART_ID, EXPECTED_CAPACITY, NBR_ROOMS, PARENT_CLASS_ID, OWNER_ID, ROOM_CAPACITY, NOTES, DATE_PATTERN_ID, MANAGING_DEPT, DISPLAY_INSTRUCTOR, SCHED_PRINT_NOTE, CLASS_SUFFIX, DISPLAY_IN_SCHED_BOOK, MAX_EXPECTED_CAPACITY, ROOM_RATIO, SECTION_NUMBER, LAST_MODIFIED_TIME, UID_ROLLED_FWD_FROM)
values (223902, 223901, 1, 1, null, null, null, null, null, 223207, 1, null, '004001', 1, 1, 1, 1, null, null);
insert into CLASS_ (UNIQUEID, SUBPART_ID, EXPECTED_CAPACITY, NBR_ROOMS, PARENT_CLASS_ID, OWNER_ID, ROOM_CAPACITY, NOTES, DATE_PATTERN_ID, MANAGING_DEPT, DISPLAY_INSTRUCTOR, SCHED_PRINT_NOTE, CLASS_SUFFIX, DISPLAY_IN_SCHED_BOOK, MAX_EXPECTED_CAPACITY, ROOM_RATIO, SECTION_NUMBER, LAST_MODIFIED_TIME, UID_ROLLED_FWD_FROM)
values (223903, 223901, 1, 1, null, null, null, null, null, 223207, 1, null, '010001', 1, 1, 1, 2, null, null);
insert into CLASS_ (UNIQUEID, SUBPART_ID, EXPECTED_CAPACITY, NBR_ROOMS, PARENT_CLASS_ID, OWNER_ID, ROOM_CAPACITY, NOTES, DATE_PATTERN_ID, MANAGING_DEPT, DISPLAY_INSTRUCTOR, SCHED_PRINT_NOTE, CLASS_SUFFIX, DISPLAY_IN_SCHED_BOOK, MAX_EXPECTED_CAPACITY, ROOM_RATIO, SECTION_NUMBER, LAST_MODIFIED_TIME, UID_ROLLED_FWD_FROM)
values (223904, 223901, 1, 1, null, null, null, null, null, 223207, 1, null, '005001', 1, 1, 1, 3, null, null);
insert into CLASS_ (UNIQUEID, SUBPART_ID, EXPECTED_CAPACITY, NBR_ROOMS, PARENT_CLASS_ID, OWNER_ID, ROOM_CAPACITY, NOTES, DATE_PATTERN_ID, MANAGING_DEPT, DISPLAY_INSTRUCTOR, SCHED_PRINT_NOTE, CLASS_SUFFIX, DISPLAY_IN_SCHED_BOOK, MAX_EXPECTED_CAPACITY, ROOM_RATIO, SECTION_NUMBER, LAST_MODIFIED_TIME, UID_ROLLED_FWD_FROM)
values (223905, 223901, 1, 1, null, null, null, null, null, 223207, 1, null, '011001', 1, 1, 1, 4, null, null);
insert into CLASS_ (UNIQUEID, SUBPART_ID, EXPECTED_CAPACITY, NBR_ROOMS, PARENT_CLASS_ID, OWNER_ID, ROOM_CAPACITY, NOTES, DATE_PATTERN_ID, MANAGING_DEPT, DISPLAY_INSTRUCTOR, SCHED_PRINT_NOTE, CLASS_SUFFIX, DISPLAY_IN_SCHED_BOOK, MAX_EXPECTED_CAPACITY, ROOM_RATIO, SECTION_NUMBER, LAST_MODIFIED_TIME, UID_ROLLED_FWD_FROM)
values (223906, 223901, 1, 1, null, null, null, null, null, 223207, 1, null, '002001', 1, 1, 1, 5, null, null);
insert into CLASS_ (UNIQUEID, SUBPART_ID, EXPECTED_CAPACITY, NBR_ROOMS, PARENT_CLASS_ID, OWNER_ID, ROOM_CAPACITY, NOTES, DATE_PATTERN_ID, MANAGING_DEPT, DISPLAY_INSTRUCTOR, SCHED_PRINT_NOTE, CLASS_SUFFIX, DISPLAY_IN_SCHED_BOOK, MAX_EXPECTED_CAPACITY, ROOM_RATIO, SECTION_NUMBER, LAST_MODIFIED_TIME, UID_ROLLED_FWD_FROM)
values (223907, 223901, 1, 1, null, null, null, null, null, 223207, 1, null, '003001', 1, 1, 1, 6, null, null);
insert into CLASS_ (UNIQUEID, SUBPART_ID, EXPECTED_CAPACITY, NBR_ROOMS, PARENT_CLASS_ID, OWNER_ID, ROOM_CAPACITY, NOTES, DATE_PATTERN_ID, MANAGING_DEPT, DISPLAY_INSTRUCTOR, SCHED_PRINT_NOTE, CLASS_SUFFIX, DISPLAY_IN_SCHED_BOOK, MAX_EXPECTED_CAPACITY, ROOM_RATIO, SECTION_NUMBER, LAST_MODIFIED_TIME, UID_ROLLED_FWD_FROM)
values (223908, 223901, 1, 1, null, null, null, null, null, 223207, 1, null, '001001', 1, 1, 1, 7, null, null);
insert into CLASS_ (UNIQUEID, SUBPART_ID, EXPECTED_CAPACITY, NBR_ROOMS, PARENT_CLASS_ID, OWNER_ID, ROOM_CAPACITY, NOTES, DATE_PATTERN_ID, MANAGING_DEPT, DISPLAY_INSTRUCTOR, SCHED_PRINT_NOTE, CLASS_SUFFIX, DISPLAY_IN_SCHED_BOOK, MAX_EXPECTED_CAPACITY, ROOM_RATIO, SECTION_NUMBER, LAST_MODIFIED_TIME, UID_ROLLED_FWD_FROM)
values (223909, 223901, 1, 1, null, null, null, null, null, 223207, 1, null, '009001', 1, 1, 1, 8, null, null);
insert into CLASS_ (UNIQUEID, SUBPART_ID, EXPECTED_CAPACITY, NBR_ROOMS, PARENT_CLASS_ID, OWNER_ID, ROOM_CAPACITY, NOTES, DATE_PATTERN_ID, MANAGING_DEPT, DISPLAY_INSTRUCTOR, SCHED_PRINT_NOTE, CLASS_SUFFIX, DISPLAY_IN_SCHED_BOOK, MAX_EXPECTED_CAPACITY, ROOM_RATIO, SECTION_NUMBER, LAST_MODIFIED_TIME, UID_ROLLED_FWD_FROM)
values (223910, 223901, 1, 1, null, null, null, null, null, 223207, 1, null, '006001', 1, 1, 1, 9, null, null);
insert into CLASS_ (UNIQUEID, SUBPART_ID, EXPECTED_CAPACITY, NBR_ROOMS, PARENT_CLASS_ID, OWNER_ID, ROOM_CAPACITY, NOTES, DATE_PATTERN_ID, MANAGING_DEPT, DISPLAY_INSTRUCTOR, SCHED_PRINT_NOTE, CLASS_SUFFIX, DISPLAY_IN_SCHED_BOOK, MAX_EXPECTED_CAPACITY, ROOM_RATIO, SECTION_NUMBER, LAST_MODIFIED_TIME, UID_ROLLED_FWD_FROM)
values (223973, 223925, 4, 1, null, null, null, null, null, 226199, 1, null, '002001', 1, 4, 1, 3, null, null);
insert into CLASS_ (UNIQUEID, SUBPART_ID, EXPECTED_CAPACITY, NBR_ROOMS, PARENT_CLASS_ID, OWNER_ID, ROOM_CAPACITY, NOTES, DATE_PATTERN_ID, MANAGING_DEPT, DISPLAY_INSTRUCTOR, SCHED_PRINT_NOTE, CLASS_SUFFIX, DISPLAY_IN_SCHED_BOOK, MAX_EXPECTED_CAPACITY, ROOM_RATIO, SECTION_NUMBER, LAST_MODIFIED_TIME, UID_ROLLED_FWD_FROM)
values (223976, 223901, 1, 1, null, null, null, null, null, 223207, 1, null, '008001', 1, 1, 1, 10, null, null);
insert into CLASS_ (UNIQUEID, SUBPART_ID, EXPECTED_CAPACITY, NBR_ROOMS, PARENT_CLASS_ID, OWNER_ID, ROOM_CAPACITY, NOTES, DATE_PATTERN_ID, MANAGING_DEPT, DISPLAY_INSTRUCTOR, SCHED_PRINT_NOTE, CLASS_SUFFIX, DISPLAY_IN_SCHED_BOOK, MAX_EXPECTED_CAPACITY, ROOM_RATIO, SECTION_NUMBER, LAST_MODIFIED_TIME, UID_ROLLED_FWD_FROM)
values (223914, 223913, 1, 1, null, null, null, null, null, 223207, 1, null, '010001', 1, 1, 1, 1, null, null);
insert into CLASS_ (UNIQUEID, SUBPART_ID, EXPECTED_CAPACITY, NBR_ROOMS, PARENT_CLASS_ID, OWNER_ID, ROOM_CAPACITY, NOTES, DATE_PATTERN_ID, MANAGING_DEPT, DISPLAY_INSTRUCTOR, SCHED_PRINT_NOTE, CLASS_SUFFIX, DISPLAY_IN_SCHED_BOOK, MAX_EXPECTED_CAPACITY, ROOM_RATIO, SECTION_NUMBER, LAST_MODIFIED_TIME, UID_ROLLED_FWD_FROM)
values (223915, 223913, 1, 1, null, null, null, null, null, 223207, 1, null, '003001', 1, 1, 1, 2, null, null);
insert into CLASS_ (UNIQUEID, SUBPART_ID, EXPECTED_CAPACITY, NBR_ROOMS, PARENT_CLASS_ID, OWNER_ID, ROOM_CAPACITY, NOTES, DATE_PATTERN_ID, MANAGING_DEPT, DISPLAY_INSTRUCTOR, SCHED_PRINT_NOTE, CLASS_SUFFIX, DISPLAY_IN_SCHED_BOOK, MAX_EXPECTED_CAPACITY, ROOM_RATIO, SECTION_NUMBER, LAST_MODIFIED_TIME, UID_ROLLED_FWD_FROM)
values (223916, 223913, 1, 1, null, null, null, null, null, 223207, 1, null, '002001', 1, 1, 1, 3, null, null);
insert into CLASS_ (UNIQUEID, SUBPART_ID, EXPECTED_CAPACITY, NBR_ROOMS, PARENT_CLASS_ID, OWNER_ID, ROOM_CAPACITY, NOTES, DATE_PATTERN_ID, MANAGING_DEPT, DISPLAY_INSTRUCTOR, SCHED_PRINT_NOTE, CLASS_SUFFIX, DISPLAY_IN_SCHED_BOOK, MAX_EXPECTED_CAPACITY, ROOM_RATIO, SECTION_NUMBER, LAST_MODIFIED_TIME, UID_ROLLED_FWD_FROM)
values (223917, 223913, 1, 1, null, null, null, null, null, 223207, 1, null, '001001', 1, 1, 1, 4, null, null);
commit;
prompt 100 records committed...
insert into CLASS_ (UNIQUEID, SUBPART_ID, EXPECTED_CAPACITY, NBR_ROOMS, PARENT_CLASS_ID, OWNER_ID, ROOM_CAPACITY, NOTES, DATE_PATTERN_ID, MANAGING_DEPT, DISPLAY_INSTRUCTOR, SCHED_PRINT_NOTE, CLASS_SUFFIX, DISPLAY_IN_SCHED_BOOK, MAX_EXPECTED_CAPACITY, ROOM_RATIO, SECTION_NUMBER, LAST_MODIFIED_TIME, UID_ROLLED_FWD_FROM)
values (223918, 223913, 1, 1, null, null, null, null, null, 223207, 1, null, '011001', 1, 1, 1, 5, null, null);
insert into CLASS_ (UNIQUEID, SUBPART_ID, EXPECTED_CAPACITY, NBR_ROOMS, PARENT_CLASS_ID, OWNER_ID, ROOM_CAPACITY, NOTES, DATE_PATTERN_ID, MANAGING_DEPT, DISPLAY_INSTRUCTOR, SCHED_PRINT_NOTE, CLASS_SUFFIX, DISPLAY_IN_SCHED_BOOK, MAX_EXPECTED_CAPACITY, ROOM_RATIO, SECTION_NUMBER, LAST_MODIFIED_TIME, UID_ROLLED_FWD_FROM)
values (223919, 223913, 1, 1, null, null, null, null, null, 223207, 1, null, '007001', 1, 1, 1, 6, null, null);
insert into CLASS_ (UNIQUEID, SUBPART_ID, EXPECTED_CAPACITY, NBR_ROOMS, PARENT_CLASS_ID, OWNER_ID, ROOM_CAPACITY, NOTES, DATE_PATTERN_ID, MANAGING_DEPT, DISPLAY_INSTRUCTOR, SCHED_PRINT_NOTE, CLASS_SUFFIX, DISPLAY_IN_SCHED_BOOK, MAX_EXPECTED_CAPACITY, ROOM_RATIO, SECTION_NUMBER, LAST_MODIFIED_TIME, UID_ROLLED_FWD_FROM)
values (223920, 223913, 1, 1, null, null, null, null, null, 223207, 1, null, '006001', 1, 1, 1, 7, null, null);
insert into CLASS_ (UNIQUEID, SUBPART_ID, EXPECTED_CAPACITY, NBR_ROOMS, PARENT_CLASS_ID, OWNER_ID, ROOM_CAPACITY, NOTES, DATE_PATTERN_ID, MANAGING_DEPT, DISPLAY_INSTRUCTOR, SCHED_PRINT_NOTE, CLASS_SUFFIX, DISPLAY_IN_SCHED_BOOK, MAX_EXPECTED_CAPACITY, ROOM_RATIO, SECTION_NUMBER, LAST_MODIFIED_TIME, UID_ROLLED_FWD_FROM)
values (223921, 223913, 1, 1, null, null, null, null, null, 223207, 1, null, '008001', 1, 1, 1, 8, null, null);
insert into CLASS_ (UNIQUEID, SUBPART_ID, EXPECTED_CAPACITY, NBR_ROOMS, PARENT_CLASS_ID, OWNER_ID, ROOM_CAPACITY, NOTES, DATE_PATTERN_ID, MANAGING_DEPT, DISPLAY_INSTRUCTOR, SCHED_PRINT_NOTE, CLASS_SUFFIX, DISPLAY_IN_SCHED_BOOK, MAX_EXPECTED_CAPACITY, ROOM_RATIO, SECTION_NUMBER, LAST_MODIFIED_TIME, UID_ROLLED_FWD_FROM)
values (223922, 223913, 1, 1, null, null, null, null, null, 223207, 1, null, '009001', 1, 1, 1, 9, null, null);
insert into CLASS_ (UNIQUEID, SUBPART_ID, EXPECTED_CAPACITY, NBR_ROOMS, PARENT_CLASS_ID, OWNER_ID, ROOM_CAPACITY, NOTES, DATE_PATTERN_ID, MANAGING_DEPT, DISPLAY_INSTRUCTOR, SCHED_PRINT_NOTE, CLASS_SUFFIX, DISPLAY_IN_SCHED_BOOK, MAX_EXPECTED_CAPACITY, ROOM_RATIO, SECTION_NUMBER, LAST_MODIFIED_TIME, UID_ROLLED_FWD_FROM)
values (223977, 223901, 1, 1, null, null, null, null, null, 223207, 1, null, '007001', 1, 1, 1, 11, null, null);
insert into CLASS_ (UNIQUEID, SUBPART_ID, EXPECTED_CAPACITY, NBR_ROOMS, PARENT_CLASS_ID, OWNER_ID, ROOM_CAPACITY, NOTES, DATE_PATTERN_ID, MANAGING_DEPT, DISPLAY_INSTRUCTOR, SCHED_PRINT_NOTE, CLASS_SUFFIX, DISPLAY_IN_SCHED_BOOK, MAX_EXPECTED_CAPACITY, ROOM_RATIO, SECTION_NUMBER, LAST_MODIFIED_TIME, UID_ROLLED_FWD_FROM)
values (223978, 223913, 1, 1, null, null, null, null, null, 223207, 1, null, '005001', 1, 1, 1, 10, null, null);
insert into CLASS_ (UNIQUEID, SUBPART_ID, EXPECTED_CAPACITY, NBR_ROOMS, PARENT_CLASS_ID, OWNER_ID, ROOM_CAPACITY, NOTES, DATE_PATTERN_ID, MANAGING_DEPT, DISPLAY_INSTRUCTOR, SCHED_PRINT_NOTE, CLASS_SUFFIX, DISPLAY_IN_SCHED_BOOK, MAX_EXPECTED_CAPACITY, ROOM_RATIO, SECTION_NUMBER, LAST_MODIFIED_TIME, UID_ROLLED_FWD_FROM)
values (223926, 223925, 4, 1, null, null, null, null, null, 226199, 1, null, '001001', 1, 4, 1, 1, null, null);
insert into CLASS_ (UNIQUEID, SUBPART_ID, EXPECTED_CAPACITY, NBR_ROOMS, PARENT_CLASS_ID, OWNER_ID, ROOM_CAPACITY, NOTES, DATE_PATTERN_ID, MANAGING_DEPT, DISPLAY_INSTRUCTOR, SCHED_PRINT_NOTE, CLASS_SUFFIX, DISPLAY_IN_SCHED_BOOK, MAX_EXPECTED_CAPACITY, ROOM_RATIO, SECTION_NUMBER, LAST_MODIFIED_TIME, UID_ROLLED_FWD_FROM)
values (223927, 223925, 4, 1, null, null, null, null, null, 226199, 1, null, '003001', 1, 4, 1, 2, null, null);
insert into CLASS_ (UNIQUEID, SUBPART_ID, EXPECTED_CAPACITY, NBR_ROOMS, PARENT_CLASS_ID, OWNER_ID, ROOM_CAPACITY, NOTES, DATE_PATTERN_ID, MANAGING_DEPT, DISPLAY_INSTRUCTOR, SCHED_PRINT_NOTE, CLASS_SUFFIX, DISPLAY_IN_SCHED_BOOK, MAX_EXPECTED_CAPACITY, ROOM_RATIO, SECTION_NUMBER, LAST_MODIFIED_TIME, UID_ROLLED_FWD_FROM)
values (223979, 223913, 1, 1, null, null, null, null, null, 223207, 1, null, '004001', 1, 1, 1, 11, null, null);
insert into CLASS_ (UNIQUEID, SUBPART_ID, EXPECTED_CAPACITY, NBR_ROOMS, PARENT_CLASS_ID, OWNER_ID, ROOM_CAPACITY, NOTES, DATE_PATTERN_ID, MANAGING_DEPT, DISPLAY_INSTRUCTOR, SCHED_PRINT_NOTE, CLASS_SUFFIX, DISPLAY_IN_SCHED_BOOK, MAX_EXPECTED_CAPACITY, ROOM_RATIO, SECTION_NUMBER, LAST_MODIFIED_TIME, UID_ROLLED_FWD_FROM)
values (223947, 223244, 2, 1, null, null, null, null, null, 223207, 1, null, '002001', 1, 2, 1, 2, null, null);
insert into CLASS_ (UNIQUEID, SUBPART_ID, EXPECTED_CAPACITY, NBR_ROOMS, PARENT_CLASS_ID, OWNER_ID, ROOM_CAPACITY, NOTES, DATE_PATTERN_ID, MANAGING_DEPT, DISPLAY_INSTRUCTOR, SCHED_PRINT_NOTE, CLASS_SUFFIX, DISPLAY_IN_SCHED_BOOK, MAX_EXPECTED_CAPACITY, ROOM_RATIO, SECTION_NUMBER, LAST_MODIFIED_TIME, UID_ROLLED_FWD_FROM)
values (223949, 223948, 1, 1, null, null, null, null, null, 223207, 1, null, '002001', 1, 1, 1, 1, null, null);
insert into CLASS_ (UNIQUEID, SUBPART_ID, EXPECTED_CAPACITY, NBR_ROOMS, PARENT_CLASS_ID, OWNER_ID, ROOM_CAPACITY, NOTES, DATE_PATTERN_ID, MANAGING_DEPT, DISPLAY_INSTRUCTOR, SCHED_PRINT_NOTE, CLASS_SUFFIX, DISPLAY_IN_SCHED_BOOK, MAX_EXPECTED_CAPACITY, ROOM_RATIO, SECTION_NUMBER, LAST_MODIFIED_TIME, UID_ROLLED_FWD_FROM)
values (223950, 223948, 1, 1, null, null, null, null, null, 223207, 1, null, '004001', 1, 1, 1, 2, null, null);
insert into CLASS_ (UNIQUEID, SUBPART_ID, EXPECTED_CAPACITY, NBR_ROOMS, PARENT_CLASS_ID, OWNER_ID, ROOM_CAPACITY, NOTES, DATE_PATTERN_ID, MANAGING_DEPT, DISPLAY_INSTRUCTOR, SCHED_PRINT_NOTE, CLASS_SUFFIX, DISPLAY_IN_SCHED_BOOK, MAX_EXPECTED_CAPACITY, ROOM_RATIO, SECTION_NUMBER, LAST_MODIFIED_TIME, UID_ROLLED_FWD_FROM)
values (223951, 223948, 1, 1, null, null, null, null, null, 223207, 1, null, '001001', 1, 1, 1, 3, null, null);
insert into CLASS_ (UNIQUEID, SUBPART_ID, EXPECTED_CAPACITY, NBR_ROOMS, PARENT_CLASS_ID, OWNER_ID, ROOM_CAPACITY, NOTES, DATE_PATTERN_ID, MANAGING_DEPT, DISPLAY_INSTRUCTOR, SCHED_PRINT_NOTE, CLASS_SUFFIX, DISPLAY_IN_SCHED_BOOK, MAX_EXPECTED_CAPACITY, ROOM_RATIO, SECTION_NUMBER, LAST_MODIFIED_TIME, UID_ROLLED_FWD_FROM)
values (223956, 223867, 4, 1, null, null, null, null, null, 226199, 1, null, '003001', 1, 4, 1, 2, null, null);
insert into CLASS_ (UNIQUEID, SUBPART_ID, EXPECTED_CAPACITY, NBR_ROOMS, PARENT_CLASS_ID, OWNER_ID, ROOM_CAPACITY, NOTES, DATE_PATTERN_ID, MANAGING_DEPT, DISPLAY_INSTRUCTOR, SCHED_PRINT_NOTE, CLASS_SUFFIX, DISPLAY_IN_SCHED_BOOK, MAX_EXPECTED_CAPACITY, ROOM_RATIO, SECTION_NUMBER, LAST_MODIFIED_TIME, UID_ROLLED_FWD_FROM)
values (223957, 223867, 4, 1, null, null, null, null, null, 226199, 1, null, '001001', 1, 4, 1, 3, null, null);
insert into CLASS_ (UNIQUEID, SUBPART_ID, EXPECTED_CAPACITY, NBR_ROOMS, PARENT_CLASS_ID, OWNER_ID, ROOM_CAPACITY, NOTES, DATE_PATTERN_ID, MANAGING_DEPT, DISPLAY_INSTRUCTOR, SCHED_PRINT_NOTE, CLASS_SUFFIX, DISPLAY_IN_SCHED_BOOK, MAX_EXPECTED_CAPACITY, ROOM_RATIO, SECTION_NUMBER, LAST_MODIFIED_TIME, UID_ROLLED_FWD_FROM)
values (223958, 223868, 1, 1, 223869, null, null, null, null, 223207, 1, null, '005001', 1, 1, 1, 2, null, null);
insert into CLASS_ (UNIQUEID, SUBPART_ID, EXPECTED_CAPACITY, NBR_ROOMS, PARENT_CLASS_ID, OWNER_ID, ROOM_CAPACITY, NOTES, DATE_PATTERN_ID, MANAGING_DEPT, DISPLAY_INSTRUCTOR, SCHED_PRINT_NOTE, CLASS_SUFFIX, DISPLAY_IN_SCHED_BOOK, MAX_EXPECTED_CAPACITY, ROOM_RATIO, SECTION_NUMBER, LAST_MODIFIED_TIME, UID_ROLLED_FWD_FROM)
values (223959, 223868, 1, 1, 223869, null, null, null, null, 223207, 1, null, '006001', 1, 1, 1, 3, null, null);
insert into CLASS_ (UNIQUEID, SUBPART_ID, EXPECTED_CAPACITY, NBR_ROOMS, PARENT_CLASS_ID, OWNER_ID, ROOM_CAPACITY, NOTES, DATE_PATTERN_ID, MANAGING_DEPT, DISPLAY_INSTRUCTOR, SCHED_PRINT_NOTE, CLASS_SUFFIX, DISPLAY_IN_SCHED_BOOK, MAX_EXPECTED_CAPACITY, ROOM_RATIO, SECTION_NUMBER, LAST_MODIFIED_TIME, UID_ROLLED_FWD_FROM)
values (223960, 223868, 1, 1, 223869, null, null, null, null, 223207, 1, null, '008001', 1, 1, 1, 4, null, null);
insert into CLASS_ (UNIQUEID, SUBPART_ID, EXPECTED_CAPACITY, NBR_ROOMS, PARENT_CLASS_ID, OWNER_ID, ROOM_CAPACITY, NOTES, DATE_PATTERN_ID, MANAGING_DEPT, DISPLAY_INSTRUCTOR, SCHED_PRINT_NOTE, CLASS_SUFFIX, DISPLAY_IN_SCHED_BOOK, MAX_EXPECTED_CAPACITY, ROOM_RATIO, SECTION_NUMBER, LAST_MODIFIED_TIME, UID_ROLLED_FWD_FROM)
values (223961, 223868, 1, 1, 223956, null, null, null, null, 223207, 1, null, '011001', 1, 1, 1, 5, null, null);
insert into CLASS_ (UNIQUEID, SUBPART_ID, EXPECTED_CAPACITY, NBR_ROOMS, PARENT_CLASS_ID, OWNER_ID, ROOM_CAPACITY, NOTES, DATE_PATTERN_ID, MANAGING_DEPT, DISPLAY_INSTRUCTOR, SCHED_PRINT_NOTE, CLASS_SUFFIX, DISPLAY_IN_SCHED_BOOK, MAX_EXPECTED_CAPACITY, ROOM_RATIO, SECTION_NUMBER, LAST_MODIFIED_TIME, UID_ROLLED_FWD_FROM)
values (223962, 223868, 1, 1, 223956, null, null, null, null, 223207, 1, null, '009001', 1, 1, 1, 6, null, null);
insert into CLASS_ (UNIQUEID, SUBPART_ID, EXPECTED_CAPACITY, NBR_ROOMS, PARENT_CLASS_ID, OWNER_ID, ROOM_CAPACITY, NOTES, DATE_PATTERN_ID, MANAGING_DEPT, DISPLAY_INSTRUCTOR, SCHED_PRINT_NOTE, CLASS_SUFFIX, DISPLAY_IN_SCHED_BOOK, MAX_EXPECTED_CAPACITY, ROOM_RATIO, SECTION_NUMBER, LAST_MODIFIED_TIME, UID_ROLLED_FWD_FROM)
values (223963, 223868, 1, 1, 223956, null, null, null, null, 223207, 1, null, '010001', 1, 1, 1, 7, null, null);
insert into CLASS_ (UNIQUEID, SUBPART_ID, EXPECTED_CAPACITY, NBR_ROOMS, PARENT_CLASS_ID, OWNER_ID, ROOM_CAPACITY, NOTES, DATE_PATTERN_ID, MANAGING_DEPT, DISPLAY_INSTRUCTOR, SCHED_PRINT_NOTE, CLASS_SUFFIX, DISPLAY_IN_SCHED_BOOK, MAX_EXPECTED_CAPACITY, ROOM_RATIO, SECTION_NUMBER, LAST_MODIFIED_TIME, UID_ROLLED_FWD_FROM)
values (223964, 223868, 1, 1, 223956, null, null, null, null, 223207, 1, null, '012001', 1, 1, 1, 8, null, null);
insert into CLASS_ (UNIQUEID, SUBPART_ID, EXPECTED_CAPACITY, NBR_ROOMS, PARENT_CLASS_ID, OWNER_ID, ROOM_CAPACITY, NOTES, DATE_PATTERN_ID, MANAGING_DEPT, DISPLAY_INSTRUCTOR, SCHED_PRINT_NOTE, CLASS_SUFFIX, DISPLAY_IN_SCHED_BOOK, MAX_EXPECTED_CAPACITY, ROOM_RATIO, SECTION_NUMBER, LAST_MODIFIED_TIME, UID_ROLLED_FWD_FROM)
values (223965, 223868, 1, 1, 223957, null, null, null, null, 223207, 1, null, '001001', 1, 1, 1, 9, null, null);
insert into CLASS_ (UNIQUEID, SUBPART_ID, EXPECTED_CAPACITY, NBR_ROOMS, PARENT_CLASS_ID, OWNER_ID, ROOM_CAPACITY, NOTES, DATE_PATTERN_ID, MANAGING_DEPT, DISPLAY_INSTRUCTOR, SCHED_PRINT_NOTE, CLASS_SUFFIX, DISPLAY_IN_SCHED_BOOK, MAX_EXPECTED_CAPACITY, ROOM_RATIO, SECTION_NUMBER, LAST_MODIFIED_TIME, UID_ROLLED_FWD_FROM)
values (223966, 223868, 1, 1, 223957, null, null, null, null, 223207, 1, null, '003001', 1, 1, 1, 10, null, null);
insert into CLASS_ (UNIQUEID, SUBPART_ID, EXPECTED_CAPACITY, NBR_ROOMS, PARENT_CLASS_ID, OWNER_ID, ROOM_CAPACITY, NOTES, DATE_PATTERN_ID, MANAGING_DEPT, DISPLAY_INSTRUCTOR, SCHED_PRINT_NOTE, CLASS_SUFFIX, DISPLAY_IN_SCHED_BOOK, MAX_EXPECTED_CAPACITY, ROOM_RATIO, SECTION_NUMBER, LAST_MODIFIED_TIME, UID_ROLLED_FWD_FROM)
values (223967, 223868, 1, 1, 223957, null, null, null, null, 223207, 1, null, '002001', 1, 1, 1, 11, null, null);
insert into CLASS_ (UNIQUEID, SUBPART_ID, EXPECTED_CAPACITY, NBR_ROOMS, PARENT_CLASS_ID, OWNER_ID, ROOM_CAPACITY, NOTES, DATE_PATTERN_ID, MANAGING_DEPT, DISPLAY_INSTRUCTOR, SCHED_PRINT_NOTE, CLASS_SUFFIX, DISPLAY_IN_SCHED_BOOK, MAX_EXPECTED_CAPACITY, ROOM_RATIO, SECTION_NUMBER, LAST_MODIFIED_TIME, UID_ROLLED_FWD_FROM)
values (223968, 223868, 1, 1, 223957, null, null, null, null, 223207, 1, null, '004001', 1, 1, 1, 12, null, null);
insert into CLASS_ (UNIQUEID, SUBPART_ID, EXPECTED_CAPACITY, NBR_ROOMS, PARENT_CLASS_ID, OWNER_ID, ROOM_CAPACITY, NOTES, DATE_PATTERN_ID, MANAGING_DEPT, DISPLAY_INSTRUCTOR, SCHED_PRINT_NOTE, CLASS_SUFFIX, DISPLAY_IN_SCHED_BOOK, MAX_EXPECTED_CAPACITY, ROOM_RATIO, SECTION_NUMBER, LAST_MODIFIED_TIME, UID_ROLLED_FWD_FROM)
values (223970, 223948, 1, 1, null, null, null, null, null, 223207, 1, null, '003001', 1, 1, 1, 4, null, null);
insert into CLASS_ (UNIQUEID, SUBPART_ID, EXPECTED_CAPACITY, NBR_ROOMS, PARENT_CLASS_ID, OWNER_ID, ROOM_CAPACITY, NOTES, DATE_PATTERN_ID, MANAGING_DEPT, DISPLAY_INSTRUCTOR, SCHED_PRINT_NOTE, CLASS_SUFFIX, DISPLAY_IN_SCHED_BOOK, MAX_EXPECTED_CAPACITY, ROOM_RATIO, SECTION_NUMBER, LAST_MODIFIED_TIME, UID_ROLLED_FWD_FROM)
values (223996, 223995, 3, 1, null, null, null, null, null, 223207, 1, null, '001001', 1, 3, 1, 1, null, null);
insert into CLASS_ (UNIQUEID, SUBPART_ID, EXPECTED_CAPACITY, NBR_ROOMS, PARENT_CLASS_ID, OWNER_ID, ROOM_CAPACITY, NOTES, DATE_PATTERN_ID, MANAGING_DEPT, DISPLAY_INSTRUCTOR, SCHED_PRINT_NOTE, CLASS_SUFFIX, DISPLAY_IN_SCHED_BOOK, MAX_EXPECTED_CAPACITY, ROOM_RATIO, SECTION_NUMBER, LAST_MODIFIED_TIME, UID_ROLLED_FWD_FROM)
values (223998, 223997, 1, 1, null, null, null, null, null, 223207, 1, null, '003001', 1, 1, 1, 1, null, null);
insert into CLASS_ (UNIQUEID, SUBPART_ID, EXPECTED_CAPACITY, NBR_ROOMS, PARENT_CLASS_ID, OWNER_ID, ROOM_CAPACITY, NOTES, DATE_PATTERN_ID, MANAGING_DEPT, DISPLAY_INSTRUCTOR, SCHED_PRINT_NOTE, CLASS_SUFFIX, DISPLAY_IN_SCHED_BOOK, MAX_EXPECTED_CAPACITY, ROOM_RATIO, SECTION_NUMBER, LAST_MODIFIED_TIME, UID_ROLLED_FWD_FROM)
values (223999, 223997, 1, 1, null, null, null, null, null, 223207, 1, null, '001001', 1, 1, 1, 2, null, null);
insert into CLASS_ (UNIQUEID, SUBPART_ID, EXPECTED_CAPACITY, NBR_ROOMS, PARENT_CLASS_ID, OWNER_ID, ROOM_CAPACITY, NOTES, DATE_PATTERN_ID, MANAGING_DEPT, DISPLAY_INSTRUCTOR, SCHED_PRINT_NOTE, CLASS_SUFFIX, DISPLAY_IN_SCHED_BOOK, MAX_EXPECTED_CAPACITY, ROOM_RATIO, SECTION_NUMBER, LAST_MODIFIED_TIME, UID_ROLLED_FWD_FROM)
values (224000, 223997, 1, 1, null, null, null, null, null, 223207, 1, null, '002001', 1, 1, 1, 3, null, null);
insert into CLASS_ (UNIQUEID, SUBPART_ID, EXPECTED_CAPACITY, NBR_ROOMS, PARENT_CLASS_ID, OWNER_ID, ROOM_CAPACITY, NOTES, DATE_PATTERN_ID, MANAGING_DEPT, DISPLAY_INSTRUCTOR, SCHED_PRINT_NOTE, CLASS_SUFFIX, DISPLAY_IN_SCHED_BOOK, MAX_EXPECTED_CAPACITY, ROOM_RATIO, SECTION_NUMBER, LAST_MODIFIED_TIME, UID_ROLLED_FWD_FROM)
values (224005, 224004, 1, 1, 223324, null, null, null, null, 223207, 1, null, '001001', 1, 1, 1, 1, null, null);
insert into CLASS_ (UNIQUEID, SUBPART_ID, EXPECTED_CAPACITY, NBR_ROOMS, PARENT_CLASS_ID, OWNER_ID, ROOM_CAPACITY, NOTES, DATE_PATTERN_ID, MANAGING_DEPT, DISPLAY_INSTRUCTOR, SCHED_PRINT_NOTE, CLASS_SUFFIX, DISPLAY_IN_SCHED_BOOK, MAX_EXPECTED_CAPACITY, ROOM_RATIO, SECTION_NUMBER, LAST_MODIFIED_TIME, UID_ROLLED_FWD_FROM)
values (224006, 224004, 1, 1, 223324, null, null, null, null, 223207, 1, null, '002001', 1, 1, 1, 2, null, null);
insert into CLASS_ (UNIQUEID, SUBPART_ID, EXPECTED_CAPACITY, NBR_ROOMS, PARENT_CLASS_ID, OWNER_ID, ROOM_CAPACITY, NOTES, DATE_PATTERN_ID, MANAGING_DEPT, DISPLAY_INSTRUCTOR, SCHED_PRINT_NOTE, CLASS_SUFFIX, DISPLAY_IN_SCHED_BOOK, MAX_EXPECTED_CAPACITY, ROOM_RATIO, SECTION_NUMBER, LAST_MODIFIED_TIME, UID_ROLLED_FWD_FROM)
values (224007, 224004, 1, 1, 223325, null, null, null, null, 223207, 1, null, '003001', 1, 1, 1, 3, null, null);
insert into CLASS_ (UNIQUEID, SUBPART_ID, EXPECTED_CAPACITY, NBR_ROOMS, PARENT_CLASS_ID, OWNER_ID, ROOM_CAPACITY, NOTES, DATE_PATTERN_ID, MANAGING_DEPT, DISPLAY_INSTRUCTOR, SCHED_PRINT_NOTE, CLASS_SUFFIX, DISPLAY_IN_SCHED_BOOK, MAX_EXPECTED_CAPACITY, ROOM_RATIO, SECTION_NUMBER, LAST_MODIFIED_TIME, UID_ROLLED_FWD_FROM)
values (224008, 224004, 1, 1, 223325, null, null, null, null, 223207, 1, null, '004001', 1, 1, 1, 4, null, null);
insert into CLASS_ (UNIQUEID, SUBPART_ID, EXPECTED_CAPACITY, NBR_ROOMS, PARENT_CLASS_ID, OWNER_ID, ROOM_CAPACITY, NOTES, DATE_PATTERN_ID, MANAGING_DEPT, DISPLAY_INSTRUCTOR, SCHED_PRINT_NOTE, CLASS_SUFFIX, DISPLAY_IN_SCHED_BOOK, MAX_EXPECTED_CAPACITY, ROOM_RATIO, SECTION_NUMBER, LAST_MODIFIED_TIME, UID_ROLLED_FWD_FROM)
values (224017, 224016, 2, 1, null, null, null, null, null, 223207, 1, null, '001001', 1, 2, 1, 1, null, null);
insert into CLASS_ (UNIQUEID, SUBPART_ID, EXPECTED_CAPACITY, NBR_ROOMS, PARENT_CLASS_ID, OWNER_ID, ROOM_CAPACITY, NOTES, DATE_PATTERN_ID, MANAGING_DEPT, DISPLAY_INSTRUCTOR, SCHED_PRINT_NOTE, CLASS_SUFFIX, DISPLAY_IN_SCHED_BOOK, MAX_EXPECTED_CAPACITY, ROOM_RATIO, SECTION_NUMBER, LAST_MODIFIED_TIME, UID_ROLLED_FWD_FROM)
values (224022, 224021, 4, 1, null, null, null, null, null, 226199, 1, null, '001001', 1, 4, 1, 1, null, null);
insert into CLASS_ (UNIQUEID, SUBPART_ID, EXPECTED_CAPACITY, NBR_ROOMS, PARENT_CLASS_ID, OWNER_ID, ROOM_CAPACITY, NOTES, DATE_PATTERN_ID, MANAGING_DEPT, DISPLAY_INSTRUCTOR, SCHED_PRINT_NOTE, CLASS_SUFFIX, DISPLAY_IN_SCHED_BOOK, MAX_EXPECTED_CAPACITY, ROOM_RATIO, SECTION_NUMBER, LAST_MODIFIED_TIME, UID_ROLLED_FWD_FROM)
values (224028, 223355, 2, 1, null, null, null, null, null, 223207, 1, null, '002001', 1, 2, 1, 2, null, null);
insert into CLASS_ (UNIQUEID, SUBPART_ID, EXPECTED_CAPACITY, NBR_ROOMS, PARENT_CLASS_ID, OWNER_ID, ROOM_CAPACITY, NOTES, DATE_PATTERN_ID, MANAGING_DEPT, DISPLAY_INSTRUCTOR, SCHED_PRINT_NOTE, CLASS_SUFFIX, DISPLAY_IN_SCHED_BOOK, MAX_EXPECTED_CAPACITY, ROOM_RATIO, SECTION_NUMBER, LAST_MODIFIED_TIME, UID_ROLLED_FWD_FROM)
values (224032, 224030, 1, 1, 223350, null, null, null, null, 223207, 1, null, '001001', 1, 1, 1, 1, null, null);
insert into CLASS_ (UNIQUEID, SUBPART_ID, EXPECTED_CAPACITY, NBR_ROOMS, PARENT_CLASS_ID, OWNER_ID, ROOM_CAPACITY, NOTES, DATE_PATTERN_ID, MANAGING_DEPT, DISPLAY_INSTRUCTOR, SCHED_PRINT_NOTE, CLASS_SUFFIX, DISPLAY_IN_SCHED_BOOK, MAX_EXPECTED_CAPACITY, ROOM_RATIO, SECTION_NUMBER, LAST_MODIFIED_TIME, UID_ROLLED_FWD_FROM)
values (224033, 224030, 1, 1, 223350, null, null, null, null, 223207, 1, null, '003001', 1, 1, 1, 2, null, null);
insert into CLASS_ (UNIQUEID, SUBPART_ID, EXPECTED_CAPACITY, NBR_ROOMS, PARENT_CLASS_ID, OWNER_ID, ROOM_CAPACITY, NOTES, DATE_PATTERN_ID, MANAGING_DEPT, DISPLAY_INSTRUCTOR, SCHED_PRINT_NOTE, CLASS_SUFFIX, DISPLAY_IN_SCHED_BOOK, MAX_EXPECTED_CAPACITY, ROOM_RATIO, SECTION_NUMBER, LAST_MODIFIED_TIME, UID_ROLLED_FWD_FROM)
values (224034, 224030, 1, 1, 223350, null, null, null, null, 223207, 1, null, '002001', 1, 1, 1, 3, null, null);
insert into CLASS_ (UNIQUEID, SUBPART_ID, EXPECTED_CAPACITY, NBR_ROOMS, PARENT_CLASS_ID, OWNER_ID, ROOM_CAPACITY, NOTES, DATE_PATTERN_ID, MANAGING_DEPT, DISPLAY_INSTRUCTOR, SCHED_PRINT_NOTE, CLASS_SUFFIX, DISPLAY_IN_SCHED_BOOK, MAX_EXPECTED_CAPACITY, ROOM_RATIO, SECTION_NUMBER, LAST_MODIFIED_TIME, UID_ROLLED_FWD_FROM)
values (224035, 224030, 1, 1, 223351, null, null, null, null, 223207, 1, null, '005001', 1, 1, 1, 4, null, null);
insert into CLASS_ (UNIQUEID, SUBPART_ID, EXPECTED_CAPACITY, NBR_ROOMS, PARENT_CLASS_ID, OWNER_ID, ROOM_CAPACITY, NOTES, DATE_PATTERN_ID, MANAGING_DEPT, DISPLAY_INSTRUCTOR, SCHED_PRINT_NOTE, CLASS_SUFFIX, DISPLAY_IN_SCHED_BOOK, MAX_EXPECTED_CAPACITY, ROOM_RATIO, SECTION_NUMBER, LAST_MODIFIED_TIME, UID_ROLLED_FWD_FROM)
values (224036, 224030, 1, 1, 223351, null, null, null, null, 223207, 1, null, '004001', 1, 1, 1, 5, null, null);
insert into CLASS_ (UNIQUEID, SUBPART_ID, EXPECTED_CAPACITY, NBR_ROOMS, PARENT_CLASS_ID, OWNER_ID, ROOM_CAPACITY, NOTES, DATE_PATTERN_ID, MANAGING_DEPT, DISPLAY_INSTRUCTOR, SCHED_PRINT_NOTE, CLASS_SUFFIX, DISPLAY_IN_SCHED_BOOK, MAX_EXPECTED_CAPACITY, ROOM_RATIO, SECTION_NUMBER, LAST_MODIFIED_TIME, UID_ROLLED_FWD_FROM)
values (224038, 224031, 1, 1, 224032, null, null, null, null, 223207, 1, null, '001001', 1, 1, 1, 1, null, null);
insert into CLASS_ (UNIQUEID, SUBPART_ID, EXPECTED_CAPACITY, NBR_ROOMS, PARENT_CLASS_ID, OWNER_ID, ROOM_CAPACITY, NOTES, DATE_PATTERN_ID, MANAGING_DEPT, DISPLAY_INSTRUCTOR, SCHED_PRINT_NOTE, CLASS_SUFFIX, DISPLAY_IN_SCHED_BOOK, MAX_EXPECTED_CAPACITY, ROOM_RATIO, SECTION_NUMBER, LAST_MODIFIED_TIME, UID_ROLLED_FWD_FROM)
values (224039, 224031, 1, 1, 224033, null, null, null, null, 223207, 1, null, '002001', 1, 1, 1, 2, null, null);
insert into CLASS_ (UNIQUEID, SUBPART_ID, EXPECTED_CAPACITY, NBR_ROOMS, PARENT_CLASS_ID, OWNER_ID, ROOM_CAPACITY, NOTES, DATE_PATTERN_ID, MANAGING_DEPT, DISPLAY_INSTRUCTOR, SCHED_PRINT_NOTE, CLASS_SUFFIX, DISPLAY_IN_SCHED_BOOK, MAX_EXPECTED_CAPACITY, ROOM_RATIO, SECTION_NUMBER, LAST_MODIFIED_TIME, UID_ROLLED_FWD_FROM)
values (224040, 224031, 1, 1, 224034, null, null, null, null, 223207, 1, null, '003001', 1, 1, 1, 3, null, null);
insert into CLASS_ (UNIQUEID, SUBPART_ID, EXPECTED_CAPACITY, NBR_ROOMS, PARENT_CLASS_ID, OWNER_ID, ROOM_CAPACITY, NOTES, DATE_PATTERN_ID, MANAGING_DEPT, DISPLAY_INSTRUCTOR, SCHED_PRINT_NOTE, CLASS_SUFFIX, DISPLAY_IN_SCHED_BOOK, MAX_EXPECTED_CAPACITY, ROOM_RATIO, SECTION_NUMBER, LAST_MODIFIED_TIME, UID_ROLLED_FWD_FROM)
values (224041, 224031, 1, 1, 224035, null, null, null, null, 223207, 1, null, '004001', 1, 1, 1, 4, null, null);
insert into CLASS_ (UNIQUEID, SUBPART_ID, EXPECTED_CAPACITY, NBR_ROOMS, PARENT_CLASS_ID, OWNER_ID, ROOM_CAPACITY, NOTES, DATE_PATTERN_ID, MANAGING_DEPT, DISPLAY_INSTRUCTOR, SCHED_PRINT_NOTE, CLASS_SUFFIX, DISPLAY_IN_SCHED_BOOK, MAX_EXPECTED_CAPACITY, ROOM_RATIO, SECTION_NUMBER, LAST_MODIFIED_TIME, UID_ROLLED_FWD_FROM)
values (224042, 224031, 1, 1, 224036, null, null, null, null, 223207, 1, null, '005001', 1, 1, 1, 5, null, null);
insert into CLASS_ (UNIQUEID, SUBPART_ID, EXPECTED_CAPACITY, NBR_ROOMS, PARENT_CLASS_ID, OWNER_ID, ROOM_CAPACITY, NOTES, DATE_PATTERN_ID, MANAGING_DEPT, DISPLAY_INSTRUCTOR, SCHED_PRINT_NOTE, CLASS_SUFFIX, DISPLAY_IN_SCHED_BOOK, MAX_EXPECTED_CAPACITY, ROOM_RATIO, SECTION_NUMBER, LAST_MODIFIED_TIME, UID_ROLLED_FWD_FROM)
values (224050, 223372, 2, 1, null, null, null, null, null, 223207, 1, null, '001001', 1, 2, 1, 2, null, null);
commit;
prompt 150 records loaded
prompt Loading SOLVER_GROUP...
insert into SOLVER_GROUP (UNIQUEID, NAME, ABBV, SESSION_ID)
values (345, 'Large Lecture Room', 'LLR', 223206);
insert into SOLVER_GROUP (UNIQUEID, NAME, ABBV, SESSION_ID)
values (344, 'Instructional Planning', 'Instr Plan', 223206);
commit;
prompt 2 records loaded
prompt Loading SOLUTION...
insert into SOLUTION (UNIQUEID, CREATED, VALID, COMMITED, COMMIT_DATE, NOTE, CREATOR, OWNER_ID, LAST_MODIFIED_TIME)
values (806, to_date('06-06-2007 17:02:27', 'dd-mm-yyyy hh24:mi:ss'), 1, 1, to_date('06-06-2007 17:03:11', 'dd-mm-yyyy hh24:mi:ss'), null, 'IFS Timetable Solver v1.1 build127, Tue, 5 Jun 2007', 345, null);
insert into SOLUTION (UNIQUEID, CREATED, VALID, COMMITED, COMMIT_DATE, NOTE, CREATOR, OWNER_ID, LAST_MODIFIED_TIME)
values (807, to_date('06-06-2007 17:02:42', 'dd-mm-yyyy hh24:mi:ss'), 1, 1, to_date('06-06-2007 17:03:14', 'dd-mm-yyyy hh24:mi:ss'), null, 'IFS Timetable Solver v1.1 build127, Tue, 5 Jun 2007', 344, null);
commit;
prompt 2 records loaded
prompt Loading TIME_PATTERN...
insert into TIME_PATTERN (UNIQUEID, NAME, MINS_PMT, SLOTS_PMT, NR_MTGS, VISIBLE, TYPE, BREAK_TIME, SESSION_ID)
values (771, '2x75', 75, 18, 2, 1, 0, 15, 223206);
insert into TIME_PATTERN (UNIQUEID, NAME, MINS_PMT, SLOTS_PMT, NR_MTGS, VISIBLE, TYPE, BREAK_TIME, SESSION_ID)
values (772, '2x50', 50, 12, 2, 1, 0, 10, 223206);
insert into TIME_PATTERN (UNIQUEID, NAME, MINS_PMT, SLOTS_PMT, NR_MTGS, VISIBLE, TYPE, BREAK_TIME, SESSION_ID)
values (773, '1x50', 50, 12, 1, 1, 0, 10, 223206);
insert into TIME_PATTERN (UNIQUEID, NAME, MINS_PMT, SLOTS_PMT, NR_MTGS, VISIBLE, TYPE, BREAK_TIME, SESSION_ID)
values (774, '1x100', 100, 24, 1, 1, 0, 10, 223206);
insert into TIME_PATTERN (UNIQUEID, NAME, MINS_PMT, SLOTS_PMT, NR_MTGS, VISIBLE, TYPE, BREAK_TIME, SESSION_ID)
values (775, '1x150', 150, 36, 1, 1, 0, 10, 223206);
insert into TIME_PATTERN (UNIQUEID, NAME, MINS_PMT, SLOTS_PMT, NR_MTGS, VISIBLE, TYPE, BREAK_TIME, SESSION_ID)
values (776, '5x100', 100, 24, 5, 1, 0, 10, 223206);
insert into TIME_PATTERN (UNIQUEID, NAME, MINS_PMT, SLOTS_PMT, NR_MTGS, VISIBLE, TYPE, BREAK_TIME, SESSION_ID)
values (777, '3x50', 50, 12, 3, 1, 0, 10, 223206);
insert into TIME_PATTERN (UNIQUEID, NAME, MINS_PMT, SLOTS_PMT, NR_MTGS, VISIBLE, TYPE, BREAK_TIME, SESSION_ID)
values (778, '1x50 Old', 50, 12, 1, 0, 0, 10, 223206);
insert into TIME_PATTERN (UNIQUEID, NAME, MINS_PMT, SLOTS_PMT, NR_MTGS, VISIBLE, TYPE, BREAK_TIME, SESSION_ID)
values (779, '1x150 Old', 150, 36, 1, 1, 0, 10, 223206);
insert into TIME_PATTERN (UNIQUEID, NAME, MINS_PMT, SLOTS_PMT, NR_MTGS, VISIBLE, TYPE, BREAK_TIME, SESSION_ID)
values (780, '1x100 Old', 100, 24, 1, 1, 0, 10, 223206);
commit;
prompt 10 records loaded
prompt Loading ASSIGNMENT...
insert into ASSIGNMENT (UNIQUEID, DAYS, SLOT, TIME_PATTERN_ID, SOLUTION_ID, CLASS_ID, CLASS_NAME, LAST_MODIFIED_TIME)
values (142137, 84, 114, 777, 807, 223884, 'ALG 101 Lec 1', null);
insert into ASSIGNMENT (UNIQUEID, DAYS, SLOT, TIME_PATTERN_ID, SOLUTION_ID, CLASS_ID, CLASS_NAME, LAST_MODIFIED_TIME)
values (142138, 124, 186, 776, 806, 223249, 'BAND 101 Lec 1', null);
insert into ASSIGNMENT (UNIQUEID, DAYS, SLOT, TIME_PATTERN_ID, SOLUTION_ID, CLASS_ID, CLASS_NAME, LAST_MODIFIED_TIME)
values (142139, 40, 150, 772, 806, 223240, 'BIOL 101 Lec 1', null);
insert into ASSIGNMENT (UNIQUEID, DAYS, SLOT, TIME_PATTERN_ID, SOLUTION_ID, CLASS_ID, CLASS_NAME, LAST_MODIFIED_TIME)
values (142140, 40, 126, 772, 806, 223899, 'BIOL 101 Lec 2', null);
insert into ASSIGNMENT (UNIQUEID, DAYS, SLOT, TIME_PATTERN_ID, SOLUTION_ID, CLASS_ID, CLASS_NAME, LAST_MODIFIED_TIME)
values (142141, 40, 114, 772, 806, 223900, 'BIOL 101 Lec 3', null);
insert into ASSIGNMENT (UNIQUEID, DAYS, SLOT, TIME_PATTERN_ID, SOLUTION_ID, CLASS_ID, CLASS_NAME, LAST_MODIFIED_TIME)
values (142142, 32, 186, 773, 807, 223902, 'BIOL 101 Rec 1', null);
insert into ASSIGNMENT (UNIQUEID, DAYS, SLOT, TIME_PATTERN_ID, SOLUTION_ID, CLASS_ID, CLASS_NAME, LAST_MODIFIED_TIME)
values (142143, 8, 174, 773, 807, 223903, 'BIOL 101 Rec 2', null);
insert into ASSIGNMENT (UNIQUEID, DAYS, SLOT, TIME_PATTERN_ID, SOLUTION_ID, CLASS_ID, CLASS_NAME, LAST_MODIFIED_TIME)
values (142144, 16, 90, 773, 807, 223904, 'BIOL 101 Rec 3', null);
insert into ASSIGNMENT (UNIQUEID, DAYS, SLOT, TIME_PATTERN_ID, SOLUTION_ID, CLASS_ID, CLASS_NAME, LAST_MODIFIED_TIME)
values (142145, 4, 102, 773, 807, 223905, 'BIOL 101 Rec 4', null);
insert into ASSIGNMENT (UNIQUEID, DAYS, SLOT, TIME_PATTERN_ID, SOLUTION_ID, CLASS_ID, CLASS_NAME, LAST_MODIFIED_TIME)
values (142146, 32, 138, 773, 807, 223906, 'BIOL 101 Rec 5', null);
insert into ASSIGNMENT (UNIQUEID, DAYS, SLOT, TIME_PATTERN_ID, SOLUTION_ID, CLASS_ID, CLASS_NAME, LAST_MODIFIED_TIME)
values (142147, 32, 150, 773, 807, 223907, 'BIOL 101 Rec 6', null);
insert into ASSIGNMENT (UNIQUEID, DAYS, SLOT, TIME_PATTERN_ID, SOLUTION_ID, CLASS_ID, CLASS_NAME, LAST_MODIFIED_TIME)
values (142148, 64, 102, 773, 807, 223908, 'BIOL 101 Rec 7', null);
insert into ASSIGNMENT (UNIQUEID, DAYS, SLOT, TIME_PATTERN_ID, SOLUTION_ID, CLASS_ID, CLASS_NAME, LAST_MODIFIED_TIME)
values (142149, 8, 138, 773, 807, 223909, 'BIOL 101 Rec 8', null);
insert into ASSIGNMENT (UNIQUEID, DAYS, SLOT, TIME_PATTERN_ID, SOLUTION_ID, CLASS_ID, CLASS_NAME, LAST_MODIFIED_TIME)
values (142150, 16, 114, 773, 807, 223910, 'BIOL 101 Rec 9', null);
insert into ASSIGNMENT (UNIQUEID, DAYS, SLOT, TIME_PATTERN_ID, SOLUTION_ID, CLASS_ID, CLASS_NAME, LAST_MODIFIED_TIME)
values (142151, 16, 162, 773, 807, 223976, 'BIOL 101 Rec 10', null);
insert into ASSIGNMENT (UNIQUEID, DAYS, SLOT, TIME_PATTERN_ID, SOLUTION_ID, CLASS_ID, CLASS_NAME, LAST_MODIFIED_TIME)
values (142152, 16, 126, 773, 807, 223977, 'BIOL 101 Rec 11', null);
insert into ASSIGNMENT (UNIQUEID, DAYS, SLOT, TIME_PATTERN_ID, SOLUTION_ID, CLASS_ID, CLASS_NAME, LAST_MODIFIED_TIME)
values (142153, 4, 162, 774, 807, 223914, 'BIOL 101 Lab 1', null);
insert into ASSIGNMENT (UNIQUEID, DAYS, SLOT, TIME_PATTERN_ID, SOLUTION_ID, CLASS_ID, CLASS_NAME, LAST_MODIFIED_TIME)
values (142154, 16, 162, 774, 807, 223915, 'BIOL 101 Lab 2', null);
insert into ASSIGNMENT (UNIQUEID, DAYS, SLOT, TIME_PATTERN_ID, SOLUTION_ID, CLASS_ID, CLASS_NAME, LAST_MODIFIED_TIME)
values (142155, 16, 114, 774, 807, 223916, 'BIOL 101 Lab 3', null);
insert into ASSIGNMENT (UNIQUEID, DAYS, SLOT, TIME_PATTERN_ID, SOLUTION_ID, CLASS_ID, CLASS_NAME, LAST_MODIFIED_TIME)
values (142156, 16, 90, 774, 807, 223917, 'BIOL 101 Lab 4', null);
insert into ASSIGNMENT (UNIQUEID, DAYS, SLOT, TIME_PATTERN_ID, SOLUTION_ID, CLASS_ID, CLASS_NAME, LAST_MODIFIED_TIME)
values (142157, 4, 186, 774, 807, 223918, 'BIOL 101 Lab 5', null);
insert into ASSIGNMENT (UNIQUEID, DAYS, SLOT, TIME_PATTERN_ID, SOLUTION_ID, CLASS_ID, CLASS_NAME, LAST_MODIFIED_TIME)
values (142158, 8, 162, 774, 807, 223919, 'BIOL 101 Lab 6', null);
insert into ASSIGNMENT (UNIQUEID, DAYS, SLOT, TIME_PATTERN_ID, SOLUTION_ID, CLASS_ID, CLASS_NAME, LAST_MODIFIED_TIME)
values (142159, 8, 138, 774, 807, 223920, 'BIOL 101 Lab 7', null);
insert into ASSIGNMENT (UNIQUEID, DAYS, SLOT, TIME_PATTERN_ID, SOLUTION_ID, CLASS_ID, CLASS_NAME, LAST_MODIFIED_TIME)
values (142160, 8, 186, 774, 807, 223921, 'BIOL 101 Lab 8', null);
insert into ASSIGNMENT (UNIQUEID, DAYS, SLOT, TIME_PATTERN_ID, SOLUTION_ID, CLASS_ID, CLASS_NAME, LAST_MODIFIED_TIME)
values (142161, 4, 114, 774, 807, 223922, 'BIOL 101 Lab 9', null);
insert into ASSIGNMENT (UNIQUEID, DAYS, SLOT, TIME_PATTERN_ID, SOLUTION_ID, CLASS_ID, CLASS_NAME, LAST_MODIFIED_TIME)
values (142162, 8, 90, 774, 807, 223978, 'BIOL 101 Lab 10', null);
insert into ASSIGNMENT (UNIQUEID, DAYS, SLOT, TIME_PATTERN_ID, SOLUTION_ID, CLASS_ID, CLASS_NAME, LAST_MODIFIED_TIME)
values (142163, 16, 186, 774, 807, 223979, 'BIOL 101 Lab 11', null);
insert into ASSIGNMENT (UNIQUEID, DAYS, SLOT, TIME_PATTERN_ID, SOLUTION_ID, CLASS_ID, CLASS_NAME, LAST_MODIFIED_TIME)
values (142164, 32, 138, 773, 806, 223926, 'BIOL 101 Pso 1', null);
insert into ASSIGNMENT (UNIQUEID, DAYS, SLOT, TIME_PATTERN_ID, SOLUTION_ID, CLASS_ID, CLASS_NAME, LAST_MODIFIED_TIME)
values (142165, 8, 138, 773, 806, 223927, 'BIOL 101 Pso 2', null);
insert into ASSIGNMENT (UNIQUEID, DAYS, SLOT, TIME_PATTERN_ID, SOLUTION_ID, CLASS_ID, CLASS_NAME, LAST_MODIFIED_TIME)
values (142166, 16, 138, 773, 806, 223973, 'BIOL 101 Pso 3', null);
insert into ASSIGNMENT (UNIQUEID, DAYS, SLOT, TIME_PATTERN_ID, SOLUTION_ID, CLASS_ID, CLASS_NAME, LAST_MODIFIED_TIME)
values (142167, 80, 102, 772, 807, 223245, 'C S 101 Lec 1', null);
insert into ASSIGNMENT (UNIQUEID, DAYS, SLOT, TIME_PATTERN_ID, SOLUTION_ID, CLASS_ID, CLASS_NAME, LAST_MODIFIED_TIME)
values (142168, 68, 126, 772, 807, 223947, 'C S 101 Lec 2', null);
insert into ASSIGNMENT (UNIQUEID, DAYS, SLOT, TIME_PATTERN_ID, SOLUTION_ID, CLASS_ID, CLASS_NAME, LAST_MODIFIED_TIME)
values (142169, 8, 186, 774, 807, 223949, 'C S 101 Lab 1', null);
insert into ASSIGNMENT (UNIQUEID, DAYS, SLOT, TIME_PATTERN_ID, SOLUTION_ID, CLASS_ID, CLASS_NAME, LAST_MODIFIED_TIME)
values (142170, 4, 162, 774, 807, 223950, 'C S 101 Lab 2', null);
insert into ASSIGNMENT (UNIQUEID, DAYS, SLOT, TIME_PATTERN_ID, SOLUTION_ID, CLASS_ID, CLASS_NAME, LAST_MODIFIED_TIME)
values (142171, 8, 162, 774, 807, 223951, 'C S 101 Lab 3', null);
insert into ASSIGNMENT (UNIQUEID, DAYS, SLOT, TIME_PATTERN_ID, SOLUTION_ID, CLASS_ID, CLASS_NAME, LAST_MODIFIED_TIME)
values (142172, 4, 114, 774, 807, 223970, 'C S 101 Lab 4', null);
insert into ASSIGNMENT (UNIQUEID, DAYS, SLOT, TIME_PATTERN_ID, SOLUTION_ID, CLASS_ID, CLASS_NAME, LAST_MODIFIED_TIME)
values (142173, 84, 150, 777, 806, 223869, 'CALC 101 Lec 1', null);
insert into ASSIGNMENT (UNIQUEID, DAYS, SLOT, TIME_PATTERN_ID, SOLUTION_ID, CLASS_ID, CLASS_NAME, LAST_MODIFIED_TIME)
values (142174, 84, 174, 777, 806, 223956, 'CALC 101 Lec 2', null);
insert into ASSIGNMENT (UNIQUEID, DAYS, SLOT, TIME_PATTERN_ID, SOLUTION_ID, CLASS_ID, CLASS_NAME, LAST_MODIFIED_TIME)
values (142175, 84, 90, 777, 806, 223957, 'CALC 101 Lec 3', null);
insert into ASSIGNMENT (UNIQUEID, DAYS, SLOT, TIME_PATTERN_ID, SOLUTION_ID, CLASS_ID, CLASS_NAME, LAST_MODIFIED_TIME)
values (142176, 8, 126, 773, 807, 223870, 'CALC 101 Rec 1', null);
insert into ASSIGNMENT (UNIQUEID, DAYS, SLOT, TIME_PATTERN_ID, SOLUTION_ID, CLASS_ID, CLASS_NAME, LAST_MODIFIED_TIME)
values (142177, 32, 162, 773, 807, 223958, 'CALC 101 Rec 2', null);
insert into ASSIGNMENT (UNIQUEID, DAYS, SLOT, TIME_PATTERN_ID, SOLUTION_ID, CLASS_ID, CLASS_NAME, LAST_MODIFIED_TIME)
values (142178, 8, 114, 773, 807, 223959, 'CALC 101 Rec 3', null);
insert into ASSIGNMENT (UNIQUEID, DAYS, SLOT, TIME_PATTERN_ID, SOLUTION_ID, CLASS_ID, CLASS_NAME, LAST_MODIFIED_TIME)
values (142179, 8, 138, 773, 807, 223960, 'CALC 101 Rec 4', null);
insert into ASSIGNMENT (UNIQUEID, DAYS, SLOT, TIME_PATTERN_ID, SOLUTION_ID, CLASS_ID, CLASS_NAME, LAST_MODIFIED_TIME)
values (142180, 4, 102, 773, 807, 223961, 'CALC 101 Rec 5', null);
insert into ASSIGNMENT (UNIQUEID, DAYS, SLOT, TIME_PATTERN_ID, SOLUTION_ID, CLASS_ID, CLASS_NAME, LAST_MODIFIED_TIME)
values (142181, 32, 150, 773, 807, 223962, 'CALC 101 Rec 6', null);
insert into ASSIGNMENT (UNIQUEID, DAYS, SLOT, TIME_PATTERN_ID, SOLUTION_ID, CLASS_ID, CLASS_NAME, LAST_MODIFIED_TIME)
values (142182, 16, 150, 773, 807, 223963, 'CALC 101 Rec 7', null);
insert into ASSIGNMENT (UNIQUEID, DAYS, SLOT, TIME_PATTERN_ID, SOLUTION_ID, CLASS_ID, CLASS_NAME, LAST_MODIFIED_TIME)
values (142183, 4, 150, 773, 807, 223964, 'CALC 101 Rec 8', null);
insert into ASSIGNMENT (UNIQUEID, DAYS, SLOT, TIME_PATTERN_ID, SOLUTION_ID, CLASS_ID, CLASS_NAME, LAST_MODIFIED_TIME)
values (142184, 32, 102, 773, 807, 223965, 'CALC 101 Rec 9', null);
insert into ASSIGNMENT (UNIQUEID, DAYS, SLOT, TIME_PATTERN_ID, SOLUTION_ID, CLASS_ID, CLASS_NAME, LAST_MODIFIED_TIME)
values (142185, 32, 138, 773, 807, 223966, 'CALC 101 Rec 10', null);
insert into ASSIGNMENT (UNIQUEID, DAYS, SLOT, TIME_PATTERN_ID, SOLUTION_ID, CLASS_ID, CLASS_NAME, LAST_MODIFIED_TIME)
values (142186, 32, 126, 773, 807, 223967, 'CALC 101 Rec 11', null);
insert into ASSIGNMENT (UNIQUEID, DAYS, SLOT, TIME_PATTERN_ID, SOLUTION_ID, CLASS_ID, CLASS_NAME, LAST_MODIFIED_TIME)
values (142187, 8, 150, 773, 807, 223968, 'CALC 101 Rec 12', null);
insert into ASSIGNMENT (UNIQUEID, DAYS, SLOT, TIME_PATTERN_ID, SOLUTION_ID, CLASS_ID, CLASS_NAME, LAST_MODIFIED_TIME)
values (142188, 20, 126, 772, 806, 223256, 'CHM 101 Lec 1', null);
insert into ASSIGNMENT (UNIQUEID, DAYS, SLOT, TIME_PATTERN_ID, SOLUTION_ID, CLASS_ID, CLASS_NAME, LAST_MODIFIED_TIME)
values (142189, 68, 138, 772, 806, 223257, 'CHM 101 Lec 2', null);
insert into ASSIGNMENT (UNIQUEID, DAYS, SLOT, TIME_PATTERN_ID, SOLUTION_ID, CLASS_ID, CLASS_NAME, LAST_MODIFIED_TIME)
values (142190, 80, 114, 772, 806, 223258, 'CHM 101 Lec 3', null);
insert into ASSIGNMENT (UNIQUEID, DAYS, SLOT, TIME_PATTERN_ID, SOLUTION_ID, CLASS_ID, CLASS_NAME, LAST_MODIFIED_TIME)
values (142191, 32, 138, 775, 807, 223259, 'CHM 101 Lab 1', null);
insert into ASSIGNMENT (UNIQUEID, DAYS, SLOT, TIME_PATTERN_ID, SOLUTION_ID, CLASS_ID, CLASS_NAME, LAST_MODIFIED_TIME)
values (142192, 8, 138, 775, 807, 223260, 'CHM 101 Lab 2', null);
insert into ASSIGNMENT (UNIQUEID, DAYS, SLOT, TIME_PATTERN_ID, SOLUTION_ID, CLASS_ID, CLASS_NAME, LAST_MODIFIED_TIME)
values (142193, 4, 138, 775, 807, 223261, 'CHM 101 Lab 3', null);
insert into ASSIGNMENT (UNIQUEID, DAYS, SLOT, TIME_PATTERN_ID, SOLUTION_ID, CLASS_ID, CLASS_NAME, LAST_MODIFIED_TIME)
values (142194, 32, 180, 775, 807, 223263, 'CHM 101 Lab 4', null);
insert into ASSIGNMENT (UNIQUEID, DAYS, SLOT, TIME_PATTERN_ID, SOLUTION_ID, CLASS_ID, CLASS_NAME, LAST_MODIFIED_TIME)
values (142195, 4, 90, 775, 807, 223264, 'CHM 101 Lab 5', null);
insert into ASSIGNMENT (UNIQUEID, DAYS, SLOT, TIME_PATTERN_ID, SOLUTION_ID, CLASS_ID, CLASS_NAME, LAST_MODIFIED_TIME)
values (142196, 32, 90, 775, 807, 223265, 'CHM 101 Lab 6', null);
insert into ASSIGNMENT (UNIQUEID, DAYS, SLOT, TIME_PATTERN_ID, SOLUTION_ID, CLASS_ID, CLASS_NAME, LAST_MODIFIED_TIME)
values (142197, 4, 180, 775, 807, 223267, 'CHM 101 Lab 7', null);
insert into ASSIGNMENT (UNIQUEID, DAYS, SLOT, TIME_PATTERN_ID, SOLUTION_ID, CLASS_ID, CLASS_NAME, LAST_MODIFIED_TIME)
values (142198, 16, 90, 775, 807, 223268, 'CHM 101 Lab 8', null);
insert into ASSIGNMENT (UNIQUEID, DAYS, SLOT, TIME_PATTERN_ID, SOLUTION_ID, CLASS_ID, CLASS_NAME, LAST_MODIFIED_TIME)
values (142199, 16, 180, 775, 807, 223269, 'CHM 101 Lab 9', null);
insert into ASSIGNMENT (UNIQUEID, DAYS, SLOT, TIME_PATTERN_ID, SOLUTION_ID, CLASS_ID, CLASS_NAME, LAST_MODIFIED_TIME)
values (142200, 8, 180, 775, 807, 223817, 'CHM 101 Lab 10', null);
insert into ASSIGNMENT (UNIQUEID, DAYS, SLOT, TIME_PATTERN_ID, SOLUTION_ID, CLASS_ID, CLASS_NAME, LAST_MODIFIED_TIME)
values (142201, 8, 90, 775, 807, 223818, 'CHM 101 Lab 11', null);
insert into ASSIGNMENT (UNIQUEID, DAYS, SLOT, TIME_PATTERN_ID, SOLUTION_ID, CLASS_ID, CLASS_NAME, LAST_MODIFIED_TIME)
values (142202, 16, 138, 775, 807, 223819, 'CHM 101 Lab 12', null);
insert into ASSIGNMENT (UNIQUEID, DAYS, SLOT, TIME_PATTERN_ID, SOLUTION_ID, CLASS_ID, CLASS_NAME, LAST_MODIFIED_TIME)
values (142203, 8, 186, 773, 807, 223824, 'CHM 101 Rec 1', null);
insert into ASSIGNMENT (UNIQUEID, DAYS, SLOT, TIME_PATTERN_ID, SOLUTION_ID, CLASS_ID, CLASS_NAME, LAST_MODIFIED_TIME)
values (142204, 16, 186, 773, 807, 223825, 'CHM 101 Rec 2', null);
insert into ASSIGNMENT (UNIQUEID, DAYS, SLOT, TIME_PATTERN_ID, SOLUTION_ID, CLASS_ID, CLASS_NAME, LAST_MODIFIED_TIME)
values (142205, 32, 198, 773, 807, 223826, 'CHM 101 Rec 3', null);
insert into ASSIGNMENT (UNIQUEID, DAYS, SLOT, TIME_PATTERN_ID, SOLUTION_ID, CLASS_ID, CLASS_NAME, LAST_MODIFIED_TIME)
values (142206, 32, 90, 773, 807, 223827, 'CHM 101 Rec 4', null);
insert into ASSIGNMENT (UNIQUEID, DAYS, SLOT, TIME_PATTERN_ID, SOLUTION_ID, CLASS_ID, CLASS_NAME, LAST_MODIFIED_TIME)
values (142207, 32, 126, 773, 807, 223828, 'CHM 101 Rec 5', null);
insert into ASSIGNMENT (UNIQUEID, DAYS, SLOT, TIME_PATTERN_ID, SOLUTION_ID, CLASS_ID, CLASS_NAME, LAST_MODIFIED_TIME)
values (142208, 16, 102, 773, 807, 223829, 'CHM 101 Rec 6', null);
insert into ASSIGNMENT (UNIQUEID, DAYS, SLOT, TIME_PATTERN_ID, SOLUTION_ID, CLASS_ID, CLASS_NAME, LAST_MODIFIED_TIME)
values (142209, 8, 162, 773, 807, 223830, 'CHM 101 Rec 7', null);
insert into ASSIGNMENT (UNIQUEID, DAYS, SLOT, TIME_PATTERN_ID, SOLUTION_ID, CLASS_ID, CLASS_NAME, LAST_MODIFIED_TIME)
values (142210, 4, 162, 773, 807, 223831, 'CHM 101 Rec 8', null);
insert into ASSIGNMENT (UNIQUEID, DAYS, SLOT, TIME_PATTERN_ID, SOLUTION_ID, CLASS_ID, CLASS_NAME, LAST_MODIFIED_TIME)
values (142211, 8, 102, 773, 807, 223832, 'CHM 101 Rec 9', null);
insert into ASSIGNMENT (UNIQUEID, DAYS, SLOT, TIME_PATTERN_ID, SOLUTION_ID, CLASS_ID, CLASS_NAME, LAST_MODIFIED_TIME)
values (142212, 64, 150, 773, 807, 223833, 'CHM 101 Rec 10', null);
insert into ASSIGNMENT (UNIQUEID, DAYS, SLOT, TIME_PATTERN_ID, SOLUTION_ID, CLASS_ID, CLASS_NAME, LAST_MODIFIED_TIME)
values (142213, 32, 114, 773, 807, 223834, 'CHM 101 Rec 11', null);
insert into ASSIGNMENT (UNIQUEID, DAYS, SLOT, TIME_PATTERN_ID, SOLUTION_ID, CLASS_ID, CLASS_NAME, LAST_MODIFIED_TIME)
values (142214, 64, 186, 773, 807, 223835, 'CHM 101 Rec 12', null);
insert into ASSIGNMENT (UNIQUEID, DAYS, SLOT, TIME_PATTERN_ID, SOLUTION_ID, CLASS_ID, CLASS_NAME, LAST_MODIFIED_TIME)
values (142215, 40, 162, 771, 807, 223297, 'COM 101 Lec 1', null);
insert into ASSIGNMENT (UNIQUEID, DAYS, SLOT, TIME_PATTERN_ID, SOLUTION_ID, CLASS_ID, CLASS_NAME, LAST_MODIFIED_TIME)
values (142216, 40, 198, 771, 807, 223298, 'COM 101 Lec 2', null);
insert into ASSIGNMENT (UNIQUEID, DAYS, SLOT, TIME_PATTERN_ID, SOLUTION_ID, CLASS_ID, CLASS_NAME, LAST_MODIFIED_TIME)
values (142217, 40, 90, 771, 807, 223299, 'COM 101 Lec 3', null);
insert into ASSIGNMENT (UNIQUEID, DAYS, SLOT, TIME_PATTERN_ID, SOLUTION_ID, CLASS_ID, CLASS_NAME, LAST_MODIFIED_TIME)
values (142218, 40, 180, 771, 807, 223300, 'COM 101 Lec 4', null);
insert into ASSIGNMENT (UNIQUEID, DAYS, SLOT, TIME_PATTERN_ID, SOLUTION_ID, CLASS_ID, CLASS_NAME, LAST_MODIFIED_TIME)
values (142219, 40, 162, 771, 807, 223301, 'COM 101 Lec 5', null);
insert into ASSIGNMENT (UNIQUEID, DAYS, SLOT, TIME_PATTERN_ID, SOLUTION_ID, CLASS_ID, CLASS_NAME, LAST_MODIFIED_TIME)
values (142220, 40, 108, 771, 807, 223302, 'COM 101 Lec 6', null);
insert into ASSIGNMENT (UNIQUEID, DAYS, SLOT, TIME_PATTERN_ID, SOLUTION_ID, CLASS_ID, CLASS_NAME, LAST_MODIFIED_TIME)
values (142221, 40, 198, 771, 807, 223303, 'COM 101 Lec 7', null);
insert into ASSIGNMENT (UNIQUEID, DAYS, SLOT, TIME_PATTERN_ID, SOLUTION_ID, CLASS_ID, CLASS_NAME, LAST_MODIFIED_TIME)
values (142222, 40, 144, 771, 807, 223304, 'COM 101 Lec 8', null);
insert into ASSIGNMENT (UNIQUEID, DAYS, SLOT, TIME_PATTERN_ID, SOLUTION_ID, CLASS_ID, CLASS_NAME, LAST_MODIFIED_TIME)
values (142223, 40, 108, 771, 807, 223305, 'COM 101 Lec 9', null);
insert into ASSIGNMENT (UNIQUEID, DAYS, SLOT, TIME_PATTERN_ID, SOLUTION_ID, CLASS_ID, CLASS_NAME, LAST_MODIFIED_TIME)
values (142224, 40, 90, 771, 806, 223291, 'ECON 101 Lec 1', null);
insert into ASSIGNMENT (UNIQUEID, DAYS, SLOT, TIME_PATTERN_ID, SOLUTION_ID, CLASS_ID, CLASS_NAME, LAST_MODIFIED_TIME)
values (142225, 84, 198, 777, 807, 223310, 'ENGL 101 Lec 1', null);
insert into ASSIGNMENT (UNIQUEID, DAYS, SLOT, TIME_PATTERN_ID, SOLUTION_ID, CLASS_ID, CLASS_NAME, LAST_MODIFIED_TIME)
values (142226, 84, 90, 777, 807, 223311, 'ENGL 101 Lec 2', null);
insert into ASSIGNMENT (UNIQUEID, DAYS, SLOT, TIME_PATTERN_ID, SOLUTION_ID, CLASS_ID, CLASS_NAME, LAST_MODIFIED_TIME)
values (142227, 84, 186, 777, 807, 223312, 'ENGL 101 Lec 3', null);
insert into ASSIGNMENT (UNIQUEID, DAYS, SLOT, TIME_PATTERN_ID, SOLUTION_ID, CLASS_ID, CLASS_NAME, LAST_MODIFIED_TIME)
values (142228, 84, 150, 777, 807, 223313, 'ENGL 101 Lec 4', null);
insert into ASSIGNMENT (UNIQUEID, DAYS, SLOT, TIME_PATTERN_ID, SOLUTION_ID, CLASS_ID, CLASS_NAME, LAST_MODIFIED_TIME)
values (142229, 84, 102, 777, 807, 223314, 'ENGL 101 Lec 5', null);
insert into ASSIGNMENT (UNIQUEID, DAYS, SLOT, TIME_PATTERN_ID, SOLUTION_ID, CLASS_ID, CLASS_NAME, LAST_MODIFIED_TIME)
values (142230, 84, 126, 777, 807, 223315, 'ENGL 101 Lec 6', null);
insert into ASSIGNMENT (UNIQUEID, DAYS, SLOT, TIME_PATTERN_ID, SOLUTION_ID, CLASS_ID, CLASS_NAME, LAST_MODIFIED_TIME)
values (142231, 84, 114, 777, 807, 223316, 'ENGL 101 Lec 7', null);
insert into ASSIGNMENT (UNIQUEID, DAYS, SLOT, TIME_PATTERN_ID, SOLUTION_ID, CLASS_ID, CLASS_NAME, LAST_MODIFIED_TIME)
values (142232, 84, 138, 777, 807, 223317, 'ENGL 101 Lec 8', null);
insert into ASSIGNMENT (UNIQUEID, DAYS, SLOT, TIME_PATTERN_ID, SOLUTION_ID, CLASS_ID, CLASS_NAME, LAST_MODIFIED_TIME)
values (142233, 84, 174, 777, 807, 223318, 'ENGL 101 Lec 9', null);
insert into ASSIGNMENT (UNIQUEID, DAYS, SLOT, TIME_PATTERN_ID, SOLUTION_ID, CLASS_ID, CLASS_NAME, LAST_MODIFIED_TIME)
values (142234, 84, 162, 777, 807, 223319, 'ENGL 101 Lec 10', null);
insert into ASSIGNMENT (UNIQUEID, DAYS, SLOT, TIME_PATTERN_ID, SOLUTION_ID, CLASS_ID, CLASS_NAME, LAST_MODIFIED_TIME)
values (142235, 16, 102, 773, 807, 223851, 'ENGL 101 Lab 1', null);
insert into ASSIGNMENT (UNIQUEID, DAYS, SLOT, TIME_PATTERN_ID, SOLUTION_ID, CLASS_ID, CLASS_NAME, LAST_MODIFIED_TIME)
values (142236, 8, 114, 773, 807, 223852, 'ENGL 101 Lab 2', null);
commit;
prompt 100 records committed...
insert into ASSIGNMENT (UNIQUEID, DAYS, SLOT, TIME_PATTERN_ID, SOLUTION_ID, CLASS_ID, CLASS_NAME, LAST_MODIFIED_TIME)
values (142237, 4, 150, 773, 807, 223853, 'ENGL 101 Lab 3', null);
insert into ASSIGNMENT (UNIQUEID, DAYS, SLOT, TIME_PATTERN_ID, SOLUTION_ID, CLASS_ID, CLASS_NAME, LAST_MODIFIED_TIME)
values (142238, 4, 138, 773, 807, 223854, 'ENGL 101 Lab 4', null);
insert into ASSIGNMENT (UNIQUEID, DAYS, SLOT, TIME_PATTERN_ID, SOLUTION_ID, CLASS_ID, CLASS_NAME, LAST_MODIFIED_TIME)
values (142239, 32, 174, 773, 807, 223855, 'ENGL 101 Lab 5', null);
insert into ASSIGNMENT (UNIQUEID, DAYS, SLOT, TIME_PATTERN_ID, SOLUTION_ID, CLASS_ID, CLASS_NAME, LAST_MODIFIED_TIME)
values (142240, 16, 114, 773, 807, 223856, 'ENGL 101 Lab 6', null);
insert into ASSIGNMENT (UNIQUEID, DAYS, SLOT, TIME_PATTERN_ID, SOLUTION_ID, CLASS_ID, CLASS_NAME, LAST_MODIFIED_TIME)
values (142241, 16, 162, 773, 807, 223857, 'ENGL 101 Lab 7', null);
insert into ASSIGNMENT (UNIQUEID, DAYS, SLOT, TIME_PATTERN_ID, SOLUTION_ID, CLASS_ID, CLASS_NAME, LAST_MODIFIED_TIME)
values (142242, 8, 150, 773, 807, 223858, 'ENGL 101 Lab 8', null);
insert into ASSIGNMENT (UNIQUEID, DAYS, SLOT, TIME_PATTERN_ID, SOLUTION_ID, CLASS_ID, CLASS_NAME, LAST_MODIFIED_TIME)
values (142243, 16, 126, 773, 807, 223859, 'ENGL 101 Lab 9', null);
insert into ASSIGNMENT (UNIQUEID, DAYS, SLOT, TIME_PATTERN_ID, SOLUTION_ID, CLASS_ID, CLASS_NAME, LAST_MODIFIED_TIME)
values (142244, 32, 90, 773, 807, 223860, 'ENGL 101 Lab 10', null);
insert into ASSIGNMENT (UNIQUEID, DAYS, SLOT, TIME_PATTERN_ID, SOLUTION_ID, CLASS_ID, CLASS_NAME, LAST_MODIFIED_TIME)
values (142245, 40, 174, 772, 807, 223996, 'ENGR 101 Lec 1', null);
insert into ASSIGNMENT (UNIQUEID, DAYS, SLOT, TIME_PATTERN_ID, SOLUTION_ID, CLASS_ID, CLASS_NAME, LAST_MODIFIED_TIME)
values (142246, 8, 90, 774, 807, 223998, 'ENGR 101 Lab 1', null);
insert into ASSIGNMENT (UNIQUEID, DAYS, SLOT, TIME_PATTERN_ID, SOLUTION_ID, CLASS_ID, CLASS_NAME, LAST_MODIFIED_TIME)
values (142247, 64, 114, 774, 807, 223999, 'ENGR 101 Lab 2', null);
insert into ASSIGNMENT (UNIQUEID, DAYS, SLOT, TIME_PATTERN_ID, SOLUTION_ID, CLASS_ID, CLASS_NAME, LAST_MODIFIED_TIME)
values (142248, 32, 138, 774, 807, 224000, 'ENGR 101 Lab 3', null);
insert into ASSIGNMENT (UNIQUEID, DAYS, SLOT, TIME_PATTERN_ID, SOLUTION_ID, CLASS_ID, CLASS_NAME, LAST_MODIFIED_TIME)
values (142249, 84, 138, 777, 807, 223324, 'GER 101 Lec 1', null);
insert into ASSIGNMENT (UNIQUEID, DAYS, SLOT, TIME_PATTERN_ID, SOLUTION_ID, CLASS_ID, CLASS_NAME, LAST_MODIFIED_TIME)
values (142250, 84, 186, 777, 807, 223325, 'GER 101 Lec 2', null);
insert into ASSIGNMENT (UNIQUEID, DAYS, SLOT, TIME_PATTERN_ID, SOLUTION_ID, CLASS_ID, CLASS_NAME, LAST_MODIFIED_TIME)
values (142251, 64, 102, 773, 807, 224005, 'GER 101 Lab 1', null);
insert into ASSIGNMENT (UNIQUEID, DAYS, SLOT, TIME_PATTERN_ID, SOLUTION_ID, CLASS_ID, CLASS_NAME, LAST_MODIFIED_TIME)
values (142252, 16, 174, 773, 807, 224006, 'GER 101 Lab 2', null);
insert into ASSIGNMENT (UNIQUEID, DAYS, SLOT, TIME_PATTERN_ID, SOLUTION_ID, CLASS_ID, CLASS_NAME, LAST_MODIFIED_TIME)
values (142253, 64, 90, 773, 807, 224007, 'GER 101 Lab 3', null);
insert into ASSIGNMENT (UNIQUEID, DAYS, SLOT, TIME_PATTERN_ID, SOLUTION_ID, CLASS_ID, CLASS_NAME, LAST_MODIFIED_TIME)
values (142254, 16, 90, 773, 807, 224008, 'GER 101 Lab 4', null);
insert into ASSIGNMENT (UNIQUEID, DAYS, SLOT, TIME_PATTERN_ID, SOLUTION_ID, CLASS_ID, CLASS_NAME, LAST_MODIFIED_TIME)
values (142255, 40, 90, 771, 807, 223330, 'HIST 101 Lec 1', null);
insert into ASSIGNMENT (UNIQUEID, DAYS, SLOT, TIME_PATTERN_ID, SOLUTION_ID, CLASS_ID, CLASS_NAME, LAST_MODIFIED_TIME)
values (142256, 84, 126, 777, 807, 223331, 'HIST 101 Lec 2', null);
insert into ASSIGNMENT (UNIQUEID, DAYS, SLOT, TIME_PATTERN_ID, SOLUTION_ID, CLASS_ID, CLASS_NAME, LAST_MODIFIED_TIME)
values (142257, 84, 198, 777, 807, 224017, 'LING 101 Lec 1', null);
insert into ASSIGNMENT (UNIQUEID, DAYS, SLOT, TIME_PATTERN_ID, SOLUTION_ID, CLASS_ID, CLASS_NAME, LAST_MODIFIED_TIME)
values (142258, 20, 102, 772, 806, 224057, 'MBIO 101 Lec 1', null);
insert into ASSIGNMENT (UNIQUEID, DAYS, SLOT, TIME_PATTERN_ID, SOLUTION_ID, CLASS_ID, CLASS_NAME, LAST_MODIFIED_TIME)
values (142259, 64, 186, 774, 807, 224059, 'MBIO 101 Lab 1', null);
insert into ASSIGNMENT (UNIQUEID, DAYS, SLOT, TIME_PATTERN_ID, SOLUTION_ID, CLASS_ID, CLASS_NAME, LAST_MODIFIED_TIME)
values (142260, 64, 162, 774, 807, 224060, 'MBIO 101 Lab 2', null);
insert into ASSIGNMENT (UNIQUEID, DAYS, SLOT, TIME_PATTERN_ID, SOLUTION_ID, CLASS_ID, CLASS_NAME, LAST_MODIFIED_TIME)
values (142261, 64, 114, 774, 807, 224061, 'MBIO 101 Lab 3', null);
insert into ASSIGNMENT (UNIQUEID, DAYS, SLOT, TIME_PATTERN_ID, SOLUTION_ID, CLASS_ID, CLASS_NAME, LAST_MODIFIED_TIME)
values (142262, 64, 102, 773, 806, 224022, 'PHAR 101 Lec 1', null);
insert into ASSIGNMENT (UNIQUEID, DAYS, SLOT, TIME_PATTERN_ID, SOLUTION_ID, CLASS_ID, CLASS_NAME, LAST_MODIFIED_TIME)
values (142263, 40, 126, 771, 807, 223344, 'PHIL 101 Lec 1', null);
insert into ASSIGNMENT (UNIQUEID, DAYS, SLOT, TIME_PATTERN_ID, SOLUTION_ID, CLASS_ID, CLASS_NAME, LAST_MODIFIED_TIME)
values (142264, 40, 162, 772, 807, 223350, 'PHYS 101 Lec 1', null);
insert into ASSIGNMENT (UNIQUEID, DAYS, SLOT, TIME_PATTERN_ID, SOLUTION_ID, CLASS_ID, CLASS_NAME, LAST_MODIFIED_TIME)
values (142265, 68, 114, 772, 807, 223351, 'PHYS 101 Lec 2', null);
insert into ASSIGNMENT (UNIQUEID, DAYS, SLOT, TIME_PATTERN_ID, SOLUTION_ID, CLASS_ID, CLASS_NAME, LAST_MODIFIED_TIME)
values (142266, 64, 162, 773, 807, 224032, 'PHYS 101 Rec 1', null);
insert into ASSIGNMENT (UNIQUEID, DAYS, SLOT, TIME_PATTERN_ID, SOLUTION_ID, CLASS_ID, CLASS_NAME, LAST_MODIFIED_TIME)
values (142267, 4, 186, 773, 807, 224033, 'PHYS 101 Rec 2', null);
insert into ASSIGNMENT (UNIQUEID, DAYS, SLOT, TIME_PATTERN_ID, SOLUTION_ID, CLASS_ID, CLASS_NAME, LAST_MODIFIED_TIME)
values (142268, 8, 90, 773, 807, 224034, 'PHYS 101 Rec 3', null);
insert into ASSIGNMENT (UNIQUEID, DAYS, SLOT, TIME_PATTERN_ID, SOLUTION_ID, CLASS_ID, CLASS_NAME, LAST_MODIFIED_TIME)
values (142269, 8, 198, 773, 807, 224035, 'PHYS 101 Rec 4', null);
insert into ASSIGNMENT (UNIQUEID, DAYS, SLOT, TIME_PATTERN_ID, SOLUTION_ID, CLASS_ID, CLASS_NAME, LAST_MODIFIED_TIME)
values (142270, 32, 174, 773, 807, 224036, 'PHYS 101 Rec 5', null);
insert into ASSIGNMENT (UNIQUEID, DAYS, SLOT, TIME_PATTERN_ID, SOLUTION_ID, CLASS_ID, CLASS_NAME, LAST_MODIFIED_TIME)
values (142271, 4, 90, 774, 807, 224038, 'PHYS 101 Lab 1', null);
insert into ASSIGNMENT (UNIQUEID, DAYS, SLOT, TIME_PATTERN_ID, SOLUTION_ID, CLASS_ID, CLASS_NAME, LAST_MODIFIED_TIME)
values (142272, 32, 114, 774, 807, 224039, 'PHYS 101 Lab 2', null);
insert into ASSIGNMENT (UNIQUEID, DAYS, SLOT, TIME_PATTERN_ID, SOLUTION_ID, CLASS_ID, CLASS_NAME, LAST_MODIFIED_TIME)
values (142273, 64, 138, 774, 807, 224040, 'PHYS 101 Lab 3', null);
insert into ASSIGNMENT (UNIQUEID, DAYS, SLOT, TIME_PATTERN_ID, SOLUTION_ID, CLASS_ID, CLASS_NAME, LAST_MODIFIED_TIME)
values (142274, 64, 162, 774, 807, 224041, 'PHYS 101 Lab 4', null);
insert into ASSIGNMENT (UNIQUEID, DAYS, SLOT, TIME_PATTERN_ID, SOLUTION_ID, CLASS_ID, CLASS_NAME, LAST_MODIFIED_TIME)
values (142275, 16, 138, 774, 807, 224042, 'PHYS 101 Lab 5', null);
insert into ASSIGNMENT (UNIQUEID, DAYS, SLOT, TIME_PATTERN_ID, SOLUTION_ID, CLASS_ID, CLASS_NAME, LAST_MODIFIED_TIME)
values (142276, 84, 150, 777, 807, 223356, 'POL 101 Lec 1', null);
insert into ASSIGNMENT (UNIQUEID, DAYS, SLOT, TIME_PATTERN_ID, SOLUTION_ID, CLASS_ID, CLASS_NAME, LAST_MODIFIED_TIME)
values (142277, 84, 162, 777, 807, 224028, 'POL 101 Lec 2', null);
insert into ASSIGNMENT (UNIQUEID, DAYS, SLOT, TIME_PATTERN_ID, SOLUTION_ID, CLASS_ID, CLASS_NAME, LAST_MODIFIED_TIME)
values (142278, 84, 162, 777, 806, 223363, 'PSY 101 Lec 1', null);
insert into ASSIGNMENT (UNIQUEID, DAYS, SLOT, TIME_PATTERN_ID, SOLUTION_ID, CLASS_ID, CLASS_NAME, LAST_MODIFIED_TIME)
values (142279, 84, 138, 777, 807, 223373, 'SOC 101 Lec 1', null);
insert into ASSIGNMENT (UNIQUEID, DAYS, SLOT, TIME_PATTERN_ID, SOLUTION_ID, CLASS_ID, CLASS_NAME, LAST_MODIFIED_TIME)
values (142280, 84, 90, 777, 807, 224050, 'SOC 101 Lec 2', null);
insert into ASSIGNMENT (UNIQUEID, DAYS, SLOT, TIME_PATTERN_ID, SOLUTION_ID, CLASS_ID, CLASS_NAME, LAST_MODIFIED_TIME)
values (142281, 40, 180, 771, 807, 223378, 'SPAN 101 Lec 1', null);
insert into ASSIGNMENT (UNIQUEID, DAYS, SLOT, TIME_PATTERN_ID, SOLUTION_ID, CLASS_ID, CLASS_NAME, LAST_MODIFIED_TIME)
values (142282, 84, 174, 777, 807, 223379, 'SPAN 101 Lec 2', null);
insert into ASSIGNMENT (UNIQUEID, DAYS, SLOT, TIME_PATTERN_ID, SOLUTION_ID, CLASS_ID, CLASS_NAME, LAST_MODIFIED_TIME)
values (142283, 32, 162, 773, 807, 223800, 'SPAN 101 Lab 1', null);
insert into ASSIGNMENT (UNIQUEID, DAYS, SLOT, TIME_PATTERN_ID, SOLUTION_ID, CLASS_ID, CLASS_NAME, LAST_MODIFIED_TIME)
values (142284, 32, 102, 773, 807, 223801, 'SPAN 101 Lab 2', null);
insert into ASSIGNMENT (UNIQUEID, DAYS, SLOT, TIME_PATTERN_ID, SOLUTION_ID, CLASS_ID, CLASS_NAME, LAST_MODIFIED_TIME)
values (142285, 32, 186, 773, 807, 223802, 'SPAN 101 Lab 3', null);
insert into ASSIGNMENT (UNIQUEID, DAYS, SLOT, TIME_PATTERN_ID, SOLUTION_ID, CLASS_ID, CLASS_NAME, LAST_MODIFIED_TIME)
values (142286, 8, 138, 773, 807, 223803, 'SPAN 101 Lab 4', null);
commit;
prompt 150 records loaded
prompt Loading POSITION_TYPE...
insert into POSITION_TYPE (UNIQUEID, REFERENCE, LABEL, SORT_ORDER)
values (18, 'ADMIN_STAFF', 'Administrative/Professional Staff', 1300);
insert into POSITION_TYPE (UNIQUEID, REFERENCE, LABEL, SORT_ORDER)
values (19, 'UNDRGRD_TEACH_ASST', 'Undergrad Teaching Assistant', 1400);
insert into POSITION_TYPE (UNIQUEID, REFERENCE, LABEL, SORT_ORDER)
values (1, 'PROF', 'Professor', 100);
insert into POSITION_TYPE (UNIQUEID, REFERENCE, LABEL, SORT_ORDER)
values (2, 'ASSOC_PROF', 'Associate Professor', 200);
insert into POSITION_TYPE (UNIQUEID, REFERENCE, LABEL, SORT_ORDER)
values (3, 'ASST_PROF', 'Assistant Professor', 300);
insert into POSITION_TYPE (UNIQUEID, REFERENCE, LABEL, SORT_ORDER)
values (4, 'INSTRUCTOR', 'Instructor', 800);
insert into POSITION_TYPE (UNIQUEID, REFERENCE, LABEL, SORT_ORDER)
values (5, 'CLIN_PROF', 'Clinical / Professional', 500);
insert into POSITION_TYPE (UNIQUEID, REFERENCE, LABEL, SORT_ORDER)
values (6, 'CONT_LEC', 'Continuing Lecturer', 600);
insert into POSITION_TYPE (UNIQUEID, REFERENCE, LABEL, SORT_ORDER)
values (7, 'LTD_LEC', 'Limited-Term Lecturer', 700);
insert into POSITION_TYPE (UNIQUEID, REFERENCE, LABEL, SORT_ORDER)
values (8, 'VISIT_FAC', 'Visiting Faculty', 400);
insert into POSITION_TYPE (UNIQUEID, REFERENCE, LABEL, SORT_ORDER)
values (9, 'POST_DOC', 'Post Doctoral', 1500);
insert into POSITION_TYPE (UNIQUEID, REFERENCE, LABEL, SORT_ORDER)
values (10, 'ADJUNCT_FAC', 'Adjunct Faculty', 1000);
insert into POSITION_TYPE (UNIQUEID, REFERENCE, LABEL, SORT_ORDER)
values (11, 'GRAD_TEACH_ASST', 'Graduate Teaching Assistant', 1200);
insert into POSITION_TYPE (UNIQUEID, REFERENCE, LABEL, SORT_ORDER)
values (12, 'GRAD_LEC', 'Graduate Lecturer', 1100);
insert into POSITION_TYPE (UNIQUEID, REFERENCE, LABEL, SORT_ORDER)
values (13, 'CLERICAL_STAFF', 'Clerical Staff', 1600);
insert into POSITION_TYPE (UNIQUEID, REFERENCE, LABEL, SORT_ORDER)
values (14, 'SERVICE_STAFF', 'Service Staff', 1700);
insert into POSITION_TYPE (UNIQUEID, REFERENCE, LABEL, SORT_ORDER)
values (15, 'FELLOWSHIP', 'Fellowship', 1800);
insert into POSITION_TYPE (UNIQUEID, REFERENCE, LABEL, SORT_ORDER)
values (16, 'EMERITUS', 'Emeritus Faculty', 900);
insert into POSITION_TYPE (UNIQUEID, REFERENCE, LABEL, SORT_ORDER)
values (17, 'OTHER', 'Other', 2000);
insert into POSITION_TYPE (UNIQUEID, REFERENCE, LABEL, SORT_ORDER)
values (21, 'NON_PURDUE_INST', 'Non Purdue Instructor', 1900);
commit;
prompt 20 records loaded
prompt Loading DEPARTMENT...
insert into DEPARTMENT (UNIQUEID, SESSION_ID, ABBREVIATION, NAME, DEPT_CODE, EXTERNAL_UID, RS_COLOR, EXTERNAL_MANAGER, EXTERNAL_MGR_LABEL, EXTERNAL_MGR_ABBV, SOLVER_GROUP_ID, STATUS_TYPE, DIST_PRIORITY, ALLOW_REQ_TIME, ALLOW_REQ_ROOM, LAST_MODIFIED_TIME)
values (226216, 223206, 'Adm', 'Admission Office', '0102', null, null, 0, null, null, null, null, 0, 0, 0, null);
insert into DEPARTMENT (UNIQUEID, SESSION_ID, ABBREVIATION, NAME, DEPT_CODE, EXTERNAL_UID, RS_COLOR, EXTERNAL_MANAGER, EXTERNAL_MGR_LABEL, EXTERNAL_MGR_ABBV, SOLVER_GROUP_ID, STATUS_TYPE, DIST_PRIORITY, ALLOW_REQ_TIME, ALLOW_REQ_ROOM, LAST_MODIFIED_TIME)
values (226199, 223206, 'Centr', 'Central Office', '0100', null, '32f0f0', 1, 'Large Lecture Room', 'LLR', 345, 271, -1, 0, 0, null);
insert into DEPARTMENT (UNIQUEID, SESSION_ID, ABBREVIATION, NAME, DEPT_CODE, EXTERNAL_UID, RS_COLOR, EXTERNAL_MANAGER, EXTERNAL_MGR_LABEL, EXTERNAL_MGR_ABBV, SOLVER_GROUP_ID, STATUS_TYPE, DIST_PRIORITY, ALLOW_REQ_TIME, ALLOW_REQ_ROOM, LAST_MODIFIED_TIME)
values (223207, 223206, 'Instr', 'Student Instructional Planning', '0101', 'Woebegon Dept 0101', 'f032f0', 0, null, null, 344, null, 0, 0, 0, null);
commit;
prompt 3 records loaded
prompt Loading DEPARTMENTAL_INSTRUCTOR...
insert into DEPARTMENTAL_INSTRUCTOR (UNIQUEID, EXTERNAL_UID, CAREER_ACCT, LNAME, FNAME, MNAME, POS_CODE_TYPE, NOTE, DEPARTMENT_UNIQUEID, IGNORE_TOO_FAR, LAST_MODIFIED_TIME)
values (226238, null, null, 'SMITH', 'JOHN', null, 1, null, 223207, 0, null);
insert into DEPARTMENTAL_INSTRUCTOR (UNIQUEID, EXTERNAL_UID, CAREER_ACCT, LNAME, FNAME, MNAME, POS_CODE_TYPE, NOTE, DEPARTMENT_UNIQUEID, IGNORE_TOO_FAR, LAST_MODIFIED_TIME)
values (226240, null, null, 'NEWMAN', 'GEORGE', null, 2, null, 223207, 0, null);
insert into DEPARTMENTAL_INSTRUCTOR (UNIQUEID, EXTERNAL_UID, CAREER_ACCT, LNAME, FNAME, MNAME, POS_CODE_TYPE, NOTE, DEPARTMENT_UNIQUEID, IGNORE_TOO_FAR, LAST_MODIFIED_TIME)
values (226242, null, null, 'DOE', 'JOE', null, 6, null, 223207, 0, null);
insert into DEPARTMENTAL_INSTRUCTOR (UNIQUEID, EXTERNAL_UID, CAREER_ACCT, LNAME, FNAME, MNAME, POS_CODE_TYPE, NOTE, DEPARTMENT_UNIQUEID, IGNORE_TOO_FAR, LAST_MODIFIED_TIME)
values (226244, null, null, 'STUDENT', 'JOHN', null, 11, null, 223207, 0, null);
insert into DEPARTMENTAL_INSTRUCTOR (UNIQUEID, EXTERNAL_UID, CAREER_ACCT, LNAME, FNAME, MNAME, POS_CODE_TYPE, NOTE, DEPARTMENT_UNIQUEID, IGNORE_TOO_FAR, LAST_MODIFIED_TIME)
values (226246, null, null, 'STUDENT', 'STEVEN', null, 19, null, 223207, 0, null);
commit;
prompt 5 records loaded
prompt Loading ASSIGNED_INSTRUCTORS...
insert into ASSIGNED_INSTRUCTORS (ASSIGNMENT_ID, INSTRUCTOR_ID, LAST_MODIFIED_TIME)
values (142137, 226242, null);
insert into ASSIGNED_INSTRUCTORS (ASSIGNMENT_ID, INSTRUCTOR_ID, LAST_MODIFIED_TIME)
values (142139, 226240, null);
insert into ASSIGNED_INSTRUCTORS (ASSIGNMENT_ID, INSTRUCTOR_ID, LAST_MODIFIED_TIME)
values (142140, 226240, null);
insert into ASSIGNED_INSTRUCTORS (ASSIGNMENT_ID, INSTRUCTOR_ID, LAST_MODIFIED_TIME)
values (142141, 226240, null);
insert into ASSIGNED_INSTRUCTORS (ASSIGNMENT_ID, INSTRUCTOR_ID, LAST_MODIFIED_TIME)
values (142164, 226240, null);
insert into ASSIGNED_INSTRUCTORS (ASSIGNMENT_ID, INSTRUCTOR_ID, LAST_MODIFIED_TIME)
values (142165, 226240, null);
insert into ASSIGNED_INSTRUCTORS (ASSIGNMENT_ID, INSTRUCTOR_ID, LAST_MODIFIED_TIME)
values (142166, 226240, null);
insert into ASSIGNED_INSTRUCTORS (ASSIGNMENT_ID, INSTRUCTOR_ID, LAST_MODIFIED_TIME)
values (142167, 226242, null);
insert into ASSIGNED_INSTRUCTORS (ASSIGNMENT_ID, INSTRUCTOR_ID, LAST_MODIFIED_TIME)
values (142168, 226242, null);
insert into ASSIGNED_INSTRUCTORS (ASSIGNMENT_ID, INSTRUCTOR_ID, LAST_MODIFIED_TIME)
values (142169, 226246, null);
insert into ASSIGNED_INSTRUCTORS (ASSIGNMENT_ID, INSTRUCTOR_ID, LAST_MODIFIED_TIME)
values (142170, 226244, null);
insert into ASSIGNED_INSTRUCTORS (ASSIGNMENT_ID, INSTRUCTOR_ID, LAST_MODIFIED_TIME)
values (142171, 226246, null);
insert into ASSIGNED_INSTRUCTORS (ASSIGNMENT_ID, INSTRUCTOR_ID, LAST_MODIFIED_TIME)
values (142172, 226244, null);
insert into ASSIGNED_INSTRUCTORS (ASSIGNMENT_ID, INSTRUCTOR_ID, LAST_MODIFIED_TIME)
values (142173, 226242, null);
insert into ASSIGNED_INSTRUCTORS (ASSIGNMENT_ID, INSTRUCTOR_ID, LAST_MODIFIED_TIME)
values (142174, 226242, null);
insert into ASSIGNED_INSTRUCTORS (ASSIGNMENT_ID, INSTRUCTOR_ID, LAST_MODIFIED_TIME)
values (142175, 226242, null);
insert into ASSIGNED_INSTRUCTORS (ASSIGNMENT_ID, INSTRUCTOR_ID, LAST_MODIFIED_TIME)
values (142176, 226238, null);
insert into ASSIGNED_INSTRUCTORS (ASSIGNMENT_ID, INSTRUCTOR_ID, LAST_MODIFIED_TIME)
values (142177, 226238, null);
insert into ASSIGNED_INSTRUCTORS (ASSIGNMENT_ID, INSTRUCTOR_ID, LAST_MODIFIED_TIME)
values (142178, 226238, null);
insert into ASSIGNED_INSTRUCTORS (ASSIGNMENT_ID, INSTRUCTOR_ID, LAST_MODIFIED_TIME)
values (142179, 226238, null);
insert into ASSIGNED_INSTRUCTORS (ASSIGNMENT_ID, INSTRUCTOR_ID, LAST_MODIFIED_TIME)
values (142180, 226238, null);
insert into ASSIGNED_INSTRUCTORS (ASSIGNMENT_ID, INSTRUCTOR_ID, LAST_MODIFIED_TIME)
values (142181, 226238, null);
insert into ASSIGNED_INSTRUCTORS (ASSIGNMENT_ID, INSTRUCTOR_ID, LAST_MODIFIED_TIME)
values (142182, 226238, null);
insert into ASSIGNED_INSTRUCTORS (ASSIGNMENT_ID, INSTRUCTOR_ID, LAST_MODIFIED_TIME)
values (142183, 226238, null);
insert into ASSIGNED_INSTRUCTORS (ASSIGNMENT_ID, INSTRUCTOR_ID, LAST_MODIFIED_TIME)
values (142184, 226238, null);
insert into ASSIGNED_INSTRUCTORS (ASSIGNMENT_ID, INSTRUCTOR_ID, LAST_MODIFIED_TIME)
values (142185, 226238, null);
insert into ASSIGNED_INSTRUCTORS (ASSIGNMENT_ID, INSTRUCTOR_ID, LAST_MODIFIED_TIME)
values (142186, 226238, null);
insert into ASSIGNED_INSTRUCTORS (ASSIGNMENT_ID, INSTRUCTOR_ID, LAST_MODIFIED_TIME)
values (142187, 226238, null);
commit;
prompt 28 records loaded
prompt Loading ASSIGNED_ROOMS...
insert into ASSIGNED_ROOMS (ASSIGNMENT_ID, ROOM_ID, LAST_MODIFIED_TIME)
values (142137, 7987, null);
insert into ASSIGNED_ROOMS (ASSIGNMENT_ID, ROOM_ID, LAST_MODIFIED_TIME)
values (142138, 7986, null);
insert into ASSIGNED_ROOMS (ASSIGNMENT_ID, ROOM_ID, LAST_MODIFIED_TIME)
values (142139, 7986, null);
insert into ASSIGNED_ROOMS (ASSIGNMENT_ID, ROOM_ID, LAST_MODIFIED_TIME)
values (142140, 7986, null);
insert into ASSIGNED_ROOMS (ASSIGNMENT_ID, ROOM_ID, LAST_MODIFIED_TIME)
values (142141, 7986, null);
insert into ASSIGNED_ROOMS (ASSIGNMENT_ID, ROOM_ID, LAST_MODIFIED_TIME)
values (142142, 7989, null);
insert into ASSIGNED_ROOMS (ASSIGNMENT_ID, ROOM_ID, LAST_MODIFIED_TIME)
values (142143, 7989, null);
insert into ASSIGNED_ROOMS (ASSIGNMENT_ID, ROOM_ID, LAST_MODIFIED_TIME)
values (142144, 7989, null);
insert into ASSIGNED_ROOMS (ASSIGNMENT_ID, ROOM_ID, LAST_MODIFIED_TIME)
values (142145, 7989, null);
insert into ASSIGNED_ROOMS (ASSIGNMENT_ID, ROOM_ID, LAST_MODIFIED_TIME)
values (142146, 7989, null);
insert into ASSIGNED_ROOMS (ASSIGNMENT_ID, ROOM_ID, LAST_MODIFIED_TIME)
values (142147, 7989, null);
insert into ASSIGNED_ROOMS (ASSIGNMENT_ID, ROOM_ID, LAST_MODIFIED_TIME)
values (142148, 7989, null);
insert into ASSIGNED_ROOMS (ASSIGNMENT_ID, ROOM_ID, LAST_MODIFIED_TIME)
values (142149, 7989, null);
insert into ASSIGNED_ROOMS (ASSIGNMENT_ID, ROOM_ID, LAST_MODIFIED_TIME)
values (142150, 7988, null);
insert into ASSIGNED_ROOMS (ASSIGNMENT_ID, ROOM_ID, LAST_MODIFIED_TIME)
values (142151, 7989, null);
insert into ASSIGNED_ROOMS (ASSIGNMENT_ID, ROOM_ID, LAST_MODIFIED_TIME)
values (142152, 7988, null);
insert into ASSIGNED_ROOMS (ASSIGNMENT_ID, ROOM_ID, LAST_MODIFIED_TIME)
values (142153, 7992, null);
insert into ASSIGNED_ROOMS (ASSIGNMENT_ID, ROOM_ID, LAST_MODIFIED_TIME)
values (142154, 7992, null);
insert into ASSIGNED_ROOMS (ASSIGNMENT_ID, ROOM_ID, LAST_MODIFIED_TIME)
values (142155, 7992, null);
insert into ASSIGNED_ROOMS (ASSIGNMENT_ID, ROOM_ID, LAST_MODIFIED_TIME)
values (142156, 7992, null);
insert into ASSIGNED_ROOMS (ASSIGNMENT_ID, ROOM_ID, LAST_MODIFIED_TIME)
values (142157, 7992, null);
insert into ASSIGNED_ROOMS (ASSIGNMENT_ID, ROOM_ID, LAST_MODIFIED_TIME)
values (142158, 7992, null);
insert into ASSIGNED_ROOMS (ASSIGNMENT_ID, ROOM_ID, LAST_MODIFIED_TIME)
values (142159, 7992, null);
insert into ASSIGNED_ROOMS (ASSIGNMENT_ID, ROOM_ID, LAST_MODIFIED_TIME)
values (142160, 7992, null);
insert into ASSIGNED_ROOMS (ASSIGNMENT_ID, ROOM_ID, LAST_MODIFIED_TIME)
values (142161, 7992, null);
insert into ASSIGNED_ROOMS (ASSIGNMENT_ID, ROOM_ID, LAST_MODIFIED_TIME)
values (142162, 7992, null);
insert into ASSIGNED_ROOMS (ASSIGNMENT_ID, ROOM_ID, LAST_MODIFIED_TIME)
values (142163, 7992, null);
insert into ASSIGNED_ROOMS (ASSIGNMENT_ID, ROOM_ID, LAST_MODIFIED_TIME)
values (142164, 7986, null);
insert into ASSIGNED_ROOMS (ASSIGNMENT_ID, ROOM_ID, LAST_MODIFIED_TIME)
values (142165, 7986, null);
insert into ASSIGNED_ROOMS (ASSIGNMENT_ID, ROOM_ID, LAST_MODIFIED_TIME)
values (142166, 7986, null);
insert into ASSIGNED_ROOMS (ASSIGNMENT_ID, ROOM_ID, LAST_MODIFIED_TIME)
values (142167, 7987, null);
insert into ASSIGNED_ROOMS (ASSIGNMENT_ID, ROOM_ID, LAST_MODIFIED_TIME)
values (142168, 7988, null);
insert into ASSIGNED_ROOMS (ASSIGNMENT_ID, ROOM_ID, LAST_MODIFIED_TIME)
values (142169, 7993, null);
insert into ASSIGNED_ROOMS (ASSIGNMENT_ID, ROOM_ID, LAST_MODIFIED_TIME)
values (142170, 7993, null);
insert into ASSIGNED_ROOMS (ASSIGNMENT_ID, ROOM_ID, LAST_MODIFIED_TIME)
values (142171, 7993, null);
insert into ASSIGNED_ROOMS (ASSIGNMENT_ID, ROOM_ID, LAST_MODIFIED_TIME)
values (142172, 7993, null);
insert into ASSIGNED_ROOMS (ASSIGNMENT_ID, ROOM_ID, LAST_MODIFIED_TIME)
values (142173, 7986, null);
insert into ASSIGNED_ROOMS (ASSIGNMENT_ID, ROOM_ID, LAST_MODIFIED_TIME)
values (142174, 7986, null);
insert into ASSIGNED_ROOMS (ASSIGNMENT_ID, ROOM_ID, LAST_MODIFIED_TIME)
values (142175, 7986, null);
insert into ASSIGNED_ROOMS (ASSIGNMENT_ID, ROOM_ID, LAST_MODIFIED_TIME)
values (142176, 7989, null);
insert into ASSIGNED_ROOMS (ASSIGNMENT_ID, ROOM_ID, LAST_MODIFIED_TIME)
values (142177, 7989, null);
insert into ASSIGNED_ROOMS (ASSIGNMENT_ID, ROOM_ID, LAST_MODIFIED_TIME)
values (142178, 7988, null);
insert into ASSIGNED_ROOMS (ASSIGNMENT_ID, ROOM_ID, LAST_MODIFIED_TIME)
values (142179, 7988, null);
insert into ASSIGNED_ROOMS (ASSIGNMENT_ID, ROOM_ID, LAST_MODIFIED_TIME)
values (142180, 7987, null);
insert into ASSIGNED_ROOMS (ASSIGNMENT_ID, ROOM_ID, LAST_MODIFIED_TIME)
values (142181, 7988, null);
insert into ASSIGNED_ROOMS (ASSIGNMENT_ID, ROOM_ID, LAST_MODIFIED_TIME)
values (142182, 7987, null);
insert into ASSIGNED_ROOMS (ASSIGNMENT_ID, ROOM_ID, LAST_MODIFIED_TIME)
values (142183, 7987, null);
insert into ASSIGNED_ROOMS (ASSIGNMENT_ID, ROOM_ID, LAST_MODIFIED_TIME)
values (142184, 7988, null);
insert into ASSIGNED_ROOMS (ASSIGNMENT_ID, ROOM_ID, LAST_MODIFIED_TIME)
values (142185, 7988, null);
insert into ASSIGNED_ROOMS (ASSIGNMENT_ID, ROOM_ID, LAST_MODIFIED_TIME)
values (142186, 7988, null);
insert into ASSIGNED_ROOMS (ASSIGNMENT_ID, ROOM_ID, LAST_MODIFIED_TIME)
values (142187, 7989, null);
insert into ASSIGNED_ROOMS (ASSIGNMENT_ID, ROOM_ID, LAST_MODIFIED_TIME)
values (142188, 7986, null);
insert into ASSIGNED_ROOMS (ASSIGNMENT_ID, ROOM_ID, LAST_MODIFIED_TIME)
values (142189, 7986, null);
insert into ASSIGNED_ROOMS (ASSIGNMENT_ID, ROOM_ID, LAST_MODIFIED_TIME)
values (142190, 7986, null);
insert into ASSIGNED_ROOMS (ASSIGNMENT_ID, ROOM_ID, LAST_MODIFIED_TIME)
values (142191, 7991, null);
insert into ASSIGNED_ROOMS (ASSIGNMENT_ID, ROOM_ID, LAST_MODIFIED_TIME)
values (142192, 7991, null);
insert into ASSIGNED_ROOMS (ASSIGNMENT_ID, ROOM_ID, LAST_MODIFIED_TIME)
values (142193, 7991, null);
insert into ASSIGNED_ROOMS (ASSIGNMENT_ID, ROOM_ID, LAST_MODIFIED_TIME)
values (142194, 7991, null);
insert into ASSIGNED_ROOMS (ASSIGNMENT_ID, ROOM_ID, LAST_MODIFIED_TIME)
values (142195, 7991, null);
insert into ASSIGNED_ROOMS (ASSIGNMENT_ID, ROOM_ID, LAST_MODIFIED_TIME)
values (142196, 7991, null);
insert into ASSIGNED_ROOMS (ASSIGNMENT_ID, ROOM_ID, LAST_MODIFIED_TIME)
values (142197, 7991, null);
insert into ASSIGNED_ROOMS (ASSIGNMENT_ID, ROOM_ID, LAST_MODIFIED_TIME)
values (142198, 7991, null);
insert into ASSIGNED_ROOMS (ASSIGNMENT_ID, ROOM_ID, LAST_MODIFIED_TIME)
values (142199, 7991, null);
insert into ASSIGNED_ROOMS (ASSIGNMENT_ID, ROOM_ID, LAST_MODIFIED_TIME)
values (142200, 7991, null);
insert into ASSIGNED_ROOMS (ASSIGNMENT_ID, ROOM_ID, LAST_MODIFIED_TIME)
values (142201, 7991, null);
insert into ASSIGNED_ROOMS (ASSIGNMENT_ID, ROOM_ID, LAST_MODIFIED_TIME)
values (142202, 7991, null);
insert into ASSIGNED_ROOMS (ASSIGNMENT_ID, ROOM_ID, LAST_MODIFIED_TIME)
values (142203, 7989, null);
insert into ASSIGNED_ROOMS (ASSIGNMENT_ID, ROOM_ID, LAST_MODIFIED_TIME)
values (142204, 7989, null);
insert into ASSIGNED_ROOMS (ASSIGNMENT_ID, ROOM_ID, LAST_MODIFIED_TIME)
values (142205, 7989, null);
insert into ASSIGNED_ROOMS (ASSIGNMENT_ID, ROOM_ID, LAST_MODIFIED_TIME)
values (142206, 7988, null);
insert into ASSIGNED_ROOMS (ASSIGNMENT_ID, ROOM_ID, LAST_MODIFIED_TIME)
values (142207, 7989, null);
insert into ASSIGNED_ROOMS (ASSIGNMENT_ID, ROOM_ID, LAST_MODIFIED_TIME)
values (142208, 7989, null);
insert into ASSIGNED_ROOMS (ASSIGNMENT_ID, ROOM_ID, LAST_MODIFIED_TIME)
values (142209, 7989, null);
insert into ASSIGNED_ROOMS (ASSIGNMENT_ID, ROOM_ID, LAST_MODIFIED_TIME)
values (142210, 7989, null);
insert into ASSIGNED_ROOMS (ASSIGNMENT_ID, ROOM_ID, LAST_MODIFIED_TIME)
values (142211, 7988, null);
insert into ASSIGNED_ROOMS (ASSIGNMENT_ID, ROOM_ID, LAST_MODIFIED_TIME)
values (142212, 7987, null);
insert into ASSIGNED_ROOMS (ASSIGNMENT_ID, ROOM_ID, LAST_MODIFIED_TIME)
values (142213, 7988, null);
insert into ASSIGNED_ROOMS (ASSIGNMENT_ID, ROOM_ID, LAST_MODIFIED_TIME)
values (142214, 7989, null);
insert into ASSIGNED_ROOMS (ASSIGNMENT_ID, ROOM_ID, LAST_MODIFIED_TIME)
values (142215, 7988, null);
insert into ASSIGNED_ROOMS (ASSIGNMENT_ID, ROOM_ID, LAST_MODIFIED_TIME)
values (142216, 7987, null);
insert into ASSIGNED_ROOMS (ASSIGNMENT_ID, ROOM_ID, LAST_MODIFIED_TIME)
values (142217, 7989, null);
insert into ASSIGNED_ROOMS (ASSIGNMENT_ID, ROOM_ID, LAST_MODIFIED_TIME)
values (142218, 7988, null);
insert into ASSIGNED_ROOMS (ASSIGNMENT_ID, ROOM_ID, LAST_MODIFIED_TIME)
values (142219, 7987, null);
insert into ASSIGNED_ROOMS (ASSIGNMENT_ID, ROOM_ID, LAST_MODIFIED_TIME)
values (142220, 7989, null);
insert into ASSIGNED_ROOMS (ASSIGNMENT_ID, ROOM_ID, LAST_MODIFIED_TIME)
values (142221, 7988, null);
insert into ASSIGNED_ROOMS (ASSIGNMENT_ID, ROOM_ID, LAST_MODIFIED_TIME)
values (142222, 7987, null);
insert into ASSIGNED_ROOMS (ASSIGNMENT_ID, ROOM_ID, LAST_MODIFIED_TIME)
values (142223, 7987, null);
insert into ASSIGNED_ROOMS (ASSIGNMENT_ID, ROOM_ID, LAST_MODIFIED_TIME)
values (142224, 7986, null);
insert into ASSIGNED_ROOMS (ASSIGNMENT_ID, ROOM_ID, LAST_MODIFIED_TIME)
values (142225, 7987, null);
insert into ASSIGNED_ROOMS (ASSIGNMENT_ID, ROOM_ID, LAST_MODIFIED_TIME)
values (142226, 7988, null);
insert into ASSIGNED_ROOMS (ASSIGNMENT_ID, ROOM_ID, LAST_MODIFIED_TIME)
values (142227, 7988, null);
insert into ASSIGNED_ROOMS (ASSIGNMENT_ID, ROOM_ID, LAST_MODIFIED_TIME)
values (142228, 7989, null);
insert into ASSIGNED_ROOMS (ASSIGNMENT_ID, ROOM_ID, LAST_MODIFIED_TIME)
values (142229, 7988, null);
insert into ASSIGNED_ROOMS (ASSIGNMENT_ID, ROOM_ID, LAST_MODIFIED_TIME)
values (142230, 7989, null);
insert into ASSIGNED_ROOMS (ASSIGNMENT_ID, ROOM_ID, LAST_MODIFIED_TIME)
values (142231, 7989, null);
insert into ASSIGNED_ROOMS (ASSIGNMENT_ID, ROOM_ID, LAST_MODIFIED_TIME)
values (142232, 7989, null);
insert into ASSIGNED_ROOMS (ASSIGNMENT_ID, ROOM_ID, LAST_MODIFIED_TIME)
values (142233, 7989, null);
insert into ASSIGNED_ROOMS (ASSIGNMENT_ID, ROOM_ID, LAST_MODIFIED_TIME)
values (142234, 7988, null);
insert into ASSIGNED_ROOMS (ASSIGNMENT_ID, ROOM_ID, LAST_MODIFIED_TIME)
values (142235, 7993, null);
insert into ASSIGNED_ROOMS (ASSIGNMENT_ID, ROOM_ID, LAST_MODIFIED_TIME)
values (142236, 7993, null);
commit;
prompt 100 records committed...
insert into ASSIGNED_ROOMS (ASSIGNMENT_ID, ROOM_ID, LAST_MODIFIED_TIME)
values (142237, 7993, null);
insert into ASSIGNED_ROOMS (ASSIGNMENT_ID, ROOM_ID, LAST_MODIFIED_TIME)
values (142238, 7993, null);
insert into ASSIGNED_ROOMS (ASSIGNMENT_ID, ROOM_ID, LAST_MODIFIED_TIME)
values (142239, 7993, null);
insert into ASSIGNED_ROOMS (ASSIGNMENT_ID, ROOM_ID, LAST_MODIFIED_TIME)
values (142240, 7993, null);
insert into ASSIGNED_ROOMS (ASSIGNMENT_ID, ROOM_ID, LAST_MODIFIED_TIME)
values (142241, 7993, null);
insert into ASSIGNED_ROOMS (ASSIGNMENT_ID, ROOM_ID, LAST_MODIFIED_TIME)
values (142242, 7993, null);
insert into ASSIGNED_ROOMS (ASSIGNMENT_ID, ROOM_ID, LAST_MODIFIED_TIME)
values (142243, 7993, null);
insert into ASSIGNED_ROOMS (ASSIGNMENT_ID, ROOM_ID, LAST_MODIFIED_TIME)
values (142244, 7993, null);
insert into ASSIGNED_ROOMS (ASSIGNMENT_ID, ROOM_ID, LAST_MODIFIED_TIME)
values (142245, 7986, null);
insert into ASSIGNED_ROOMS (ASSIGNMENT_ID, ROOM_ID, LAST_MODIFIED_TIME)
values (142246, 7993, null);
insert into ASSIGNED_ROOMS (ASSIGNMENT_ID, ROOM_ID, LAST_MODIFIED_TIME)
values (142247, 7993, null);
insert into ASSIGNED_ROOMS (ASSIGNMENT_ID, ROOM_ID, LAST_MODIFIED_TIME)
values (142248, 7993, null);
insert into ASSIGNED_ROOMS (ASSIGNMENT_ID, ROOM_ID, LAST_MODIFIED_TIME)
values (142249, 7988, null);
insert into ASSIGNED_ROOMS (ASSIGNMENT_ID, ROOM_ID, LAST_MODIFIED_TIME)
values (142250, 7987, null);
insert into ASSIGNED_ROOMS (ASSIGNMENT_ID, ROOM_ID, LAST_MODIFIED_TIME)
values (142251, 7993, null);
insert into ASSIGNED_ROOMS (ASSIGNMENT_ID, ROOM_ID, LAST_MODIFIED_TIME)
values (142252, 7993, null);
insert into ASSIGNED_ROOMS (ASSIGNMENT_ID, ROOM_ID, LAST_MODIFIED_TIME)
values (142253, 7993, null);
insert into ASSIGNED_ROOMS (ASSIGNMENT_ID, ROOM_ID, LAST_MODIFIED_TIME)
values (142254, 7993, null);
insert into ASSIGNED_ROOMS (ASSIGNMENT_ID, ROOM_ID, LAST_MODIFIED_TIME)
values (142255, 7987, null);
insert into ASSIGNED_ROOMS (ASSIGNMENT_ID, ROOM_ID, LAST_MODIFIED_TIME)
values (142256, 7987, null);
insert into ASSIGNED_ROOMS (ASSIGNMENT_ID, ROOM_ID, LAST_MODIFIED_TIME)
values (142257, 7988, null);
insert into ASSIGNED_ROOMS (ASSIGNMENT_ID, ROOM_ID, LAST_MODIFIED_TIME)
values (142258, 7986, null);
insert into ASSIGNED_ROOMS (ASSIGNMENT_ID, ROOM_ID, LAST_MODIFIED_TIME)
values (142259, 7992, null);
insert into ASSIGNED_ROOMS (ASSIGNMENT_ID, ROOM_ID, LAST_MODIFIED_TIME)
values (142260, 7992, null);
insert into ASSIGNED_ROOMS (ASSIGNMENT_ID, ROOM_ID, LAST_MODIFIED_TIME)
values (142261, 7992, null);
insert into ASSIGNED_ROOMS (ASSIGNMENT_ID, ROOM_ID, LAST_MODIFIED_TIME)
values (142262, 7986, null);
insert into ASSIGNED_ROOMS (ASSIGNMENT_ID, ROOM_ID, LAST_MODIFIED_TIME)
values (142263, 7987, null);
insert into ASSIGNED_ROOMS (ASSIGNMENT_ID, ROOM_ID, LAST_MODIFIED_TIME)
values (142264, 7986, null);
insert into ASSIGNED_ROOMS (ASSIGNMENT_ID, ROOM_ID, LAST_MODIFIED_TIME)
values (142265, 7988, null);
insert into ASSIGNED_ROOMS (ASSIGNMENT_ID, ROOM_ID, LAST_MODIFIED_TIME)
values (142266, 7989, null);
insert into ASSIGNED_ROOMS (ASSIGNMENT_ID, ROOM_ID, LAST_MODIFIED_TIME)
values (142267, 7989, null);
insert into ASSIGNED_ROOMS (ASSIGNMENT_ID, ROOM_ID, LAST_MODIFIED_TIME)
values (142268, 7988, null);
insert into ASSIGNED_ROOMS (ASSIGNMENT_ID, ROOM_ID, LAST_MODIFIED_TIME)
values (142269, 7989, null);
insert into ASSIGNED_ROOMS (ASSIGNMENT_ID, ROOM_ID, LAST_MODIFIED_TIME)
values (142270, 7989, null);
insert into ASSIGNED_ROOMS (ASSIGNMENT_ID, ROOM_ID, LAST_MODIFIED_TIME)
values (142271, 7993, null);
insert into ASSIGNED_ROOMS (ASSIGNMENT_ID, ROOM_ID, LAST_MODIFIED_TIME)
values (142272, 7993, null);
insert into ASSIGNED_ROOMS (ASSIGNMENT_ID, ROOM_ID, LAST_MODIFIED_TIME)
values (142273, 7993, null);
insert into ASSIGNED_ROOMS (ASSIGNMENT_ID, ROOM_ID, LAST_MODIFIED_TIME)
values (142274, 7993, null);
insert into ASSIGNED_ROOMS (ASSIGNMENT_ID, ROOM_ID, LAST_MODIFIED_TIME)
values (142275, 7993, null);
insert into ASSIGNED_ROOMS (ASSIGNMENT_ID, ROOM_ID, LAST_MODIFIED_TIME)
values (142276, 7988, null);
insert into ASSIGNED_ROOMS (ASSIGNMENT_ID, ROOM_ID, LAST_MODIFIED_TIME)
values (142277, 7987, null);
insert into ASSIGNED_ROOMS (ASSIGNMENT_ID, ROOM_ID, LAST_MODIFIED_TIME)
values (142278, 7986, null);
insert into ASSIGNED_ROOMS (ASSIGNMENT_ID, ROOM_ID, LAST_MODIFIED_TIME)
values (142279, 7987, null);
insert into ASSIGNED_ROOMS (ASSIGNMENT_ID, ROOM_ID, LAST_MODIFIED_TIME)
values (142280, 7987, null);
insert into ASSIGNED_ROOMS (ASSIGNMENT_ID, ROOM_ID, LAST_MODIFIED_TIME)
values (142281, 7987, null);
insert into ASSIGNED_ROOMS (ASSIGNMENT_ID, ROOM_ID, LAST_MODIFIED_TIME)
values (142282, 7988, null);
insert into ASSIGNED_ROOMS (ASSIGNMENT_ID, ROOM_ID, LAST_MODIFIED_TIME)
values (142283, 7993, null);
insert into ASSIGNED_ROOMS (ASSIGNMENT_ID, ROOM_ID, LAST_MODIFIED_TIME)
values (142284, 7993, null);
insert into ASSIGNED_ROOMS (ASSIGNMENT_ID, ROOM_ID, LAST_MODIFIED_TIME)
values (142285, 7993, null);
insert into ASSIGNED_ROOMS (ASSIGNMENT_ID, ROOM_ID, LAST_MODIFIED_TIME)
values (142286, 7993, null);
commit;
prompt 150 records loaded
prompt Loading BUILDING...
insert into BUILDING (UNIQUEID, SESSION_ID, ABBREVIATION, NAME, COORDINATE_X, COORDINATE_Y, EXTERNAL_UID)
values (1762, 223206, 'THTR', 'Theater of Performing Arts', 2, 1, null);
insert into BUILDING (UNIQUEID, SESSION_ID, ABBREVIATION, NAME, COORDINATE_X, COORDINATE_Y, EXTERNAL_UID)
values (1761, 223206, 'EDUC', 'Education Hall', 1, 1, null);
commit;
prompt 2 records loaded
prompt Loading PREFERENCE_LEVEL...
insert into PREFERENCE_LEVEL (PREF_ID, PREF_PROLOG, PREF_NAME, UNIQUEID)
values (1, 'R', 'Required', 1);
insert into PREFERENCE_LEVEL (PREF_ID, PREF_PROLOG, PREF_NAME, UNIQUEID)
values (2, '-2', 'Strongly Preferred', 2);
insert into PREFERENCE_LEVEL (PREF_ID, PREF_PROLOG, PREF_NAME, UNIQUEID)
values (3, '-1', 'Preferred', 3);
insert into PREFERENCE_LEVEL (PREF_ID, PREF_PROLOG, PREF_NAME, UNIQUEID)
values (4, '0', 'Neutral', 4);
insert into PREFERENCE_LEVEL (PREF_ID, PREF_PROLOG, PREF_NAME, UNIQUEID)
values (5, '1', 'Discouraged', 5);
insert into PREFERENCE_LEVEL (PREF_ID, PREF_PROLOG, PREF_NAME, UNIQUEID)
values (6, '2', 'Strongly Discouraged', 6);
insert into PREFERENCE_LEVEL (PREF_ID, PREF_PROLOG, PREF_NAME, UNIQUEID)
values (7, 'P', 'Prohibited', 7);
commit;
prompt 7 records loaded
prompt Loading BUILDING_PREF...
insert into BUILDING_PREF (UNIQUEID, OWNER_ID, PREF_LEVEL_ID, BLDG_ID, DISTANCE_FROM, LAST_MODIFIED_TIME)
values (121515, 226240, 2, 1761, null, null);
commit;
prompt 1 records loaded
prompt Loading CLASS_INSTRUCTOR...
insert into CLASS_INSTRUCTOR (UNIQUEID, CLASS_ID, INSTRUCTOR_ID, PERCENT_SHARE, IS_LEAD, LAST_MODIFIED_TIME)
values (38068, 223884, 226242, 100, 1, null);
insert into CLASS_INSTRUCTOR (UNIQUEID, CLASS_ID, INSTRUCTOR_ID, PERCENT_SHARE, IS_LEAD, LAST_MODIFIED_TIME)
values (38069, 223245, 226242, 100, 1, null);
insert into CLASS_INSTRUCTOR (UNIQUEID, CLASS_ID, INSTRUCTOR_ID, PERCENT_SHARE, IS_LEAD, LAST_MODIFIED_TIME)
values (38070, 223947, 226242, 100, 1, null);
insert into CLASS_INSTRUCTOR (UNIQUEID, CLASS_ID, INSTRUCTOR_ID, PERCENT_SHARE, IS_LEAD, LAST_MODIFIED_TIME)
values (38071, 223949, 226246, 100, 1, null);
insert into CLASS_INSTRUCTOR (UNIQUEID, CLASS_ID, INSTRUCTOR_ID, PERCENT_SHARE, IS_LEAD, LAST_MODIFIED_TIME)
values (38072, 223950, 226244, 100, 1, null);
insert into CLASS_INSTRUCTOR (UNIQUEID, CLASS_ID, INSTRUCTOR_ID, PERCENT_SHARE, IS_LEAD, LAST_MODIFIED_TIME)
values (38073, 223951, 226246, 100, 1, null);
insert into CLASS_INSTRUCTOR (UNIQUEID, CLASS_ID, INSTRUCTOR_ID, PERCENT_SHARE, IS_LEAD, LAST_MODIFIED_TIME)
values (38074, 223970, 226244, 100, 1, null);
insert into CLASS_INSTRUCTOR (UNIQUEID, CLASS_ID, INSTRUCTOR_ID, PERCENT_SHARE, IS_LEAD, LAST_MODIFIED_TIME)
values (38081, 223926, 226240, 100, 1, null);
insert into CLASS_INSTRUCTOR (UNIQUEID, CLASS_ID, INSTRUCTOR_ID, PERCENT_SHARE, IS_LEAD, LAST_MODIFIED_TIME)
values (38082, 223927, 226240, 100, 1, null);
insert into CLASS_INSTRUCTOR (UNIQUEID, CLASS_ID, INSTRUCTOR_ID, PERCENT_SHARE, IS_LEAD, LAST_MODIFIED_TIME)
values (38083, 223973, 226240, 100, 1, null);
insert into CLASS_INSTRUCTOR (UNIQUEID, CLASS_ID, INSTRUCTOR_ID, PERCENT_SHARE, IS_LEAD, LAST_MODIFIED_TIME)
values (38078, 223240, 226240, 100, 1, null);
insert into CLASS_INSTRUCTOR (UNIQUEID, CLASS_ID, INSTRUCTOR_ID, PERCENT_SHARE, IS_LEAD, LAST_MODIFIED_TIME)
values (38079, 223899, 226240, 100, 1, null);
insert into CLASS_INSTRUCTOR (UNIQUEID, CLASS_ID, INSTRUCTOR_ID, PERCENT_SHARE, IS_LEAD, LAST_MODIFIED_TIME)
values (38080, 223900, 226240, 100, 1, null);
insert into CLASS_INSTRUCTOR (UNIQUEID, CLASS_ID, INSTRUCTOR_ID, PERCENT_SHARE, IS_LEAD, LAST_MODIFIED_TIME)
values (38084, 223869, 226242, 100, 1, null);
insert into CLASS_INSTRUCTOR (UNIQUEID, CLASS_ID, INSTRUCTOR_ID, PERCENT_SHARE, IS_LEAD, LAST_MODIFIED_TIME)
values (38085, 223870, 226238, 100, 1, null);
insert into CLASS_INSTRUCTOR (UNIQUEID, CLASS_ID, INSTRUCTOR_ID, PERCENT_SHARE, IS_LEAD, LAST_MODIFIED_TIME)
values (38086, 223958, 226238, 100, 1, null);
insert into CLASS_INSTRUCTOR (UNIQUEID, CLASS_ID, INSTRUCTOR_ID, PERCENT_SHARE, IS_LEAD, LAST_MODIFIED_TIME)
values (38087, 223959, 226238, 100, 1, null);
insert into CLASS_INSTRUCTOR (UNIQUEID, CLASS_ID, INSTRUCTOR_ID, PERCENT_SHARE, IS_LEAD, LAST_MODIFIED_TIME)
values (38088, 223960, 226238, 100, 1, null);
insert into CLASS_INSTRUCTOR (UNIQUEID, CLASS_ID, INSTRUCTOR_ID, PERCENT_SHARE, IS_LEAD, LAST_MODIFIED_TIME)
values (38089, 223956, 226242, 100, 1, null);
insert into CLASS_INSTRUCTOR (UNIQUEID, CLASS_ID, INSTRUCTOR_ID, PERCENT_SHARE, IS_LEAD, LAST_MODIFIED_TIME)
values (38090, 223961, 226238, 100, 1, null);
insert into CLASS_INSTRUCTOR (UNIQUEID, CLASS_ID, INSTRUCTOR_ID, PERCENT_SHARE, IS_LEAD, LAST_MODIFIED_TIME)
values (38091, 223962, 226238, 100, 1, null);
insert into CLASS_INSTRUCTOR (UNIQUEID, CLASS_ID, INSTRUCTOR_ID, PERCENT_SHARE, IS_LEAD, LAST_MODIFIED_TIME)
values (38092, 223963, 226238, 100, 1, null);
insert into CLASS_INSTRUCTOR (UNIQUEID, CLASS_ID, INSTRUCTOR_ID, PERCENT_SHARE, IS_LEAD, LAST_MODIFIED_TIME)
values (38093, 223964, 226238, 100, 1, null);
insert into CLASS_INSTRUCTOR (UNIQUEID, CLASS_ID, INSTRUCTOR_ID, PERCENT_SHARE, IS_LEAD, LAST_MODIFIED_TIME)
values (38094, 223957, 226242, 100, 1, null);
insert into CLASS_INSTRUCTOR (UNIQUEID, CLASS_ID, INSTRUCTOR_ID, PERCENT_SHARE, IS_LEAD, LAST_MODIFIED_TIME)
values (38095, 223965, 226238, 100, 1, null);
insert into CLASS_INSTRUCTOR (UNIQUEID, CLASS_ID, INSTRUCTOR_ID, PERCENT_SHARE, IS_LEAD, LAST_MODIFIED_TIME)
values (38096, 223966, 226238, 100, 1, null);
insert into CLASS_INSTRUCTOR (UNIQUEID, CLASS_ID, INSTRUCTOR_ID, PERCENT_SHARE, IS_LEAD, LAST_MODIFIED_TIME)
values (38097, 223967, 226238, 100, 1, null);
insert into CLASS_INSTRUCTOR (UNIQUEID, CLASS_ID, INSTRUCTOR_ID, PERCENT_SHARE, IS_LEAD, LAST_MODIFIED_TIME)
values (38098, 223968, 226238, 100, 1, null);
commit;
prompt 28 records loaded
prompt Loading STUDENT_STATUS_TYPE...
prompt Table is empty
prompt Loading STUDENT...
insert into STUDENT (UNIQUEID, EXTERNAL_UID, FIRST_NAME, MIDDLE_NAME, LAST_NAME, EMAIL, FREE_TIME_CAT, SCHEDULE_PREFERENCE, STATUS_TYPE_ID, STATUS_CHANGE_DATE, SESSION_ID)
values (223384, '1', '1', null, 'Student', null, 0, 0, null, null, 223206);
insert into STUDENT (UNIQUEID, EXTERNAL_UID, FIRST_NAME, MIDDLE_NAME, LAST_NAME, EMAIL, FREE_TIME_CAT, SCHEDULE_PREFERENCE, STATUS_TYPE_ID, STATUS_CHANGE_DATE, SESSION_ID)
values (223385, '2', '2', null, 'Student', null, 0, 0, null, null, 223206);
insert into STUDENT (UNIQUEID, EXTERNAL_UID, FIRST_NAME, MIDDLE_NAME, LAST_NAME, EMAIL, FREE_TIME_CAT, SCHEDULE_PREFERENCE, STATUS_TYPE_ID, STATUS_CHANGE_DATE, SESSION_ID)
values (223386, '3', '3', null, 'Student', null, 0, 0, null, null, 223206);
insert into STUDENT (UNIQUEID, EXTERNAL_UID, FIRST_NAME, MIDDLE_NAME, LAST_NAME, EMAIL, FREE_TIME_CAT, SCHEDULE_PREFERENCE, STATUS_TYPE_ID, STATUS_CHANGE_DATE, SESSION_ID)
values (223387, '4', '4', null, 'Student', null, 0, 0, null, null, 223206);
insert into STUDENT (UNIQUEID, EXTERNAL_UID, FIRST_NAME, MIDDLE_NAME, LAST_NAME, EMAIL, FREE_TIME_CAT, SCHEDULE_PREFERENCE, STATUS_TYPE_ID, STATUS_CHANGE_DATE, SESSION_ID)
values (223388, '5', '5', null, 'Student', null, 0, 0, null, null, 223206);
insert into STUDENT (UNIQUEID, EXTERNAL_UID, FIRST_NAME, MIDDLE_NAME, LAST_NAME, EMAIL, FREE_TIME_CAT, SCHEDULE_PREFERENCE, STATUS_TYPE_ID, STATUS_CHANGE_DATE, SESSION_ID)
values (223389, '6', '6', null, 'Student', null, 0, 0, null, null, 223206);
insert into STUDENT (UNIQUEID, EXTERNAL_UID, FIRST_NAME, MIDDLE_NAME, LAST_NAME, EMAIL, FREE_TIME_CAT, SCHEDULE_PREFERENCE, STATUS_TYPE_ID, STATUS_CHANGE_DATE, SESSION_ID)
values (223390, '7', '7', null, 'Student', null, 0, 0, null, null, 223206);
insert into STUDENT (UNIQUEID, EXTERNAL_UID, FIRST_NAME, MIDDLE_NAME, LAST_NAME, EMAIL, FREE_TIME_CAT, SCHEDULE_PREFERENCE, STATUS_TYPE_ID, STATUS_CHANGE_DATE, SESSION_ID)
values (223391, '8', '8', null, 'Student', null, 0, 0, null, null, 223206);
insert into STUDENT (UNIQUEID, EXTERNAL_UID, FIRST_NAME, MIDDLE_NAME, LAST_NAME, EMAIL, FREE_TIME_CAT, SCHEDULE_PREFERENCE, STATUS_TYPE_ID, STATUS_CHANGE_DATE, SESSION_ID)
values (223392, '9', '9', null, 'Student', null, 0, 0, null, null, 223206);
insert into STUDENT (UNIQUEID, EXTERNAL_UID, FIRST_NAME, MIDDLE_NAME, LAST_NAME, EMAIL, FREE_TIME_CAT, SCHEDULE_PREFERENCE, STATUS_TYPE_ID, STATUS_CHANGE_DATE, SESSION_ID)
values (223393, '10', '10', null, 'Student', null, 0, 0, null, null, 223206);
insert into STUDENT (UNIQUEID, EXTERNAL_UID, FIRST_NAME, MIDDLE_NAME, LAST_NAME, EMAIL, FREE_TIME_CAT, SCHEDULE_PREFERENCE, STATUS_TYPE_ID, STATUS_CHANGE_DATE, SESSION_ID)
values (223394, '11', '11', null, 'Student', null, 0, 0, null, null, 223206);
insert into STUDENT (UNIQUEID, EXTERNAL_UID, FIRST_NAME, MIDDLE_NAME, LAST_NAME, EMAIL, FREE_TIME_CAT, SCHEDULE_PREFERENCE, STATUS_TYPE_ID, STATUS_CHANGE_DATE, SESSION_ID)
values (223395, '12', '12', null, 'Student', null, 0, 0, null, null, 223206);
insert into STUDENT (UNIQUEID, EXTERNAL_UID, FIRST_NAME, MIDDLE_NAME, LAST_NAME, EMAIL, FREE_TIME_CAT, SCHEDULE_PREFERENCE, STATUS_TYPE_ID, STATUS_CHANGE_DATE, SESSION_ID)
values (223396, '13', '13', null, 'Student', null, 0, 0, null, null, 223206);
insert into STUDENT (UNIQUEID, EXTERNAL_UID, FIRST_NAME, MIDDLE_NAME, LAST_NAME, EMAIL, FREE_TIME_CAT, SCHEDULE_PREFERENCE, STATUS_TYPE_ID, STATUS_CHANGE_DATE, SESSION_ID)
values (223397, '14', '14', null, 'Student', null, 0, 0, null, null, 223206);
insert into STUDENT (UNIQUEID, EXTERNAL_UID, FIRST_NAME, MIDDLE_NAME, LAST_NAME, EMAIL, FREE_TIME_CAT, SCHEDULE_PREFERENCE, STATUS_TYPE_ID, STATUS_CHANGE_DATE, SESSION_ID)
values (223398, '15', '15', null, 'Student', null, 0, 0, null, null, 223206);
insert into STUDENT (UNIQUEID, EXTERNAL_UID, FIRST_NAME, MIDDLE_NAME, LAST_NAME, EMAIL, FREE_TIME_CAT, SCHEDULE_PREFERENCE, STATUS_TYPE_ID, STATUS_CHANGE_DATE, SESSION_ID)
values (223399, '16', '16', null, 'Student', null, 0, 0, null, null, 223206);
insert into STUDENT (UNIQUEID, EXTERNAL_UID, FIRST_NAME, MIDDLE_NAME, LAST_NAME, EMAIL, FREE_TIME_CAT, SCHEDULE_PREFERENCE, STATUS_TYPE_ID, STATUS_CHANGE_DATE, SESSION_ID)
values (223400, '17', '17', null, 'Student', null, 0, 0, null, null, 223206);
insert into STUDENT (UNIQUEID, EXTERNAL_UID, FIRST_NAME, MIDDLE_NAME, LAST_NAME, EMAIL, FREE_TIME_CAT, SCHEDULE_PREFERENCE, STATUS_TYPE_ID, STATUS_CHANGE_DATE, SESSION_ID)
values (223401, '18', '18', null, 'Student', null, 0, 0, null, null, 223206);
insert into STUDENT (UNIQUEID, EXTERNAL_UID, FIRST_NAME, MIDDLE_NAME, LAST_NAME, EMAIL, FREE_TIME_CAT, SCHEDULE_PREFERENCE, STATUS_TYPE_ID, STATUS_CHANGE_DATE, SESSION_ID)
values (223402, '19', '19', null, 'Student', null, 0, 0, null, null, 223206);
insert into STUDENT (UNIQUEID, EXTERNAL_UID, FIRST_NAME, MIDDLE_NAME, LAST_NAME, EMAIL, FREE_TIME_CAT, SCHEDULE_PREFERENCE, STATUS_TYPE_ID, STATUS_CHANGE_DATE, SESSION_ID)
values (224240, '20', '20', null, 'Student', null, 0, 0, null, null, 223206);
insert into STUDENT (UNIQUEID, EXTERNAL_UID, FIRST_NAME, MIDDLE_NAME, LAST_NAME, EMAIL, FREE_TIME_CAT, SCHEDULE_PREFERENCE, STATUS_TYPE_ID, STATUS_CHANGE_DATE, SESSION_ID)
values (224241, '21', '21', null, 'Student', null, 0, 0, null, null, 223206);
commit;
prompt 21 records loaded
prompt Loading FREE_TIME...
prompt Table is empty
prompt Loading COURSE_DEMAND...
insert into COURSE_DEMAND (UNIQUEID, STUDENT_ID, PRIORITY, WAITLIST, IS_ALTERNATIVE, TIMESTAMP, FREE_TIME_ID)
values (225705, 223396, 0, 0, 0, to_date('25-04-2007 10:31:12', 'dd-mm-yyyy hh24:mi:ss'), null);
insert into COURSE_DEMAND (UNIQUEID, STUDENT_ID, PRIORITY, WAITLIST, IS_ALTERNATIVE, TIMESTAMP, FREE_TIME_ID)
values (225708, 223396, 1, 0, 0, to_date('25-04-2007 10:31:12', 'dd-mm-yyyy hh24:mi:ss'), null);
insert into COURSE_DEMAND (UNIQUEID, STUDENT_ID, PRIORITY, WAITLIST, IS_ALTERNATIVE, TIMESTAMP, FREE_TIME_ID)
values (225711, 223396, 2, 0, 0, to_date('25-04-2007 10:31:12', 'dd-mm-yyyy hh24:mi:ss'), null);
insert into COURSE_DEMAND (UNIQUEID, STUDENT_ID, PRIORITY, WAITLIST, IS_ALTERNATIVE, TIMESTAMP, FREE_TIME_ID)
values (225714, 223396, 3, 0, 0, to_date('25-04-2007 10:31:12', 'dd-mm-yyyy hh24:mi:ss'), null);
insert into COURSE_DEMAND (UNIQUEID, STUDENT_ID, PRIORITY, WAITLIST, IS_ALTERNATIVE, TIMESTAMP, FREE_TIME_ID)
values (225717, 223396, 4, 0, 0, to_date('25-04-2007 10:31:12', 'dd-mm-yyyy hh24:mi:ss'), null);
insert into COURSE_DEMAND (UNIQUEID, STUDENT_ID, PRIORITY, WAITLIST, IS_ALTERNATIVE, TIMESTAMP, FREE_TIME_ID)
values (225492, 223386, 0, 0, 0, to_date('25-04-2007 10:31:04', 'dd-mm-yyyy hh24:mi:ss'), null);
insert into COURSE_DEMAND (UNIQUEID, STUDENT_ID, PRIORITY, WAITLIST, IS_ALTERNATIVE, TIMESTAMP, FREE_TIME_ID)
values (225496, 223386, 1, 0, 0, to_date('25-04-2007 10:31:04', 'dd-mm-yyyy hh24:mi:ss'), null);
insert into COURSE_DEMAND (UNIQUEID, STUDENT_ID, PRIORITY, WAITLIST, IS_ALTERNATIVE, TIMESTAMP, FREE_TIME_ID)
values (225500, 223386, 2, 0, 0, to_date('25-04-2007 10:31:04', 'dd-mm-yyyy hh24:mi:ss'), null);
insert into COURSE_DEMAND (UNIQUEID, STUDENT_ID, PRIORITY, WAITLIST, IS_ALTERNATIVE, TIMESTAMP, FREE_TIME_ID)
values (225503, 223386, 3, 0, 0, to_date('25-04-2007 10:31:04', 'dd-mm-yyyy hh24:mi:ss'), null);
insert into COURSE_DEMAND (UNIQUEID, STUDENT_ID, PRIORITY, WAITLIST, IS_ALTERNATIVE, TIMESTAMP, FREE_TIME_ID)
values (225506, 223386, 4, 0, 0, to_date('25-04-2007 10:31:04', 'dd-mm-yyyy hh24:mi:ss'), null);
insert into COURSE_DEMAND (UNIQUEID, STUDENT_ID, PRIORITY, WAITLIST, IS_ALTERNATIVE, TIMESTAMP, FREE_TIME_ID)
values (225622, 223392, 0, 0, 0, to_date('25-04-2007 10:31:09', 'dd-mm-yyyy hh24:mi:ss'), null);
insert into COURSE_DEMAND (UNIQUEID, STUDENT_ID, PRIORITY, WAITLIST, IS_ALTERNATIVE, TIMESTAMP, FREE_TIME_ID)
values (225627, 223392, 1, 0, 0, to_date('25-04-2007 10:31:09', 'dd-mm-yyyy hh24:mi:ss'), null);
insert into COURSE_DEMAND (UNIQUEID, STUDENT_ID, PRIORITY, WAITLIST, IS_ALTERNATIVE, TIMESTAMP, FREE_TIME_ID)
values (225632, 223392, 2, 0, 0, to_date('25-04-2007 10:31:09', 'dd-mm-yyyy hh24:mi:ss'), null);
insert into COURSE_DEMAND (UNIQUEID, STUDENT_ID, PRIORITY, WAITLIST, IS_ALTERNATIVE, TIMESTAMP, FREE_TIME_ID)
values (225636, 223392, 3, 0, 0, to_date('25-04-2007 10:31:09', 'dd-mm-yyyy hh24:mi:ss'), null);
insert into COURSE_DEMAND (UNIQUEID, STUDENT_ID, PRIORITY, WAITLIST, IS_ALTERNATIVE, TIMESTAMP, FREE_TIME_ID)
values (225640, 223392, 4, 0, 0, to_date('25-04-2007 10:31:09', 'dd-mm-yyyy hh24:mi:ss'), null);
insert into COURSE_DEMAND (UNIQUEID, STUDENT_ID, PRIORITY, WAITLIST, IS_ALTERNATIVE, TIMESTAMP, FREE_TIME_ID)
values (225644, 223393, 0, 0, 0, to_date('25-04-2007 10:31:10', 'dd-mm-yyyy hh24:mi:ss'), null);
insert into COURSE_DEMAND (UNIQUEID, STUDENT_ID, PRIORITY, WAITLIST, IS_ALTERNATIVE, TIMESTAMP, FREE_TIME_ID)
values (225722, 223397, 0, 0, 0, to_date('25-04-2007 10:31:13', 'dd-mm-yyyy hh24:mi:ss'), null);
insert into COURSE_DEMAND (UNIQUEID, STUDENT_ID, PRIORITY, WAITLIST, IS_ALTERNATIVE, TIMESTAMP, FREE_TIME_ID)
values (225869, 224241, 0, 0, 0, to_date('25-04-2007 10:31:17', 'dd-mm-yyyy hh24:mi:ss'), null);
insert into COURSE_DEMAND (UNIQUEID, STUDENT_ID, PRIORITY, WAITLIST, IS_ALTERNATIVE, TIMESTAMP, FREE_TIME_ID)
values (225872, 224241, 1, 0, 0, to_date('25-04-2007 10:31:17', 'dd-mm-yyyy hh24:mi:ss'), null);
insert into COURSE_DEMAND (UNIQUEID, STUDENT_ID, PRIORITY, WAITLIST, IS_ALTERNATIVE, TIMESTAMP, FREE_TIME_ID)
values (225875, 224241, 2, 0, 0, to_date('25-04-2007 10:31:17', 'dd-mm-yyyy hh24:mi:ss'), null);
insert into COURSE_DEMAND (UNIQUEID, STUDENT_ID, PRIORITY, WAITLIST, IS_ALTERNATIVE, TIMESTAMP, FREE_TIME_ID)
values (225877, 224241, 3, 0, 0, to_date('25-04-2007 10:31:17', 'dd-mm-yyyy hh24:mi:ss'), null);
insert into COURSE_DEMAND (UNIQUEID, STUDENT_ID, PRIORITY, WAITLIST, IS_ALTERNATIVE, TIMESTAMP, FREE_TIME_ID)
values (225880, 224241, 4, 0, 0, to_date('25-04-2007 10:31:17', 'dd-mm-yyyy hh24:mi:ss'), null);
insert into COURSE_DEMAND (UNIQUEID, STUDENT_ID, PRIORITY, WAITLIST, IS_ALTERNATIVE, TIMESTAMP, FREE_TIME_ID)
values (225883, 224241, 5, 0, 0, to_date('25-04-2007 10:31:17', 'dd-mm-yyyy hh24:mi:ss'), null);
insert into COURSE_DEMAND (UNIQUEID, STUDENT_ID, PRIORITY, WAITLIST, IS_ALTERNATIVE, TIMESTAMP, FREE_TIME_ID)
values (226167, 223384, 0, 0, 0, to_date('25-04-2007 11:53:22', 'dd-mm-yyyy hh24:mi:ss'), null);
insert into COURSE_DEMAND (UNIQUEID, STUDENT_ID, PRIORITY, WAITLIST, IS_ALTERNATIVE, TIMESTAMP, FREE_TIME_ID)
values (226171, 223384, 1, 0, 0, to_date('25-04-2007 11:53:22', 'dd-mm-yyyy hh24:mi:ss'), null);
insert into COURSE_DEMAND (UNIQUEID, STUDENT_ID, PRIORITY, WAITLIST, IS_ALTERNATIVE, TIMESTAMP, FREE_TIME_ID)
values (226176, 223384, 2, 0, 0, to_date('25-04-2007 11:53:22', 'dd-mm-yyyy hh24:mi:ss'), null);
insert into COURSE_DEMAND (UNIQUEID, STUDENT_ID, PRIORITY, WAITLIST, IS_ALTERNATIVE, TIMESTAMP, FREE_TIME_ID)
values (226180, 223384, 3, 0, 0, to_date('25-04-2007 11:53:22', 'dd-mm-yyyy hh24:mi:ss'), null);
insert into COURSE_DEMAND (UNIQUEID, STUDENT_ID, PRIORITY, WAITLIST, IS_ALTERNATIVE, TIMESTAMP, FREE_TIME_ID)
values (226184, 223384, 4, 0, 0, to_date('25-04-2007 11:53:22', 'dd-mm-yyyy hh24:mi:ss'), null);
insert into COURSE_DEMAND (UNIQUEID, STUDENT_ID, PRIORITY, WAITLIST, IS_ALTERNATIVE, TIMESTAMP, FREE_TIME_ID)
values (225532, 223388, 0, 0, 0, to_date('25-04-2007 10:31:06', 'dd-mm-yyyy hh24:mi:ss'), null);
insert into COURSE_DEMAND (UNIQUEID, STUDENT_ID, PRIORITY, WAITLIST, IS_ALTERNATIVE, TIMESTAMP, FREE_TIME_ID)
values (225538, 223388, 1, 0, 0, to_date('25-04-2007 10:31:06', 'dd-mm-yyyy hh24:mi:ss'), null);
insert into COURSE_DEMAND (UNIQUEID, STUDENT_ID, PRIORITY, WAITLIST, IS_ALTERNATIVE, TIMESTAMP, FREE_TIME_ID)
values (225543, 223388, 2, 0, 0, to_date('25-04-2007 10:31:06', 'dd-mm-yyyy hh24:mi:ss'), null);
insert into COURSE_DEMAND (UNIQUEID, STUDENT_ID, PRIORITY, WAITLIST, IS_ALTERNATIVE, TIMESTAMP, FREE_TIME_ID)
values (225547, 223388, 3, 0, 0, to_date('25-04-2007 10:31:06', 'dd-mm-yyyy hh24:mi:ss'), null);
insert into COURSE_DEMAND (UNIQUEID, STUDENT_ID, PRIORITY, WAITLIST, IS_ALTERNATIVE, TIMESTAMP, FREE_TIME_ID)
values (225832, 223402, 0, 0, 0, to_date('25-04-2007 10:31:16', 'dd-mm-yyyy hh24:mi:ss'), null);
insert into COURSE_DEMAND (UNIQUEID, STUDENT_ID, PRIORITY, WAITLIST, IS_ALTERNATIVE, TIMESTAMP, FREE_TIME_ID)
values (225510, 223387, 0, 0, 0, to_date('25-04-2007 10:31:05', 'dd-mm-yyyy hh24:mi:ss'), null);
insert into COURSE_DEMAND (UNIQUEID, STUDENT_ID, PRIORITY, WAITLIST, IS_ALTERNATIVE, TIMESTAMP, FREE_TIME_ID)
values (225516, 223387, 1, 0, 0, to_date('25-04-2007 10:31:05', 'dd-mm-yyyy hh24:mi:ss'), null);
insert into COURSE_DEMAND (UNIQUEID, STUDENT_ID, PRIORITY, WAITLIST, IS_ALTERNATIVE, TIMESTAMP, FREE_TIME_ID)
values (225521, 223387, 2, 0, 0, to_date('25-04-2007 10:31:05', 'dd-mm-yyyy hh24:mi:ss'), null);
insert into COURSE_DEMAND (UNIQUEID, STUDENT_ID, PRIORITY, WAITLIST, IS_ALTERNATIVE, TIMESTAMP, FREE_TIME_ID)
values (225525, 223387, 3, 0, 0, to_date('25-04-2007 10:31:05', 'dd-mm-yyyy hh24:mi:ss'), null);
insert into COURSE_DEMAND (UNIQUEID, STUDENT_ID, PRIORITY, WAITLIST, IS_ALTERNATIVE, TIMESTAMP, FREE_TIME_ID)
values (225528, 223387, 4, 0, 0, to_date('25-04-2007 10:31:05', 'dd-mm-yyyy hh24:mi:ss'), null);
insert into COURSE_DEMAND (UNIQUEID, STUDENT_ID, PRIORITY, WAITLIST, IS_ALTERNATIVE, TIMESTAMP, FREE_TIME_ID)
values (225550, 223388, 4, 0, 0, to_date('25-04-2007 10:31:06', 'dd-mm-yyyy hh24:mi:ss'), null);
insert into COURSE_DEMAND (UNIQUEID, STUDENT_ID, PRIORITY, WAITLIST, IS_ALTERNATIVE, TIMESTAMP, FREE_TIME_ID)
values (225836, 223402, 1, 0, 0, to_date('25-04-2007 10:31:16', 'dd-mm-yyyy hh24:mi:ss'), null);
insert into COURSE_DEMAND (UNIQUEID, STUDENT_ID, PRIORITY, WAITLIST, IS_ALTERNATIVE, TIMESTAMP, FREE_TIME_ID)
values (225841, 223402, 2, 0, 0, to_date('25-04-2007 10:31:16', 'dd-mm-yyyy hh24:mi:ss'), null);
insert into COURSE_DEMAND (UNIQUEID, STUDENT_ID, PRIORITY, WAITLIST, IS_ALTERNATIVE, TIMESTAMP, FREE_TIME_ID)
values (225843, 223402, 3, 0, 0, to_date('25-04-2007 10:31:16', 'dd-mm-yyyy hh24:mi:ss'), null);
insert into COURSE_DEMAND (UNIQUEID, STUDENT_ID, PRIORITY, WAITLIST, IS_ALTERNATIVE, TIMESTAMP, FREE_TIME_ID)
values (225846, 223402, 4, 0, 0, to_date('25-04-2007 10:31:16', 'dd-mm-yyyy hh24:mi:ss'), null);
insert into COURSE_DEMAND (UNIQUEID, STUDENT_ID, PRIORITY, WAITLIST, IS_ALTERNATIVE, TIMESTAMP, FREE_TIME_ID)
values (225554, 223389, 0, 0, 0, to_date('25-04-2007 10:31:07', 'dd-mm-yyyy hh24:mi:ss'), null);
insert into COURSE_DEMAND (UNIQUEID, STUDENT_ID, PRIORITY, WAITLIST, IS_ALTERNATIVE, TIMESTAMP, FREE_TIME_ID)
values (225560, 223389, 1, 0, 0, to_date('25-04-2007 10:31:07', 'dd-mm-yyyy hh24:mi:ss'), null);
insert into COURSE_DEMAND (UNIQUEID, STUDENT_ID, PRIORITY, WAITLIST, IS_ALTERNATIVE, TIMESTAMP, FREE_TIME_ID)
values (225565, 223389, 2, 0, 0, to_date('25-04-2007 10:31:07', 'dd-mm-yyyy hh24:mi:ss'), null);
insert into COURSE_DEMAND (UNIQUEID, STUDENT_ID, PRIORITY, WAITLIST, IS_ALTERNATIVE, TIMESTAMP, FREE_TIME_ID)
values (225569, 223389, 3, 0, 0, to_date('25-04-2007 10:31:07', 'dd-mm-yyyy hh24:mi:ss'), null);
insert into COURSE_DEMAND (UNIQUEID, STUDENT_ID, PRIORITY, WAITLIST, IS_ALTERNATIVE, TIMESTAMP, FREE_TIME_ID)
values (225572, 223389, 4, 0, 0, to_date('25-04-2007 10:31:07', 'dd-mm-yyyy hh24:mi:ss'), null);
insert into COURSE_DEMAND (UNIQUEID, STUDENT_ID, PRIORITY, WAITLIST, IS_ALTERNATIVE, TIMESTAMP, FREE_TIME_ID)
values (225576, 223390, 0, 0, 0, to_date('25-04-2007 10:31:08', 'dd-mm-yyyy hh24:mi:ss'), null);
insert into COURSE_DEMAND (UNIQUEID, STUDENT_ID, PRIORITY, WAITLIST, IS_ALTERNATIVE, TIMESTAMP, FREE_TIME_ID)
values (225581, 223390, 1, 0, 0, to_date('25-04-2007 10:31:08', 'dd-mm-yyyy hh24:mi:ss'), null);
insert into COURSE_DEMAND (UNIQUEID, STUDENT_ID, PRIORITY, WAITLIST, IS_ALTERNATIVE, TIMESTAMP, FREE_TIME_ID)
values (225586, 223390, 2, 0, 0, to_date('25-04-2007 10:31:08', 'dd-mm-yyyy hh24:mi:ss'), null);
insert into COURSE_DEMAND (UNIQUEID, STUDENT_ID, PRIORITY, WAITLIST, IS_ALTERNATIVE, TIMESTAMP, FREE_TIME_ID)
values (225590, 223390, 3, 0, 0, to_date('25-04-2007 10:31:08', 'dd-mm-yyyy hh24:mi:ss'), null);
insert into COURSE_DEMAND (UNIQUEID, STUDENT_ID, PRIORITY, WAITLIST, IS_ALTERNATIVE, TIMESTAMP, FREE_TIME_ID)
values (225594, 223390, 4, 0, 0, to_date('25-04-2007 10:31:08', 'dd-mm-yyyy hh24:mi:ss'), null);
insert into COURSE_DEMAND (UNIQUEID, STUDENT_ID, PRIORITY, WAITLIST, IS_ALTERNATIVE, TIMESTAMP, FREE_TIME_ID)
values (225597, 223390, 5, 0, 0, to_date('25-04-2007 10:31:08', 'dd-mm-yyyy hh24:mi:ss'), null);
insert into COURSE_DEMAND (UNIQUEID, STUDENT_ID, PRIORITY, WAITLIST, IS_ALTERNATIVE, TIMESTAMP, FREE_TIME_ID)
values (225600, 223391, 0, 0, 0, to_date('25-04-2007 10:31:09', 'dd-mm-yyyy hh24:mi:ss'), null);
insert into COURSE_DEMAND (UNIQUEID, STUDENT_ID, PRIORITY, WAITLIST, IS_ALTERNATIVE, TIMESTAMP, FREE_TIME_ID)
values (225605, 223391, 1, 0, 0, to_date('25-04-2007 10:31:09', 'dd-mm-yyyy hh24:mi:ss'), null);
insert into COURSE_DEMAND (UNIQUEID, STUDENT_ID, PRIORITY, WAITLIST, IS_ALTERNATIVE, TIMESTAMP, FREE_TIME_ID)
values (225611, 223391, 2, 0, 0, to_date('25-04-2007 10:31:09', 'dd-mm-yyyy hh24:mi:ss'), null);
insert into COURSE_DEMAND (UNIQUEID, STUDENT_ID, PRIORITY, WAITLIST, IS_ALTERNATIVE, TIMESTAMP, FREE_TIME_ID)
values (225615, 223391, 3, 0, 0, to_date('25-04-2007 10:31:09', 'dd-mm-yyyy hh24:mi:ss'), null);
insert into COURSE_DEMAND (UNIQUEID, STUDENT_ID, PRIORITY, WAITLIST, IS_ALTERNATIVE, TIMESTAMP, FREE_TIME_ID)
values (225649, 223393, 1, 0, 0, to_date('25-04-2007 10:31:10', 'dd-mm-yyyy hh24:mi:ss'), null);
insert into COURSE_DEMAND (UNIQUEID, STUDENT_ID, PRIORITY, WAITLIST, IS_ALTERNATIVE, TIMESTAMP, FREE_TIME_ID)
values (225654, 223393, 2, 0, 0, to_date('25-04-2007 10:31:10', 'dd-mm-yyyy hh24:mi:ss'), null);
insert into COURSE_DEMAND (UNIQUEID, STUDENT_ID, PRIORITY, WAITLIST, IS_ALTERNATIVE, TIMESTAMP, FREE_TIME_ID)
values (225658, 223393, 3, 0, 0, to_date('25-04-2007 10:31:10', 'dd-mm-yyyy hh24:mi:ss'), null);
insert into COURSE_DEMAND (UNIQUEID, STUDENT_ID, PRIORITY, WAITLIST, IS_ALTERNATIVE, TIMESTAMP, FREE_TIME_ID)
values (225662, 223393, 4, 0, 0, to_date('25-04-2007 10:31:10', 'dd-mm-yyyy hh24:mi:ss'), null);
insert into COURSE_DEMAND (UNIQUEID, STUDENT_ID, PRIORITY, WAITLIST, IS_ALTERNATIVE, TIMESTAMP, FREE_TIME_ID)
values (225666, 223394, 0, 0, 0, to_date('25-04-2007 10:31:10', 'dd-mm-yyyy hh24:mi:ss'), null);
insert into COURSE_DEMAND (UNIQUEID, STUDENT_ID, PRIORITY, WAITLIST, IS_ALTERNATIVE, TIMESTAMP, FREE_TIME_ID)
values (225672, 223394, 1, 0, 0, to_date('25-04-2007 10:31:10', 'dd-mm-yyyy hh24:mi:ss'), null);
insert into COURSE_DEMAND (UNIQUEID, STUDENT_ID, PRIORITY, WAITLIST, IS_ALTERNATIVE, TIMESTAMP, FREE_TIME_ID)
values (225675, 223394, 2, 0, 0, to_date('25-04-2007 10:31:10', 'dd-mm-yyyy hh24:mi:ss'), null);
insert into COURSE_DEMAND (UNIQUEID, STUDENT_ID, PRIORITY, WAITLIST, IS_ALTERNATIVE, TIMESTAMP, FREE_TIME_ID)
values (225678, 223394, 3, 0, 0, to_date('25-04-2007 10:31:10', 'dd-mm-yyyy hh24:mi:ss'), null);
insert into COURSE_DEMAND (UNIQUEID, STUDENT_ID, PRIORITY, WAITLIST, IS_ALTERNATIVE, TIMESTAMP, FREE_TIME_ID)
values (225681, 223394, 4, 0, 0, to_date('25-04-2007 10:31:10', 'dd-mm-yyyy hh24:mi:ss'), null);
insert into COURSE_DEMAND (UNIQUEID, STUDENT_ID, PRIORITY, WAITLIST, IS_ALTERNATIVE, TIMESTAMP, FREE_TIME_ID)
values (225685, 223395, 0, 0, 0, to_date('25-04-2007 10:31:11', 'dd-mm-yyyy hh24:mi:ss'), null);
insert into COURSE_DEMAND (UNIQUEID, STUDENT_ID, PRIORITY, WAITLIST, IS_ALTERNATIVE, TIMESTAMP, FREE_TIME_ID)
values (225688, 223395, 1, 0, 0, to_date('25-04-2007 10:31:11', 'dd-mm-yyyy hh24:mi:ss'), null);
insert into COURSE_DEMAND (UNIQUEID, STUDENT_ID, PRIORITY, WAITLIST, IS_ALTERNATIVE, TIMESTAMP, FREE_TIME_ID)
values (225692, 223395, 2, 0, 0, to_date('25-04-2007 10:31:11', 'dd-mm-yyyy hh24:mi:ss'), null);
insert into COURSE_DEMAND (UNIQUEID, STUDENT_ID, PRIORITY, WAITLIST, IS_ALTERNATIVE, TIMESTAMP, FREE_TIME_ID)
values (225696, 223395, 3, 0, 0, to_date('25-04-2007 10:31:11', 'dd-mm-yyyy hh24:mi:ss'), null);
insert into COURSE_DEMAND (UNIQUEID, STUDENT_ID, PRIORITY, WAITLIST, IS_ALTERNATIVE, TIMESTAMP, FREE_TIME_ID)
values (225699, 223395, 4, 0, 0, to_date('25-04-2007 10:31:11', 'dd-mm-yyyy hh24:mi:ss'), null);
insert into COURSE_DEMAND (UNIQUEID, STUDENT_ID, PRIORITY, WAITLIST, IS_ALTERNATIVE, TIMESTAMP, FREE_TIME_ID)
values (225702, 223395, 5, 0, 0, to_date('25-04-2007 10:31:11', 'dd-mm-yyyy hh24:mi:ss'), null);
insert into COURSE_DEMAND (UNIQUEID, STUDENT_ID, PRIORITY, WAITLIST, IS_ALTERNATIVE, TIMESTAMP, FREE_TIME_ID)
values (225728, 223397, 1, 0, 0, to_date('25-04-2007 10:31:13', 'dd-mm-yyyy hh24:mi:ss'), null);
insert into COURSE_DEMAND (UNIQUEID, STUDENT_ID, PRIORITY, WAITLIST, IS_ALTERNATIVE, TIMESTAMP, FREE_TIME_ID)
values (225732, 223397, 2, 0, 0, to_date('25-04-2007 10:31:13', 'dd-mm-yyyy hh24:mi:ss'), null);
insert into COURSE_DEMAND (UNIQUEID, STUDENT_ID, PRIORITY, WAITLIST, IS_ALTERNATIVE, TIMESTAMP, FREE_TIME_ID)
values (225737, 223397, 3, 0, 0, to_date('25-04-2007 10:31:13', 'dd-mm-yyyy hh24:mi:ss'), null);
insert into COURSE_DEMAND (UNIQUEID, STUDENT_ID, PRIORITY, WAITLIST, IS_ALTERNATIVE, TIMESTAMP, FREE_TIME_ID)
values (225741, 223397, 4, 0, 0, to_date('25-04-2007 10:31:13', 'dd-mm-yyyy hh24:mi:ss'), null);
insert into COURSE_DEMAND (UNIQUEID, STUDENT_ID, PRIORITY, WAITLIST, IS_ALTERNATIVE, TIMESTAMP, FREE_TIME_ID)
values (225745, 223398, 0, 0, 0, to_date('25-04-2007 10:31:13', 'dd-mm-yyyy hh24:mi:ss'), null);
insert into COURSE_DEMAND (UNIQUEID, STUDENT_ID, PRIORITY, WAITLIST, IS_ALTERNATIVE, TIMESTAMP, FREE_TIME_ID)
values (225751, 223398, 1, 0, 0, to_date('25-04-2007 10:31:13', 'dd-mm-yyyy hh24:mi:ss'), null);
insert into COURSE_DEMAND (UNIQUEID, STUDENT_ID, PRIORITY, WAITLIST, IS_ALTERNATIVE, TIMESTAMP, FREE_TIME_ID)
values (225755, 223398, 2, 0, 0, to_date('25-04-2007 10:31:13', 'dd-mm-yyyy hh24:mi:ss'), null);
insert into COURSE_DEMAND (UNIQUEID, STUDENT_ID, PRIORITY, WAITLIST, IS_ALTERNATIVE, TIMESTAMP, FREE_TIME_ID)
values (225760, 223398, 3, 0, 0, to_date('25-04-2007 10:31:13', 'dd-mm-yyyy hh24:mi:ss'), null);
insert into COURSE_DEMAND (UNIQUEID, STUDENT_ID, PRIORITY, WAITLIST, IS_ALTERNATIVE, TIMESTAMP, FREE_TIME_ID)
values (225764, 223398, 4, 0, 0, to_date('25-04-2007 10:31:13', 'dd-mm-yyyy hh24:mi:ss'), null);
insert into COURSE_DEMAND (UNIQUEID, STUDENT_ID, PRIORITY, WAITLIST, IS_ALTERNATIVE, TIMESTAMP, FREE_TIME_ID)
values (225768, 223399, 0, 0, 0, to_date('25-04-2007 10:31:14', 'dd-mm-yyyy hh24:mi:ss'), null);
insert into COURSE_DEMAND (UNIQUEID, STUDENT_ID, PRIORITY, WAITLIST, IS_ALTERNATIVE, TIMESTAMP, FREE_TIME_ID)
values (225774, 223399, 1, 0, 0, to_date('25-04-2007 10:31:14', 'dd-mm-yyyy hh24:mi:ss'), null);
insert into COURSE_DEMAND (UNIQUEID, STUDENT_ID, PRIORITY, WAITLIST, IS_ALTERNATIVE, TIMESTAMP, FREE_TIME_ID)
values (225778, 223399, 2, 0, 0, to_date('25-04-2007 10:31:14', 'dd-mm-yyyy hh24:mi:ss'), null);
insert into COURSE_DEMAND (UNIQUEID, STUDENT_ID, PRIORITY, WAITLIST, IS_ALTERNATIVE, TIMESTAMP, FREE_TIME_ID)
values (225780, 223399, 3, 0, 0, to_date('25-04-2007 10:31:14', 'dd-mm-yyyy hh24:mi:ss'), null);
insert into COURSE_DEMAND (UNIQUEID, STUDENT_ID, PRIORITY, WAITLIST, IS_ALTERNATIVE, TIMESTAMP, FREE_TIME_ID)
values (225784, 223399, 4, 0, 0, to_date('25-04-2007 10:31:14', 'dd-mm-yyyy hh24:mi:ss'), null);
insert into COURSE_DEMAND (UNIQUEID, STUDENT_ID, PRIORITY, WAITLIST, IS_ALTERNATIVE, TIMESTAMP, FREE_TIME_ID)
values (225788, 223400, 0, 0, 0, to_date('25-04-2007 10:31:15', 'dd-mm-yyyy hh24:mi:ss'), null);
insert into COURSE_DEMAND (UNIQUEID, STUDENT_ID, PRIORITY, WAITLIST, IS_ALTERNATIVE, TIMESTAMP, FREE_TIME_ID)
values (225791, 223400, 1, 0, 0, to_date('25-04-2007 10:31:15', 'dd-mm-yyyy hh24:mi:ss'), null);
insert into COURSE_DEMAND (UNIQUEID, STUDENT_ID, PRIORITY, WAITLIST, IS_ALTERNATIVE, TIMESTAMP, FREE_TIME_ID)
values (225797, 223400, 2, 0, 0, to_date('25-04-2007 10:31:15', 'dd-mm-yyyy hh24:mi:ss'), null);
insert into COURSE_DEMAND (UNIQUEID, STUDENT_ID, PRIORITY, WAITLIST, IS_ALTERNATIVE, TIMESTAMP, FREE_TIME_ID)
values (225802, 223400, 3, 0, 0, to_date('25-04-2007 10:31:15', 'dd-mm-yyyy hh24:mi:ss'), null);
insert into COURSE_DEMAND (UNIQUEID, STUDENT_ID, PRIORITY, WAITLIST, IS_ALTERNATIVE, TIMESTAMP, FREE_TIME_ID)
values (225806, 223400, 4, 0, 0, to_date('25-04-2007 10:31:15', 'dd-mm-yyyy hh24:mi:ss'), null);
insert into COURSE_DEMAND (UNIQUEID, STUDENT_ID, PRIORITY, WAITLIST, IS_ALTERNATIVE, TIMESTAMP, FREE_TIME_ID)
values (225810, 223401, 0, 0, 0, to_date('25-04-2007 10:31:15', 'dd-mm-yyyy hh24:mi:ss'), null);
insert into COURSE_DEMAND (UNIQUEID, STUDENT_ID, PRIORITY, WAITLIST, IS_ALTERNATIVE, TIMESTAMP, FREE_TIME_ID)
values (225813, 223401, 1, 0, 0, to_date('25-04-2007 10:31:15', 'dd-mm-yyyy hh24:mi:ss'), null);
insert into COURSE_DEMAND (UNIQUEID, STUDENT_ID, PRIORITY, WAITLIST, IS_ALTERNATIVE, TIMESTAMP, FREE_TIME_ID)
values (225819, 223401, 2, 0, 0, to_date('25-04-2007 10:31:15', 'dd-mm-yyyy hh24:mi:ss'), null);
insert into COURSE_DEMAND (UNIQUEID, STUDENT_ID, PRIORITY, WAITLIST, IS_ALTERNATIVE, TIMESTAMP, FREE_TIME_ID)
values (225824, 223401, 3, 0, 0, to_date('25-04-2007 10:31:15', 'dd-mm-yyyy hh24:mi:ss'), null);
insert into COURSE_DEMAND (UNIQUEID, STUDENT_ID, PRIORITY, WAITLIST, IS_ALTERNATIVE, TIMESTAMP, FREE_TIME_ID)
values (225828, 223401, 4, 0, 0, to_date('25-04-2007 10:31:15', 'dd-mm-yyyy hh24:mi:ss'), null);
insert into COURSE_DEMAND (UNIQUEID, STUDENT_ID, PRIORITY, WAITLIST, IS_ALTERNATIVE, TIMESTAMP, FREE_TIME_ID)
values (225849, 224240, 0, 0, 0, to_date('25-04-2007 10:31:16', 'dd-mm-yyyy hh24:mi:ss'), null);
insert into COURSE_DEMAND (UNIQUEID, STUDENT_ID, PRIORITY, WAITLIST, IS_ALTERNATIVE, TIMESTAMP, FREE_TIME_ID)
values (225852, 224240, 1, 0, 0, to_date('25-04-2007 10:31:16', 'dd-mm-yyyy hh24:mi:ss'), null);
insert into COURSE_DEMAND (UNIQUEID, STUDENT_ID, PRIORITY, WAITLIST, IS_ALTERNATIVE, TIMESTAMP, FREE_TIME_ID)
values (225858, 224240, 2, 0, 0, to_date('25-04-2007 10:31:16', 'dd-mm-yyyy hh24:mi:ss'), null);
commit;
prompt 100 records committed...
insert into COURSE_DEMAND (UNIQUEID, STUDENT_ID, PRIORITY, WAITLIST, IS_ALTERNATIVE, TIMESTAMP, FREE_TIME_ID)
values (225861, 224240, 3, 0, 0, to_date('25-04-2007 10:31:16', 'dd-mm-yyyy hh24:mi:ss'), null);
insert into COURSE_DEMAND (UNIQUEID, STUDENT_ID, PRIORITY, WAITLIST, IS_ALTERNATIVE, TIMESTAMP, FREE_TIME_ID)
values (225864, 224240, 4, 0, 0, to_date('25-04-2007 10:31:16', 'dd-mm-yyyy hh24:mi:ss'), null);
insert into COURSE_DEMAND (UNIQUEID, STUDENT_ID, PRIORITY, WAITLIST, IS_ALTERNATIVE, TIMESTAMP, FREE_TIME_ID)
values (225866, 224240, 5, 0, 0, to_date('25-04-2007 10:31:16', 'dd-mm-yyyy hh24:mi:ss'), null);
insert into COURSE_DEMAND (UNIQUEID, STUDENT_ID, PRIORITY, WAITLIST, IS_ALTERNATIVE, TIMESTAMP, FREE_TIME_ID)
values (225476, 223385, 0, 0, 0, to_date('25-04-2007 10:31:02', 'dd-mm-yyyy hh24:mi:ss'), null);
insert into COURSE_DEMAND (UNIQUEID, STUDENT_ID, PRIORITY, WAITLIST, IS_ALTERNATIVE, TIMESTAMP, FREE_TIME_ID)
values (225479, 223385, 1, 0, 0, to_date('25-04-2007 10:31:02', 'dd-mm-yyyy hh24:mi:ss'), null);
insert into COURSE_DEMAND (UNIQUEID, STUDENT_ID, PRIORITY, WAITLIST, IS_ALTERNATIVE, TIMESTAMP, FREE_TIME_ID)
values (225482, 223385, 2, 0, 0, to_date('25-04-2007 10:31:02', 'dd-mm-yyyy hh24:mi:ss'), null);
insert into COURSE_DEMAND (UNIQUEID, STUDENT_ID, PRIORITY, WAITLIST, IS_ALTERNATIVE, TIMESTAMP, FREE_TIME_ID)
values (225485, 223385, 3, 0, 0, to_date('25-04-2007 10:31:02', 'dd-mm-yyyy hh24:mi:ss'), null);
insert into COURSE_DEMAND (UNIQUEID, STUDENT_ID, PRIORITY, WAITLIST, IS_ALTERNATIVE, TIMESTAMP, FREE_TIME_ID)
values (225488, 223385, 4, 0, 0, to_date('25-04-2007 10:31:02', 'dd-mm-yyyy hh24:mi:ss'), null);
insert into COURSE_DEMAND (UNIQUEID, STUDENT_ID, PRIORITY, WAITLIST, IS_ALTERNATIVE, TIMESTAMP, FREE_TIME_ID)
values (225619, 223391, 4, 0, 0, to_date('25-04-2007 10:31:09', 'dd-mm-yyyy hh24:mi:ss'), null);
commit;
prompt 109 records loaded
prompt Loading SUBJECT_AREA...
insert into SUBJECT_AREA (UNIQUEID, SESSION_ID, SUBJECT_AREA_ABBREVIATION, SHORT_TITLE, LONG_TITLE, SCHEDULE_BOOK_ONLY, PSEUDO_SUBJECT_AREA, DEPARTMENT_UNIQUEID, EXTERNAL_UID, LAST_MODIFIED_TIME)
values (779, 223206, 'ENGR', 'Engineering', 'Engineering', '0', '0', 223207, null, null);
insert into SUBJECT_AREA (UNIQUEID, SESSION_ID, SUBJECT_AREA_ABBREVIATION, SHORT_TITLE, LONG_TITLE, SCHEDULE_BOOK_ONLY, PSEUDO_SUBJECT_AREA, DEPARTMENT_UNIQUEID, EXTERNAL_UID, LAST_MODIFIED_TIME)
values (780, 223206, 'LING', 'Linguistics', 'Linguistics', '0', '0', 223207, null, null);
insert into SUBJECT_AREA (UNIQUEID, SESSION_ID, SUBJECT_AREA_ABBREVIATION, SHORT_TITLE, LONG_TITLE, SCHEDULE_BOOK_ONLY, PSEUDO_SUBJECT_AREA, DEPARTMENT_UNIQUEID, EXTERNAL_UID, LAST_MODIFIED_TIME)
values (781, 223206, 'PHAR', 'Pharmacy', 'Pharmacy', '0', '0', 223207, null, null);
insert into SUBJECT_AREA (UNIQUEID, SESSION_ID, SUBJECT_AREA_ABBREVIATION, SHORT_TITLE, LONG_TITLE, SCHEDULE_BOOK_ONLY, PSEUDO_SUBJECT_AREA, DEPARTMENT_UNIQUEID, EXTERNAL_UID, LAST_MODIFIED_TIME)
values (782, 223206, 'MBIO', 'Microbiology', 'Microbiology', '0', '0', 223207, null, null);
insert into SUBJECT_AREA (UNIQUEID, SESSION_ID, SUBJECT_AREA_ABBREVIATION, SHORT_TITLE, LONG_TITLE, SCHEDULE_BOOK_ONLY, PSEUDO_SUBJECT_AREA, DEPARTMENT_UNIQUEID, EXTERNAL_UID, LAST_MODIFIED_TIME)
values (761, 223206, 'ALG', 'Algebra', 'Algebra', '0', '0', 223207, null, null);
insert into SUBJECT_AREA (UNIQUEID, SESSION_ID, SUBJECT_AREA_ABBREVIATION, SHORT_TITLE, LONG_TITLE, SCHEDULE_BOOK_ONLY, PSEUDO_SUBJECT_AREA, DEPARTMENT_UNIQUEID, EXTERNAL_UID, LAST_MODIFIED_TIME)
values (762, 223206, 'BIOL', 'Biology', 'Biology', '0', '0', 223207, null, null);
insert into SUBJECT_AREA (UNIQUEID, SESSION_ID, SUBJECT_AREA_ABBREVIATION, SHORT_TITLE, LONG_TITLE, SCHEDULE_BOOK_ONLY, PSEUDO_SUBJECT_AREA, DEPARTMENT_UNIQUEID, EXTERNAL_UID, LAST_MODIFIED_TIME)
values (763, 223206, 'C S', 'Computer Science', 'Computer Science', '0', '0', 223207, null, null);
insert into SUBJECT_AREA (UNIQUEID, SESSION_ID, SUBJECT_AREA_ABBREVIATION, SHORT_TITLE, LONG_TITLE, SCHEDULE_BOOK_ONLY, PSEUDO_SUBJECT_AREA, DEPARTMENT_UNIQUEID, EXTERNAL_UID, LAST_MODIFIED_TIME)
values (764, 223206, 'BAND', 'Band', 'Band', '0', '0', 223207, null, null);
insert into SUBJECT_AREA (UNIQUEID, SESSION_ID, SUBJECT_AREA_ABBREVIATION, SHORT_TITLE, LONG_TITLE, SCHEDULE_BOOK_ONLY, PSEUDO_SUBJECT_AREA, DEPARTMENT_UNIQUEID, EXTERNAL_UID, LAST_MODIFIED_TIME)
values (765, 223206, 'CHM', 'Chemistry', 'Chemistry', '0', '0', 223207, null, null);
insert into SUBJECT_AREA (UNIQUEID, SESSION_ID, SUBJECT_AREA_ABBREVIATION, SHORT_TITLE, LONG_TITLE, SCHEDULE_BOOK_ONLY, PSEUDO_SUBJECT_AREA, DEPARTMENT_UNIQUEID, EXTERNAL_UID, LAST_MODIFIED_TIME)
values (766, 223206, 'ECON', 'Economics', 'Economics', '0', '0', 223207, null, null);
insert into SUBJECT_AREA (UNIQUEID, SESSION_ID, SUBJECT_AREA_ABBREVIATION, SHORT_TITLE, LONG_TITLE, SCHEDULE_BOOK_ONLY, PSEUDO_SUBJECT_AREA, DEPARTMENT_UNIQUEID, EXTERNAL_UID, LAST_MODIFIED_TIME)
values (767, 223206, 'COM', 'Communications', 'Communications', '0', '0', 223207, null, null);
insert into SUBJECT_AREA (UNIQUEID, SESSION_ID, SUBJECT_AREA_ABBREVIATION, SHORT_TITLE, LONG_TITLE, SCHEDULE_BOOK_ONLY, PSEUDO_SUBJECT_AREA, DEPARTMENT_UNIQUEID, EXTERNAL_UID, LAST_MODIFIED_TIME)
values (768, 223206, 'ENGL', 'English', 'English', '0', '0', 223207, null, null);
insert into SUBJECT_AREA (UNIQUEID, SESSION_ID, SUBJECT_AREA_ABBREVIATION, SHORT_TITLE, LONG_TITLE, SCHEDULE_BOOK_ONLY, PSEUDO_SUBJECT_AREA, DEPARTMENT_UNIQUEID, EXTERNAL_UID, LAST_MODIFIED_TIME)
values (769, 223206, 'GER', 'German', 'German', '0', '0', 223207, null, null);
insert into SUBJECT_AREA (UNIQUEID, SESSION_ID, SUBJECT_AREA_ABBREVIATION, SHORT_TITLE, LONG_TITLE, SCHEDULE_BOOK_ONLY, PSEUDO_SUBJECT_AREA, DEPARTMENT_UNIQUEID, EXTERNAL_UID, LAST_MODIFIED_TIME)
values (770, 223206, 'HIST', 'History', 'History', '0', '0', 223207, null, null);
insert into SUBJECT_AREA (UNIQUEID, SESSION_ID, SUBJECT_AREA_ABBREVIATION, SHORT_TITLE, LONG_TITLE, SCHEDULE_BOOK_ONLY, PSEUDO_SUBJECT_AREA, DEPARTMENT_UNIQUEID, EXTERNAL_UID, LAST_MODIFIED_TIME)
values (771, 223206, 'CALC', 'Calculus', 'Calculus', '0', '0', 223207, null, null);
insert into SUBJECT_AREA (UNIQUEID, SESSION_ID, SUBJECT_AREA_ABBREVIATION, SHORT_TITLE, LONG_TITLE, SCHEDULE_BOOK_ONLY, PSEUDO_SUBJECT_AREA, DEPARTMENT_UNIQUEID, EXTERNAL_UID, LAST_MODIFIED_TIME)
values (772, 223206, 'PHIL', 'Philosophy', 'Philosophy', '0', '0', 223207, null, null);
insert into SUBJECT_AREA (UNIQUEID, SESSION_ID, SUBJECT_AREA_ABBREVIATION, SHORT_TITLE, LONG_TITLE, SCHEDULE_BOOK_ONLY, PSEUDO_SUBJECT_AREA, DEPARTMENT_UNIQUEID, EXTERNAL_UID, LAST_MODIFIED_TIME)
values (773, 223206, 'PHYS', 'Physics', 'Physics', '0', '0', 223207, null, null);
insert into SUBJECT_AREA (UNIQUEID, SESSION_ID, SUBJECT_AREA_ABBREVIATION, SHORT_TITLE, LONG_TITLE, SCHEDULE_BOOK_ONLY, PSEUDO_SUBJECT_AREA, DEPARTMENT_UNIQUEID, EXTERNAL_UID, LAST_MODIFIED_TIME)
values (774, 223206, 'POL', 'Political Science', 'Political Science', '0', '0', 223207, null, null);
insert into SUBJECT_AREA (UNIQUEID, SESSION_ID, SUBJECT_AREA_ABBREVIATION, SHORT_TITLE, LONG_TITLE, SCHEDULE_BOOK_ONLY, PSEUDO_SUBJECT_AREA, DEPARTMENT_UNIQUEID, EXTERNAL_UID, LAST_MODIFIED_TIME)
values (775, 223206, 'PSY', 'Psychology', 'Psychology', '0', '0', 223207, null, null);
insert into SUBJECT_AREA (UNIQUEID, SESSION_ID, SUBJECT_AREA_ABBREVIATION, SHORT_TITLE, LONG_TITLE, SCHEDULE_BOOK_ONLY, PSEUDO_SUBJECT_AREA, DEPARTMENT_UNIQUEID, EXTERNAL_UID, LAST_MODIFIED_TIME)
values (776, 223206, 'CHIN', 'Chinese', 'Chinese', '0', '0', 223207, null, null);
insert into SUBJECT_AREA (UNIQUEID, SESSION_ID, SUBJECT_AREA_ABBREVIATION, SHORT_TITLE, LONG_TITLE, SCHEDULE_BOOK_ONLY, PSEUDO_SUBJECT_AREA, DEPARTMENT_UNIQUEID, EXTERNAL_UID, LAST_MODIFIED_TIME)
values (777, 223206, 'SOC', 'Sociology', 'Solciology', '0', '0', 223207, null, null);
insert into SUBJECT_AREA (UNIQUEID, SESSION_ID, SUBJECT_AREA_ABBREVIATION, SHORT_TITLE, LONG_TITLE, SCHEDULE_BOOK_ONLY, PSEUDO_SUBJECT_AREA, DEPARTMENT_UNIQUEID, EXTERNAL_UID, LAST_MODIFIED_TIME)
values (778, 223206, 'SPAN', 'Spanish', 'Spanish', '0', '0', 223207, null, null);
commit;
prompt 22 records loaded
prompt Loading COURSE_OFFERING...
insert into COURSE_OFFERING (UNIQUEID, COURSE_NBR, IS_CONTROL, PERM_ID, PROJ_DEMAND, INSTR_OFFR_ID, SUBJECT_AREA_ID, TITLE, SCHEDULE_BOOK_NOTE, DEMAND_OFFERING_ID, DEMAND_OFFERING_TYPE, NBR_EXPECTED_STDENTS, EXTERNAL_UID, LAST_MODIFIED_TIME, UID_ROLLED_FWD_FROM)
values (135715, '101', 1, '-1', 0, 132313, 761, 'Algebra I', null, null, null, 0, null, null, null);
insert into COURSE_OFFERING (UNIQUEID, COURSE_NBR, IS_CONTROL, PERM_ID, PROJ_DEMAND, INSTR_OFFR_ID, SUBJECT_AREA_ID, TITLE, SCHEDULE_BOOK_NOTE, DEMAND_OFFERING_ID, DEMAND_OFFERING_TYPE, NBR_EXPECTED_STDENTS, EXTERNAL_UID, LAST_MODIFIED_TIME, UID_ROLLED_FWD_FROM)
values (135716, '101', 1, '-1', 0, 132314, 762, 'Introduction to Biology', null, null, null, 0, null, null, null);
insert into COURSE_OFFERING (UNIQUEID, COURSE_NBR, IS_CONTROL, PERM_ID, PROJ_DEMAND, INSTR_OFFR_ID, SUBJECT_AREA_ID, TITLE, SCHEDULE_BOOK_NOTE, DEMAND_OFFERING_ID, DEMAND_OFFERING_TYPE, NBR_EXPECTED_STDENTS, EXTERNAL_UID, LAST_MODIFIED_TIME, UID_ROLLED_FWD_FROM)
values (135717, '101', 1, '-1', 0, 132315, 763, 'Introductory Computing', null, null, null, 0, null, null, null);
insert into COURSE_OFFERING (UNIQUEID, COURSE_NBR, IS_CONTROL, PERM_ID, PROJ_DEMAND, INSTR_OFFR_ID, SUBJECT_AREA_ID, TITLE, SCHEDULE_BOOK_NOTE, DEMAND_OFFERING_ID, DEMAND_OFFERING_TYPE, NBR_EXPECTED_STDENTS, EXTERNAL_UID, LAST_MODIFIED_TIME, UID_ROLLED_FWD_FROM)
values (135718, '101', 1, '-1', 0, 132316, 764, 'Band', null, null, null, 0, null, null, null);
insert into COURSE_OFFERING (UNIQUEID, COURSE_NBR, IS_CONTROL, PERM_ID, PROJ_DEMAND, INSTR_OFFR_ID, SUBJECT_AREA_ID, TITLE, SCHEDULE_BOOK_NOTE, DEMAND_OFFERING_ID, DEMAND_OFFERING_TYPE, NBR_EXPECTED_STDENTS, EXTERNAL_UID, LAST_MODIFIED_TIME, UID_ROLLED_FWD_FROM)
values (135719, '101', 1, '-1', 0, 132317, 765, 'Chemistry I', null, null, null, 0, null, null, null);
insert into COURSE_OFFERING (UNIQUEID, COURSE_NBR, IS_CONTROL, PERM_ID, PROJ_DEMAND, INSTR_OFFR_ID, SUBJECT_AREA_ID, TITLE, SCHEDULE_BOOK_NOTE, DEMAND_OFFERING_ID, DEMAND_OFFERING_TYPE, NBR_EXPECTED_STDENTS, EXTERNAL_UID, LAST_MODIFIED_TIME, UID_ROLLED_FWD_FROM)
values (135720, '101', 1, '-1', 0, 132318, 766, 'Micoeconomics', null, null, null, 0, null, null, null);
insert into COURSE_OFFERING (UNIQUEID, COURSE_NBR, IS_CONTROL, PERM_ID, PROJ_DEMAND, INSTR_OFFR_ID, SUBJECT_AREA_ID, TITLE, SCHEDULE_BOOK_NOTE, DEMAND_OFFERING_ID, DEMAND_OFFERING_TYPE, NBR_EXPECTED_STDENTS, EXTERNAL_UID, LAST_MODIFIED_TIME, UID_ROLLED_FWD_FROM)
values (135721, '101', 1, '-1', 0, 132319, 767, 'Communications I', null, null, null, 0, null, null, null);
insert into COURSE_OFFERING (UNIQUEID, COURSE_NBR, IS_CONTROL, PERM_ID, PROJ_DEMAND, INSTR_OFFR_ID, SUBJECT_AREA_ID, TITLE, SCHEDULE_BOOK_NOTE, DEMAND_OFFERING_ID, DEMAND_OFFERING_TYPE, NBR_EXPECTED_STDENTS, EXTERNAL_UID, LAST_MODIFIED_TIME, UID_ROLLED_FWD_FROM)
values (135722, '101', 1, '-1', 0, 132320, 768, 'English', null, null, null, 0, null, null, null);
insert into COURSE_OFFERING (UNIQUEID, COURSE_NBR, IS_CONTROL, PERM_ID, PROJ_DEMAND, INSTR_OFFR_ID, SUBJECT_AREA_ID, TITLE, SCHEDULE_BOOK_NOTE, DEMAND_OFFERING_ID, DEMAND_OFFERING_TYPE, NBR_EXPECTED_STDENTS, EXTERNAL_UID, LAST_MODIFIED_TIME, UID_ROLLED_FWD_FROM)
values (135723, '101', 1, '-1', 0, 132321, 769, 'German', null, null, null, 0, null, null, null);
insert into COURSE_OFFERING (UNIQUEID, COURSE_NBR, IS_CONTROL, PERM_ID, PROJ_DEMAND, INSTR_OFFR_ID, SUBJECT_AREA_ID, TITLE, SCHEDULE_BOOK_NOTE, DEMAND_OFFERING_ID, DEMAND_OFFERING_TYPE, NBR_EXPECTED_STDENTS, EXTERNAL_UID, LAST_MODIFIED_TIME, UID_ROLLED_FWD_FROM)
values (135724, '101', 1, '-1', 0, 132322, 770, 'History of the World', null, null, null, 0, null, null, null);
insert into COURSE_OFFERING (UNIQUEID, COURSE_NBR, IS_CONTROL, PERM_ID, PROJ_DEMAND, INSTR_OFFR_ID, SUBJECT_AREA_ID, TITLE, SCHEDULE_BOOK_NOTE, DEMAND_OFFERING_ID, DEMAND_OFFERING_TYPE, NBR_EXPECTED_STDENTS, EXTERNAL_UID, LAST_MODIFIED_TIME, UID_ROLLED_FWD_FROM)
values (135726, '101', 1, '-1', 0, 132324, 772, 'Philosophy', null, null, null, 0, null, null, null);
insert into COURSE_OFFERING (UNIQUEID, COURSE_NBR, IS_CONTROL, PERM_ID, PROJ_DEMAND, INSTR_OFFR_ID, SUBJECT_AREA_ID, TITLE, SCHEDULE_BOOK_NOTE, DEMAND_OFFERING_ID, DEMAND_OFFERING_TYPE, NBR_EXPECTED_STDENTS, EXTERNAL_UID, LAST_MODIFIED_TIME, UID_ROLLED_FWD_FROM)
values (135727, '101', 1, '-1', 0, 132325, 773, 'Physics', null, null, null, 0, null, null, null);
insert into COURSE_OFFERING (UNIQUEID, COURSE_NBR, IS_CONTROL, PERM_ID, PROJ_DEMAND, INSTR_OFFR_ID, SUBJECT_AREA_ID, TITLE, SCHEDULE_BOOK_NOTE, DEMAND_OFFERING_ID, DEMAND_OFFERING_TYPE, NBR_EXPECTED_STDENTS, EXTERNAL_UID, LAST_MODIFIED_TIME, UID_ROLLED_FWD_FROM)
values (135728, '101', 1, '-1', 0, 132326, 774, 'Political Science', null, null, null, 0, null, null, null);
insert into COURSE_OFFERING (UNIQUEID, COURSE_NBR, IS_CONTROL, PERM_ID, PROJ_DEMAND, INSTR_OFFR_ID, SUBJECT_AREA_ID, TITLE, SCHEDULE_BOOK_NOTE, DEMAND_OFFERING_ID, DEMAND_OFFERING_TYPE, NBR_EXPECTED_STDENTS, EXTERNAL_UID, LAST_MODIFIED_TIME, UID_ROLLED_FWD_FROM)
values (135729, '101', 1, '-1', 0, 132327, 775, 'Psychology', null, null, null, 0, null, null, null);
insert into COURSE_OFFERING (UNIQUEID, COURSE_NBR, IS_CONTROL, PERM_ID, PROJ_DEMAND, INSTR_OFFR_ID, SUBJECT_AREA_ID, TITLE, SCHEDULE_BOOK_NOTE, DEMAND_OFFERING_ID, DEMAND_OFFERING_TYPE, NBR_EXPECTED_STDENTS, EXTERNAL_UID, LAST_MODIFIED_TIME, UID_ROLLED_FWD_FROM)
values (135730, '201', 1, '-1', 0, 132328, 776, 'Advanced Chinese', null, null, null, 0, null, null, null);
insert into COURSE_OFFERING (UNIQUEID, COURSE_NBR, IS_CONTROL, PERM_ID, PROJ_DEMAND, INSTR_OFFR_ID, SUBJECT_AREA_ID, TITLE, SCHEDULE_BOOK_NOTE, DEMAND_OFFERING_ID, DEMAND_OFFERING_TYPE, NBR_EXPECTED_STDENTS, EXTERNAL_UID, LAST_MODIFIED_TIME, UID_ROLLED_FWD_FROM)
values (135731, '101', 1, '-1', 0, 132329, 777, 'Sociology', null, null, null, 0, null, null, null);
insert into COURSE_OFFERING (UNIQUEID, COURSE_NBR, IS_CONTROL, PERM_ID, PROJ_DEMAND, INSTR_OFFR_ID, SUBJECT_AREA_ID, TITLE, SCHEDULE_BOOK_NOTE, DEMAND_OFFERING_ID, DEMAND_OFFERING_TYPE, NBR_EXPECTED_STDENTS, EXTERNAL_UID, LAST_MODIFIED_TIME, UID_ROLLED_FWD_FROM)
values (135732, '101', 1, '-1', 0, 132330, 778, 'Spanish', null, null, null, 0, null, null, null);
insert into COURSE_OFFERING (UNIQUEID, COURSE_NBR, IS_CONTROL, PERM_ID, PROJ_DEMAND, INSTR_OFFR_ID, SUBJECT_AREA_ID, TITLE, SCHEDULE_BOOK_NOTE, DEMAND_OFFERING_ID, DEMAND_OFFERING_TYPE, NBR_EXPECTED_STDENTS, EXTERNAL_UID, LAST_MODIFIED_TIME, UID_ROLLED_FWD_FROM)
values (135733, '101', 1, '-1', 0, 132331, 771, 'Calculus', null, null, null, 0, null, null, null);
insert into COURSE_OFFERING (UNIQUEID, COURSE_NBR, IS_CONTROL, PERM_ID, PROJ_DEMAND, INSTR_OFFR_ID, SUBJECT_AREA_ID, TITLE, SCHEDULE_BOOK_NOTE, DEMAND_OFFERING_ID, DEMAND_OFFERING_TYPE, NBR_EXPECTED_STDENTS, EXTERNAL_UID, LAST_MODIFIED_TIME, UID_ROLLED_FWD_FROM)
values (135739, '101', 1, '-1', 0, 132338, 782, 'Principles of Microbiology', null, null, null, 0, null, null, null);
insert into COURSE_OFFERING (UNIQUEID, COURSE_NBR, IS_CONTROL, PERM_ID, PROJ_DEMAND, INSTR_OFFR_ID, SUBJECT_AREA_ID, TITLE, SCHEDULE_BOOK_NOTE, DEMAND_OFFERING_ID, DEMAND_OFFERING_TYPE, NBR_EXPECTED_STDENTS, EXTERNAL_UID, LAST_MODIFIED_TIME, UID_ROLLED_FWD_FROM)
values (135735, '201', 1, '-1', 0, 132334, 762, 'Principles of Microbiology', null, null, null, 0, null, null, null);
insert into COURSE_OFFERING (UNIQUEID, COURSE_NBR, IS_CONTROL, PERM_ID, PROJ_DEMAND, INSTR_OFFR_ID, SUBJECT_AREA_ID, TITLE, SCHEDULE_BOOK_NOTE, DEMAND_OFFERING_ID, DEMAND_OFFERING_TYPE, NBR_EXPECTED_STDENTS, EXTERNAL_UID, LAST_MODIFIED_TIME, UID_ROLLED_FWD_FROM)
values (135736, '101', 1, '-1', 0, 132335, 779, 'Freshman Engineering', null, null, null, 0, null, null, null);
insert into COURSE_OFFERING (UNIQUEID, COURSE_NBR, IS_CONTROL, PERM_ID, PROJ_DEMAND, INSTR_OFFR_ID, SUBJECT_AREA_ID, TITLE, SCHEDULE_BOOK_NOTE, DEMAND_OFFERING_ID, DEMAND_OFFERING_TYPE, NBR_EXPECTED_STDENTS, EXTERNAL_UID, LAST_MODIFIED_TIME, UID_ROLLED_FWD_FROM)
values (135737, '101', 1, '-1', 0, 132336, 780, 'Introduction to Linguistics', null, null, null, 0, null, null, null);
insert into COURSE_OFFERING (UNIQUEID, COURSE_NBR, IS_CONTROL, PERM_ID, PROJ_DEMAND, INSTR_OFFR_ID, SUBJECT_AREA_ID, TITLE, SCHEDULE_BOOK_NOTE, DEMAND_OFFERING_ID, DEMAND_OFFERING_TYPE, NBR_EXPECTED_STDENTS, EXTERNAL_UID, LAST_MODIFIED_TIME, UID_ROLLED_FWD_FROM)
values (135738, '101', 1, '-1', 0, 132337, 781, 'Seminars in Pharmacy', null, null, null, 0, null, null, null);
commit;
prompt 23 records loaded
prompt Loading COURSE_REQUEST...
insert into COURSE_REQUEST (UNIQUEID, COURSE_DEMAND_ID, COURSE_OFFERING_ID, ORD, ALLOW_OVERLAP, CREDIT)
values (225623, 225622, 135719, 0, 0, -1);
insert into COURSE_REQUEST (UNIQUEID, COURSE_DEMAND_ID, COURSE_OFFERING_ID, ORD, ALLOW_OVERLAP, CREDIT)
values (225628, 225627, 135727, 0, 0, -1);
insert into COURSE_REQUEST (UNIQUEID, COURSE_DEMAND_ID, COURSE_OFFERING_ID, ORD, ALLOW_OVERLAP, CREDIT)
values (225633, 225632, 135736, 0, 0, -1);
insert into COURSE_REQUEST (UNIQUEID, COURSE_DEMAND_ID, COURSE_OFFERING_ID, ORD, ALLOW_OVERLAP, CREDIT)
values (225637, 225636, 135733, 0, 0, -1);
insert into COURSE_REQUEST (UNIQUEID, COURSE_DEMAND_ID, COURSE_OFFERING_ID, ORD, ALLOW_OVERLAP, CREDIT)
values (225641, 225640, 135722, 0, 0, -1);
insert into COURSE_REQUEST (UNIQUEID, COURSE_DEMAND_ID, COURSE_OFFERING_ID, ORD, ALLOW_OVERLAP, CREDIT)
values (225706, 225705, 135731, 0, 0, -1);
insert into COURSE_REQUEST (UNIQUEID, COURSE_DEMAND_ID, COURSE_OFFERING_ID, ORD, ALLOW_OVERLAP, CREDIT)
values (225709, 225708, 135724, 0, 0, -1);
insert into COURSE_REQUEST (UNIQUEID, COURSE_DEMAND_ID, COURSE_OFFERING_ID, ORD, ALLOW_OVERLAP, CREDIT)
values (225712, 225711, 135737, 0, 0, -1);
insert into COURSE_REQUEST (UNIQUEID, COURSE_DEMAND_ID, COURSE_OFFERING_ID, ORD, ALLOW_OVERLAP, CREDIT)
values (225715, 225714, 135726, 0, 0, -1);
insert into COURSE_REQUEST (UNIQUEID, COURSE_DEMAND_ID, COURSE_OFFERING_ID, ORD, ALLOW_OVERLAP, CREDIT)
values (225718, 225717, 135727, 0, 0, -1);
insert into COURSE_REQUEST (UNIQUEID, COURSE_DEMAND_ID, COURSE_OFFERING_ID, ORD, ALLOW_OVERLAP, CREDIT)
values (225645, 225644, 135719, 0, 0, -1);
insert into COURSE_REQUEST (UNIQUEID, COURSE_DEMAND_ID, COURSE_OFFERING_ID, ORD, ALLOW_OVERLAP, CREDIT)
values (225723, 225722, 135716, 0, 0, -1);
insert into COURSE_REQUEST (UNIQUEID, COURSE_DEMAND_ID, COURSE_OFFERING_ID, ORD, ALLOW_OVERLAP, CREDIT)
values (225870, 225869, 135728, 0, 0, -1);
insert into COURSE_REQUEST (UNIQUEID, COURSE_DEMAND_ID, COURSE_OFFERING_ID, ORD, ALLOW_OVERLAP, CREDIT)
values (225873, 225872, 135720, 0, 0, -1);
insert into COURSE_REQUEST (UNIQUEID, COURSE_DEMAND_ID, COURSE_OFFERING_ID, ORD, ALLOW_OVERLAP, CREDIT)
values (225876, 225875, 135717, 0, 0, -1);
insert into COURSE_REQUEST (UNIQUEID, COURSE_DEMAND_ID, COURSE_OFFERING_ID, ORD, ALLOW_OVERLAP, CREDIT)
values (225878, 225877, 135721, 0, 0, -1);
insert into COURSE_REQUEST (UNIQUEID, COURSE_DEMAND_ID, COURSE_OFFERING_ID, ORD, ALLOW_OVERLAP, CREDIT)
values (225881, 225880, 135731, 0, 0, -1);
insert into COURSE_REQUEST (UNIQUEID, COURSE_DEMAND_ID, COURSE_OFFERING_ID, ORD, ALLOW_OVERLAP, CREDIT)
values (225884, 225883, 135718, 0, 0, -1);
insert into COURSE_REQUEST (UNIQUEID, COURSE_DEMAND_ID, COURSE_OFFERING_ID, ORD, ALLOW_OVERLAP, CREDIT)
values (226168, 226167, 135715, 0, 0, -1);
insert into COURSE_REQUEST (UNIQUEID, COURSE_DEMAND_ID, COURSE_OFFERING_ID, ORD, ALLOW_OVERLAP, CREDIT)
values (226172, 226171, 135721, 0, 0, -1);
insert into COURSE_REQUEST (UNIQUEID, COURSE_DEMAND_ID, COURSE_OFFERING_ID, ORD, ALLOW_OVERLAP, CREDIT)
values (226177, 226176, 135729, 0, 0, -1);
insert into COURSE_REQUEST (UNIQUEID, COURSE_DEMAND_ID, COURSE_OFFERING_ID, ORD, ALLOW_OVERLAP, CREDIT)
values (226181, 226180, 135720, 0, 0, -1);
insert into COURSE_REQUEST (UNIQUEID, COURSE_DEMAND_ID, COURSE_OFFERING_ID, ORD, ALLOW_OVERLAP, CREDIT)
values (226185, 226184, 135731, 0, 0, -1);
insert into COURSE_REQUEST (UNIQUEID, COURSE_DEMAND_ID, COURSE_OFFERING_ID, ORD, ALLOW_OVERLAP, CREDIT)
values (225533, 225532, 135716, 0, 0, -1);
insert into COURSE_REQUEST (UNIQUEID, COURSE_DEMAND_ID, COURSE_OFFERING_ID, ORD, ALLOW_OVERLAP, CREDIT)
values (225539, 225538, 135719, 0, 0, -1);
insert into COURSE_REQUEST (UNIQUEID, COURSE_DEMAND_ID, COURSE_OFFERING_ID, ORD, ALLOW_OVERLAP, CREDIT)
values (225544, 225543, 135733, 0, 0, -1);
insert into COURSE_REQUEST (UNIQUEID, COURSE_DEMAND_ID, COURSE_OFFERING_ID, ORD, ALLOW_OVERLAP, CREDIT)
values (225548, 225547, 135738, 0, 0, -1);
insert into COURSE_REQUEST (UNIQUEID, COURSE_DEMAND_ID, COURSE_OFFERING_ID, ORD, ALLOW_OVERLAP, CREDIT)
values (225833, 225832, 135717, 0, 0, -1);
insert into COURSE_REQUEST (UNIQUEID, COURSE_DEMAND_ID, COURSE_OFFERING_ID, ORD, ALLOW_OVERLAP, CREDIT)
values (225493, 225492, 135733, 0, 0, -1);
insert into COURSE_REQUEST (UNIQUEID, COURSE_DEMAND_ID, COURSE_OFFERING_ID, ORD, ALLOW_OVERLAP, CREDIT)
values (225497, 225496, 135722, 0, 0, -1);
insert into COURSE_REQUEST (UNIQUEID, COURSE_DEMAND_ID, COURSE_OFFERING_ID, ORD, ALLOW_OVERLAP, CREDIT)
values (225501, 225500, 135729, 0, 0, -1);
insert into COURSE_REQUEST (UNIQUEID, COURSE_DEMAND_ID, COURSE_OFFERING_ID, ORD, ALLOW_OVERLAP, CREDIT)
values (225504, 225503, 135720, 0, 0, -1);
insert into COURSE_REQUEST (UNIQUEID, COURSE_DEMAND_ID, COURSE_OFFERING_ID, ORD, ALLOW_OVERLAP, CREDIT)
values (225507, 225506, 135717, 0, 0, -1);
insert into COURSE_REQUEST (UNIQUEID, COURSE_DEMAND_ID, COURSE_OFFERING_ID, ORD, ALLOW_OVERLAP, CREDIT)
values (225511, 225510, 135716, 0, 0, -1);
insert into COURSE_REQUEST (UNIQUEID, COURSE_DEMAND_ID, COURSE_OFFERING_ID, ORD, ALLOW_OVERLAP, CREDIT)
values (225517, 225516, 135719, 0, 0, -1);
insert into COURSE_REQUEST (UNIQUEID, COURSE_DEMAND_ID, COURSE_OFFERING_ID, ORD, ALLOW_OVERLAP, CREDIT)
values (225522, 225521, 135733, 0, 0, -1);
insert into COURSE_REQUEST (UNIQUEID, COURSE_DEMAND_ID, COURSE_OFFERING_ID, ORD, ALLOW_OVERLAP, CREDIT)
values (225526, 225525, 135738, 0, 0, -1);
insert into COURSE_REQUEST (UNIQUEID, COURSE_DEMAND_ID, COURSE_OFFERING_ID, ORD, ALLOW_OVERLAP, CREDIT)
values (225529, 225528, 135722, 0, 0, -1);
insert into COURSE_REQUEST (UNIQUEID, COURSE_DEMAND_ID, COURSE_OFFERING_ID, ORD, ALLOW_OVERLAP, CREDIT)
values (225551, 225550, 135722, 0, 0, -1);
insert into COURSE_REQUEST (UNIQUEID, COURSE_DEMAND_ID, COURSE_OFFERING_ID, ORD, ALLOW_OVERLAP, CREDIT)
values (225837, 225836, 135727, 0, 0, -1);
insert into COURSE_REQUEST (UNIQUEID, COURSE_DEMAND_ID, COURSE_OFFERING_ID, ORD, ALLOW_OVERLAP, CREDIT)
values (225842, 225841, 135733, 0, 0, -1);
insert into COURSE_REQUEST (UNIQUEID, COURSE_DEMAND_ID, COURSE_OFFERING_ID, ORD, ALLOW_OVERLAP, CREDIT)
values (225844, 225843, 135721, 0, 0, -1);
insert into COURSE_REQUEST (UNIQUEID, COURSE_DEMAND_ID, COURSE_OFFERING_ID, ORD, ALLOW_OVERLAP, CREDIT)
values (225847, 225846, 135728, 0, 0, -1);
insert into COURSE_REQUEST (UNIQUEID, COURSE_DEMAND_ID, COURSE_OFFERING_ID, ORD, ALLOW_OVERLAP, CREDIT)
values (225555, 225554, 135716, 0, 0, -1);
insert into COURSE_REQUEST (UNIQUEID, COURSE_DEMAND_ID, COURSE_OFFERING_ID, ORD, ALLOW_OVERLAP, CREDIT)
values (225561, 225560, 135719, 0, 0, -1);
insert into COURSE_REQUEST (UNIQUEID, COURSE_DEMAND_ID, COURSE_OFFERING_ID, ORD, ALLOW_OVERLAP, CREDIT)
values (225566, 225565, 135733, 0, 0, -1);
insert into COURSE_REQUEST (UNIQUEID, COURSE_DEMAND_ID, COURSE_OFFERING_ID, ORD, ALLOW_OVERLAP, CREDIT)
values (225570, 225569, 135738, 0, 0, -1);
insert into COURSE_REQUEST (UNIQUEID, COURSE_DEMAND_ID, COURSE_OFFERING_ID, ORD, ALLOW_OVERLAP, CREDIT)
values (225573, 225572, 135722, 0, 0, -1);
insert into COURSE_REQUEST (UNIQUEID, COURSE_DEMAND_ID, COURSE_OFFERING_ID, ORD, ALLOW_OVERLAP, CREDIT)
values (225577, 225576, 135719, 0, 0, -1);
insert into COURSE_REQUEST (UNIQUEID, COURSE_DEMAND_ID, COURSE_OFFERING_ID, ORD, ALLOW_OVERLAP, CREDIT)
values (225582, 225581, 135727, 0, 0, -1);
insert into COURSE_REQUEST (UNIQUEID, COURSE_DEMAND_ID, COURSE_OFFERING_ID, ORD, ALLOW_OVERLAP, CREDIT)
values (225587, 225586, 135736, 0, 0, -1);
insert into COURSE_REQUEST (UNIQUEID, COURSE_DEMAND_ID, COURSE_OFFERING_ID, ORD, ALLOW_OVERLAP, CREDIT)
values (225591, 225590, 135733, 0, 0, -1);
insert into COURSE_REQUEST (UNIQUEID, COURSE_DEMAND_ID, COURSE_OFFERING_ID, ORD, ALLOW_OVERLAP, CREDIT)
values (225595, 225594, 135721, 0, 0, -1);
insert into COURSE_REQUEST (UNIQUEID, COURSE_DEMAND_ID, COURSE_OFFERING_ID, ORD, ALLOW_OVERLAP, CREDIT)
values (225598, 225597, 135718, 0, 0, -1);
insert into COURSE_REQUEST (UNIQUEID, COURSE_DEMAND_ID, COURSE_OFFERING_ID, ORD, ALLOW_OVERLAP, CREDIT)
values (225601, 225600, 135719, 0, 0, -1);
insert into COURSE_REQUEST (UNIQUEID, COURSE_DEMAND_ID, COURSE_OFFERING_ID, ORD, ALLOW_OVERLAP, CREDIT)
values (225606, 225605, 135716, 0, 0, -1);
insert into COURSE_REQUEST (UNIQUEID, COURSE_DEMAND_ID, COURSE_OFFERING_ID, ORD, ALLOW_OVERLAP, CREDIT)
values (225612, 225611, 135736, 0, 0, -1);
insert into COURSE_REQUEST (UNIQUEID, COURSE_DEMAND_ID, COURSE_OFFERING_ID, ORD, ALLOW_OVERLAP, CREDIT)
values (225616, 225615, 135733, 0, 0, -1);
insert into COURSE_REQUEST (UNIQUEID, COURSE_DEMAND_ID, COURSE_OFFERING_ID, ORD, ALLOW_OVERLAP, CREDIT)
values (225667, 225666, 135716, 0, 0, -1);
insert into COURSE_REQUEST (UNIQUEID, COURSE_DEMAND_ID, COURSE_OFFERING_ID, ORD, ALLOW_OVERLAP, CREDIT)
values (225673, 225672, 135721, 0, 0, -1);
insert into COURSE_REQUEST (UNIQUEID, COURSE_DEMAND_ID, COURSE_OFFERING_ID, ORD, ALLOW_OVERLAP, CREDIT)
values (225676, 225675, 135728, 0, 0, -1);
insert into COURSE_REQUEST (UNIQUEID, COURSE_DEMAND_ID, COURSE_OFFERING_ID, ORD, ALLOW_OVERLAP, CREDIT)
values (225679, 225678, 135729, 0, 0, -1);
insert into COURSE_REQUEST (UNIQUEID, COURSE_DEMAND_ID, COURSE_OFFERING_ID, ORD, ALLOW_OVERLAP, CREDIT)
values (225682, 225681, 135732, 0, 0, -1);
insert into COURSE_REQUEST (UNIQUEID, COURSE_DEMAND_ID, COURSE_OFFERING_ID, ORD, ALLOW_OVERLAP, CREDIT)
values (225650, 225649, 135727, 0, 0, -1);
insert into COURSE_REQUEST (UNIQUEID, COURSE_DEMAND_ID, COURSE_OFFERING_ID, ORD, ALLOW_OVERLAP, CREDIT)
values (225655, 225654, 135717, 0, 0, -1);
insert into COURSE_REQUEST (UNIQUEID, COURSE_DEMAND_ID, COURSE_OFFERING_ID, ORD, ALLOW_OVERLAP, CREDIT)
values (225659, 225658, 135733, 0, 0, -1);
insert into COURSE_REQUEST (UNIQUEID, COURSE_DEMAND_ID, COURSE_OFFERING_ID, ORD, ALLOW_OVERLAP, CREDIT)
values (225663, 225662, 135722, 0, 0, -1);
insert into COURSE_REQUEST (UNIQUEID, COURSE_DEMAND_ID, COURSE_OFFERING_ID, ORD, ALLOW_OVERLAP, CREDIT)
values (225686, 225685, 135721, 0, 0, -1);
insert into COURSE_REQUEST (UNIQUEID, COURSE_DEMAND_ID, COURSE_OFFERING_ID, ORD, ALLOW_OVERLAP, CREDIT)
values (225689, 225688, 135722, 0, 0, -1);
insert into COURSE_REQUEST (UNIQUEID, COURSE_DEMAND_ID, COURSE_OFFERING_ID, ORD, ALLOW_OVERLAP, CREDIT)
values (225693, 225692, 135723, 0, 0, -1);
insert into COURSE_REQUEST (UNIQUEID, COURSE_DEMAND_ID, COURSE_OFFERING_ID, ORD, ALLOW_OVERLAP, CREDIT)
values (225697, 225696, 135726, 0, 0, -1);
insert into COURSE_REQUEST (UNIQUEID, COURSE_DEMAND_ID, COURSE_OFFERING_ID, ORD, ALLOW_OVERLAP, CREDIT)
values (225700, 225699, 135724, 0, 0, -1);
insert into COURSE_REQUEST (UNIQUEID, COURSE_DEMAND_ID, COURSE_OFFERING_ID, ORD, ALLOW_OVERLAP, CREDIT)
values (225703, 225702, 135718, 0, 0, -1);
insert into COURSE_REQUEST (UNIQUEID, COURSE_DEMAND_ID, COURSE_OFFERING_ID, ORD, ALLOW_OVERLAP, CREDIT)
values (225729, 225728, 135739, 0, 0, -1);
insert into COURSE_REQUEST (UNIQUEID, COURSE_DEMAND_ID, COURSE_OFFERING_ID, ORD, ALLOW_OVERLAP, CREDIT)
values (225733, 225732, 135719, 0, 0, -1);
insert into COURSE_REQUEST (UNIQUEID, COURSE_DEMAND_ID, COURSE_OFFERING_ID, ORD, ALLOW_OVERLAP, CREDIT)
values (225738, 225737, 135733, 0, 0, -1);
insert into COURSE_REQUEST (UNIQUEID, COURSE_DEMAND_ID, COURSE_OFFERING_ID, ORD, ALLOW_OVERLAP, CREDIT)
values (225742, 225741, 135722, 0, 0, -1);
insert into COURSE_REQUEST (UNIQUEID, COURSE_DEMAND_ID, COURSE_OFFERING_ID, ORD, ALLOW_OVERLAP, CREDIT)
values (225746, 225745, 135716, 0, 0, -1);
insert into COURSE_REQUEST (UNIQUEID, COURSE_DEMAND_ID, COURSE_OFFERING_ID, ORD, ALLOW_OVERLAP, CREDIT)
values (225752, 225751, 135739, 0, 0, -1);
insert into COURSE_REQUEST (UNIQUEID, COURSE_DEMAND_ID, COURSE_OFFERING_ID, ORD, ALLOW_OVERLAP, CREDIT)
values (225756, 225755, 135719, 0, 0, -1);
insert into COURSE_REQUEST (UNIQUEID, COURSE_DEMAND_ID, COURSE_OFFERING_ID, ORD, ALLOW_OVERLAP, CREDIT)
values (225761, 225760, 135733, 0, 0, -1);
insert into COURSE_REQUEST (UNIQUEID, COURSE_DEMAND_ID, COURSE_OFFERING_ID, ORD, ALLOW_OVERLAP, CREDIT)
values (225765, 225764, 135723, 0, 0, -1);
insert into COURSE_REQUEST (UNIQUEID, COURSE_DEMAND_ID, COURSE_OFFERING_ID, ORD, ALLOW_OVERLAP, CREDIT)
values (225789, 225788, 135728, 0, 0, -1);
insert into COURSE_REQUEST (UNIQUEID, COURSE_DEMAND_ID, COURSE_OFFERING_ID, ORD, ALLOW_OVERLAP, CREDIT)
values (225769, 225768, 135716, 0, 0, -1);
insert into COURSE_REQUEST (UNIQUEID, COURSE_DEMAND_ID, COURSE_OFFERING_ID, ORD, ALLOW_OVERLAP, CREDIT)
values (225775, 225774, 135739, 0, 0, -1);
insert into COURSE_REQUEST (UNIQUEID, COURSE_DEMAND_ID, COURSE_OFFERING_ID, ORD, ALLOW_OVERLAP, CREDIT)
values (225779, 225778, 135719, 0, 0, -1);
insert into COURSE_REQUEST (UNIQUEID, COURSE_DEMAND_ID, COURSE_OFFERING_ID, ORD, ALLOW_OVERLAP, CREDIT)
values (225781, 225780, 135733, 0, 0, -1);
insert into COURSE_REQUEST (UNIQUEID, COURSE_DEMAND_ID, COURSE_OFFERING_ID, ORD, ALLOW_OVERLAP, CREDIT)
values (225785, 225784, 135732, 0, 0, -1);
insert into COURSE_REQUEST (UNIQUEID, COURSE_DEMAND_ID, COURSE_OFFERING_ID, ORD, ALLOW_OVERLAP, CREDIT)
values (225792, 225791, 135716, 0, 0, -1);
insert into COURSE_REQUEST (UNIQUEID, COURSE_DEMAND_ID, COURSE_OFFERING_ID, ORD, ALLOW_OVERLAP, CREDIT)
values (225798, 225797, 135719, 0, 0, -1);
insert into COURSE_REQUEST (UNIQUEID, COURSE_DEMAND_ID, COURSE_OFFERING_ID, ORD, ALLOW_OVERLAP, CREDIT)
values (225803, 225802, 135722, 0, 0, -1);
insert into COURSE_REQUEST (UNIQUEID, COURSE_DEMAND_ID, COURSE_OFFERING_ID, ORD, ALLOW_OVERLAP, CREDIT)
values (225807, 225806, 135732, 0, 0, -1);
insert into COURSE_REQUEST (UNIQUEID, COURSE_DEMAND_ID, COURSE_OFFERING_ID, ORD, ALLOW_OVERLAP, CREDIT)
values (225811, 225810, 135724, 0, 0, -1);
insert into COURSE_REQUEST (UNIQUEID, COURSE_DEMAND_ID, COURSE_OFFERING_ID, ORD, ALLOW_OVERLAP, CREDIT)
values (225814, 225813, 135716, 0, 0, -1);
insert into COURSE_REQUEST (UNIQUEID, COURSE_DEMAND_ID, COURSE_OFFERING_ID, ORD, ALLOW_OVERLAP, CREDIT)
values (225820, 225819, 135719, 0, 0, -1);
insert into COURSE_REQUEST (UNIQUEID, COURSE_DEMAND_ID, COURSE_OFFERING_ID, ORD, ALLOW_OVERLAP, CREDIT)
values (225825, 225824, 135722, 0, 0, -1);
insert into COURSE_REQUEST (UNIQUEID, COURSE_DEMAND_ID, COURSE_OFFERING_ID, ORD, ALLOW_OVERLAP, CREDIT)
values (225829, 225828, 135723, 0, 0, -1);
insert into COURSE_REQUEST (UNIQUEID, COURSE_DEMAND_ID, COURSE_OFFERING_ID, ORD, ALLOW_OVERLAP, CREDIT)
values (225850, 225849, 135731, 0, 0, -1);
insert into COURSE_REQUEST (UNIQUEID, COURSE_DEMAND_ID, COURSE_OFFERING_ID, ORD, ALLOW_OVERLAP, CREDIT)
values (225853, 225852, 135716, 0, 0, -1);
insert into COURSE_REQUEST (UNIQUEID, COURSE_DEMAND_ID, COURSE_OFFERING_ID, ORD, ALLOW_OVERLAP, CREDIT)
values (225859, 225858, 135724, 0, 0, -1);
commit;
prompt 100 records committed...
insert into COURSE_REQUEST (UNIQUEID, COURSE_DEMAND_ID, COURSE_OFFERING_ID, ORD, ALLOW_OVERLAP, CREDIT)
values (225862, 225861, 135721, 0, 0, -1);
insert into COURSE_REQUEST (UNIQUEID, COURSE_DEMAND_ID, COURSE_OFFERING_ID, ORD, ALLOW_OVERLAP, CREDIT)
values (225865, 225864, 135732, 0, 0, -1);
insert into COURSE_REQUEST (UNIQUEID, COURSE_DEMAND_ID, COURSE_OFFERING_ID, ORD, ALLOW_OVERLAP, CREDIT)
values (225867, 225866, 135718, 0, 0, -1);
insert into COURSE_REQUEST (UNIQUEID, COURSE_DEMAND_ID, COURSE_OFFERING_ID, ORD, ALLOW_OVERLAP, CREDIT)
values (225477, 225476, 135715, 0, 0, -1);
insert into COURSE_REQUEST (UNIQUEID, COURSE_DEMAND_ID, COURSE_OFFERING_ID, ORD, ALLOW_OVERLAP, CREDIT)
values (225480, 225479, 135721, 0, 0, -1);
insert into COURSE_REQUEST (UNIQUEID, COURSE_DEMAND_ID, COURSE_OFFERING_ID, ORD, ALLOW_OVERLAP, CREDIT)
values (225483, 225482, 135729, 0, 0, -1);
insert into COURSE_REQUEST (UNIQUEID, COURSE_DEMAND_ID, COURSE_OFFERING_ID, ORD, ALLOW_OVERLAP, CREDIT)
values (225486, 225485, 135720, 0, 0, -1);
insert into COURSE_REQUEST (UNIQUEID, COURSE_DEMAND_ID, COURSE_OFFERING_ID, ORD, ALLOW_OVERLAP, CREDIT)
values (225489, 225488, 135723, 0, 0, -1);
insert into COURSE_REQUEST (UNIQUEID, COURSE_DEMAND_ID, COURSE_OFFERING_ID, ORD, ALLOW_OVERLAP, CREDIT)
values (225620, 225619, 135721, 0, 0, -1);
commit;
prompt 109 records loaded
prompt Loading CLASS_WAITLIST...
insert into CLASS_WAITLIST (UNIQUEID, STUDENT_ID, COURSE_REQUEST_ID, CLASS_ID, TYPE, TIMESTAMP)
values (226169, 223384, 226168, 223884, 1, to_date('25-04-2007 11:53:22', 'dd-mm-yyyy hh24:mi:ss'));
insert into CLASS_WAITLIST (UNIQUEID, STUDENT_ID, COURSE_REQUEST_ID, CLASS_ID, TYPE, TIMESTAMP)
values (226173, 223384, 226172, 223297, 1, to_date('25-04-2007 11:53:22', 'dd-mm-yyyy hh24:mi:ss'));
insert into CLASS_WAITLIST (UNIQUEID, STUDENT_ID, COURSE_REQUEST_ID, CLASS_ID, TYPE, TIMESTAMP)
values (226174, 223384, 226172, 223301, 1, to_date('25-04-2007 11:53:22', 'dd-mm-yyyy hh24:mi:ss'));
insert into CLASS_WAITLIST (UNIQUEID, STUDENT_ID, COURSE_REQUEST_ID, CLASS_ID, TYPE, TIMESTAMP)
values (226178, 223384, 226177, 223363, 1, to_date('25-04-2007 11:53:22', 'dd-mm-yyyy hh24:mi:ss'));
insert into CLASS_WAITLIST (UNIQUEID, STUDENT_ID, COURSE_REQUEST_ID, CLASS_ID, TYPE, TIMESTAMP)
values (226182, 223384, 226181, 223291, 1, to_date('25-04-2007 11:53:22', 'dd-mm-yyyy hh24:mi:ss'));
insert into CLASS_WAITLIST (UNIQUEID, STUDENT_ID, COURSE_REQUEST_ID, CLASS_ID, TYPE, TIMESTAMP)
values (226186, 223384, 226185, 223373, 1, to_date('25-04-2007 11:53:22', 'dd-mm-yyyy hh24:mi:ss'));
commit;
prompt 6 records loaded
prompt Loading COURSE_CATALOG...
prompt Table is empty
prompt Loading COURSE_CREDIT_TYPE...
insert into COURSE_CREDIT_TYPE (UNIQUEID, REFERENCE, LABEL, ABBREVIATION, LEGACY_CRSE_MASTER_CODE)
values (238, 'collegiate', 'Collegiate Credit', null, ' ');
insert into COURSE_CREDIT_TYPE (UNIQUEID, REFERENCE, LABEL, ABBREVIATION, LEGACY_CRSE_MASTER_CODE)
values (239, 'continuingEdUnits', 'Continuing Education Units', 'CEU', 'Q');
insert into COURSE_CREDIT_TYPE (UNIQUEID, REFERENCE, LABEL, ABBREVIATION, LEGACY_CRSE_MASTER_CODE)
values (240, 'equivalent', 'Equivalent Credit', 'EQV', 'E');
insert into COURSE_CREDIT_TYPE (UNIQUEID, REFERENCE, LABEL, ABBREVIATION, LEGACY_CRSE_MASTER_CODE)
values (241, 'mastersCredit', 'Masters Credit', 'MS', 'M');
insert into COURSE_CREDIT_TYPE (UNIQUEID, REFERENCE, LABEL, ABBREVIATION, LEGACY_CRSE_MASTER_CODE)
values (242, 'phdThesisCredit', 'Phd Thesis Credit', 'PhD', 'T');
commit;
prompt 5 records loaded
prompt Loading COURSE_CREDIT_UNIT_CONFIG...
insert into COURSE_CREDIT_UNIT_CONFIG (UNIQUEID, CREDIT_FORMAT, OWNER_ID, CREDIT_TYPE, CREDIT_UNIT_TYPE, DEFINES_CREDIT_AT_COURSE_LEVEL, FIXED_UNITS, MIN_UNITS, MAX_UNITS, FRACTIONAL_INCR_ALLOWED, INSTR_OFFR_ID, LAST_MODIFIED_TIME)
values (27604, 'fixedUnit', 223228, 238, 248, 0, 3, null, null, null, null, null);
insert into COURSE_CREDIT_UNIT_CONFIG (UNIQUEID, CREDIT_FORMAT, OWNER_ID, CREDIT_TYPE, CREDIT_UNIT_TYPE, DEFINES_CREDIT_AT_COURSE_LEVEL, FIXED_UNITS, MIN_UNITS, MAX_UNITS, FRACTIONAL_INCR_ALLOWED, INSTR_OFFR_ID, LAST_MODIFIED_TIME)
values (27602, 'fixedUnit', null, 238, 248, 1, 3, null, null, null, 132313, null);
commit;
prompt 2 records loaded
prompt Loading COURSE_CREDIT_UNIT_TYPE...
insert into COURSE_CREDIT_UNIT_TYPE (UNIQUEID, REFERENCE, LABEL, ABBREVIATION)
values (248, 'semesterHours', 'Semester Hours', null);
commit;
prompt 1 records loaded
prompt Loading COURSE_RESERVATION...
insert into COURSE_RESERVATION (UNIQUEID, OWNER, RESERVATION_TYPE, COURSE_OFFERING, PRIORITY, RESERVED, PRIOR_ENROLLMENT, PROJECTED_ENROLLMENT, OWNER_CLASS_ID, REQUESTED, LAST_MODIFIED_TIME)
values (29623, 132313, 288, 135715, 1, 2, null, null, 'I', null, null);
commit;
prompt 1 records loaded
prompt Loading COURSE_SUBPART_CREDIT...
prompt Table is empty
prompt Loading CRSE_CREDIT_FORMAT...
insert into CRSE_CREDIT_FORMAT (UNIQUEID, REFERENCE, LABEL, ABBREVIATION)
values (243, 'arrangeHours', 'Arrange Hours', 'AH');
insert into CRSE_CREDIT_FORMAT (UNIQUEID, REFERENCE, LABEL, ABBREVIATION)
values (244, 'fixedUnit', 'Fixed Unit', null);
insert into CRSE_CREDIT_FORMAT (UNIQUEID, REFERENCE, LABEL, ABBREVIATION)
values (245, 'variableMinMax', 'Variable Min/Max', null);
insert into CRSE_CREDIT_FORMAT (UNIQUEID, REFERENCE, LABEL, ABBREVIATION)
values (246, 'variableRange', 'Variable Range', null);
commit;
prompt 4 records loaded
prompt Loading DATE_PATTERN_DEPT...
prompt Table is empty
prompt Loading DEMAND_OFFR_TYPE...
prompt Table is empty
prompt Loading TIMETABLE_MANAGER...
insert into TIMETABLE_MANAGER (UNIQUEID, EXTERNAL_UID, FIRST_NAME, MIDDLE_NAME, LAST_NAME, EMAIL_ADDRESS, LAST_MODIFIED_TIME)
values (470, '1', 'Abraham', null, 'Root', 'test-admin@unitime.org', null);
insert into TIMETABLE_MANAGER (UNIQUEID, EXTERNAL_UID, FIRST_NAME, MIDDLE_NAME, LAST_NAME, EMAIL_ADDRESS, LAST_MODIFIED_TIME)
values (471, '2', 'Adam', null, 'Guest', 'test-guest@unitime.org', null);
insert into TIMETABLE_MANAGER (UNIQUEID, EXTERNAL_UID, FIRST_NAME, MIDDLE_NAME, LAST_NAME, EMAIL_ADDRESS, LAST_MODIFIED_TIME)
values (472, '3', 'Large', 'Lecture', 'Room', 'test-llr@unitime.org', null);
insert into TIMETABLE_MANAGER (UNIQUEID, EXTERNAL_UID, FIRST_NAME, MIDDLE_NAME, LAST_NAME, EMAIL_ADDRESS, LAST_MODIFIED_TIME)
values (473, '4', 'Schedule', null, 'Deputy', 'test-dept@unitime.org', null);
commit;
prompt 4 records loaded
prompt Loading DEPT_TO_TT_MGR...
insert into DEPT_TO_TT_MGR (TIMETABLE_MGR_ID, DEPARTMENT_ID)
values (470, 226199);
insert into DEPT_TO_TT_MGR (TIMETABLE_MGR_ID, DEPARTMENT_ID)
values (471, 226216);
insert into DEPT_TO_TT_MGR (TIMETABLE_MGR_ID, DEPARTMENT_ID)
values (472, 226199);
insert into DEPT_TO_TT_MGR (TIMETABLE_MGR_ID, DEPARTMENT_ID)
values (473, 223207);
commit;
prompt 4 records loaded
prompt Loading DESIGNATOR...
prompt Table is empty
prompt Loading DISTRIBUTION_TYPE...
insert into DISTRIBUTION_TYPE (UNIQUEID, REFERENCE, LABEL, SEQUENCING_REQUIRED, REQ_ID, ALLOWED_PREF, DESCRIPTION, ABBREVIATION, INSTRUCTOR_PREF)
values (205, 'BTB_DAY', 'Back-To-Back Day', '0', 26, 'P43210R', 'Classes must be offered on adjacent days and may be placed in different rooms.<BR>When prohibited or (strongly) discouraged: classes can not be taught on adjacent days. They also can not be taught on the same days. This means that there must be at least one day between these classes.', 'BTB Day', 0);
insert into DISTRIBUTION_TYPE (UNIQUEID, REFERENCE, LABEL, SEQUENCING_REQUIRED, REQ_ID, ALLOWED_PREF, DESCRIPTION, ABBREVIATION, INSTRUCTOR_PREF)
values (206, 'MIN_GRUSE(10x1h)', 'Minimize Use Of 1h Groups', '0', 27, 'P43210R', 'Minimize number of groups of time that are used by the given classes. The time is spread into the following 10 groups of one hour: 7:30a-8:30a, 8:30a-9:30a, 9:30a-10:30a, ... 4:30p-5:30p.', 'Min 1h Groups', 0);
insert into DISTRIBUTION_TYPE (UNIQUEID, REFERENCE, LABEL, SEQUENCING_REQUIRED, REQ_ID, ALLOWED_PREF, DESCRIPTION, ABBREVIATION, INSTRUCTOR_PREF)
values (207, 'MIN_GRUSE(5x2h)', 'Minimize Use Of 2h Groups', '0', 28, 'P43210R', 'Minimize number of groups of time that are used by the given classes. The time is spread into the following 5 groups of two hours: 7:30a-9:30a, 9:30a-11:30a, 11:30a-1:30p, 1:30p-3:30p, 3:30p-5:30p.', 'Min 2h Groups', 0);
insert into DISTRIBUTION_TYPE (UNIQUEID, REFERENCE, LABEL, SEQUENCING_REQUIRED, REQ_ID, ALLOWED_PREF, DESCRIPTION, ABBREVIATION, INSTRUCTOR_PREF)
values (208, 'MIN_GRUSE(3x3h)', 'Minimize Use Of 3h Groups', '0', 29, 'P43210R', 'Minimize number of groups of time that are used by the given classes. The time is spread into the following 3 groups: 7:30a-10:30a, 10:30a-2:30p, 2:30p-5:30p.', 'Min 3h Groups', 0);
insert into DISTRIBUTION_TYPE (UNIQUEID, REFERENCE, LABEL, SEQUENCING_REQUIRED, REQ_ID, ALLOWED_PREF, DESCRIPTION, ABBREVIATION, INSTRUCTOR_PREF)
values (209, 'MIN_GRUSE(2x5h)', 'Minimize Use Of 5h Groups', '0', 30, 'P43210R', 'Minimize number of groups of time that are used by the given classes. The time is spread into the following 2 groups: 7:30a-12:30a, 12:30a-5:30p.', 'Min 5h Groups', 0);
insert into DISTRIBUTION_TYPE (UNIQUEID, REFERENCE, LABEL, SEQUENCING_REQUIRED, REQ_ID, ALLOWED_PREF, DESCRIPTION, ABBREVIATION, INSTRUCTOR_PREF)
values (161, 'SAME_STUDENTS', 'Same Students', '0', 20, '210R', 'Given classes are treated as they are attended by the same students, i.e., they cannot overlap in time and if they are back-to-back the assigned rooms cannot be too far (student limit is used).', 'Same Students', 0);
insert into DISTRIBUTION_TYPE (UNIQUEID, REFERENCE, LABEL, SEQUENCING_REQUIRED, REQ_ID, ALLOWED_PREF, DESCRIPTION, ABBREVIATION, INSTRUCTOR_PREF)
values (162, 'SAME_INSTR', 'Same Instructor', '0', 21, '210R', 'Given classes are treated as they are taught by the same instructor, i.e., they cannot overlap in time and if they are back-to-back the assigned rooms cannot be too far (instructor limit is used).<BR>If the constraint is required and the classes are back-to-back, discouraged and strongly discouraged distances between assigned rooms are also considered.', 'Same Instr', 0);
insert into DISTRIBUTION_TYPE (UNIQUEID, REFERENCE, LABEL, SEQUENCING_REQUIRED, REQ_ID, ALLOWED_PREF, DESCRIPTION, ABBREVIATION, INSTRUCTOR_PREF)
values (163, 'CAN_SHARE_ROOM', 'Can Share Room', '0', 22, '2R', 'Given classes can share the room (use the room in the same time) if the room is big enough.', 'Share Room', 0);
insert into DISTRIBUTION_TYPE (UNIQUEID, REFERENCE, LABEL, SEQUENCING_REQUIRED, REQ_ID, ALLOWED_PREF, DESCRIPTION, ABBREVIATION, INSTRUCTOR_PREF)
values (164, 'SPREAD', 'Spread In Time', '0', 23, '2R', 'Given classes have to be spread in time (overlapping of the classes in time needs to be minimized).', 'Time Spread', 0);
insert into DISTRIBUTION_TYPE (UNIQUEID, REFERENCE, LABEL, SEQUENCING_REQUIRED, REQ_ID, ALLOWED_PREF, DESCRIPTION, ABBREVIATION, INSTRUCTOR_PREF)
values (185, 'MIN_ROOM_USE', 'Minimize Number Of Rooms Used', '0', 25, 'P43210R', 'Minimize number of rooms used by the given set of classes.', 'Min Rooms', 1);
insert into DISTRIBUTION_TYPE (UNIQUEID, REFERENCE, LABEL, SEQUENCING_REQUIRED, REQ_ID, ALLOWED_PREF, DESCRIPTION, ABBREVIATION, INSTRUCTOR_PREF)
values (165, 'PRECEDENCE', 'Precedence', '1', 24, 'P43210R', 'Given classes have to be taught in the given order (the first meeting of the first class has to end before the first meeting of the second class etc.)<BR>When prohibited or (strongly) discouraged: classes have to be taught in the order reverse to the given one', 'Precede', 0);
insert into DISTRIBUTION_TYPE (UNIQUEID, REFERENCE, LABEL, SEQUENCING_REQUIRED, REQ_ID, ALLOWED_PREF, DESCRIPTION, ABBREVIATION, INSTRUCTOR_PREF)
values (61, 'BTB', 'Back-To-Back & Same Room', '0', 1, 'P43210R', 'Classes must be offered in adjacent time segments and must be placed in the same room. Given classes must also be taught on the same days.<BR>When prohibited or (strongly) discouraged: classes cannot be back-to-back. There must be at least half-hour between these classes, and they must be taught on the same days and in the same room.', 'BTB Same Room', 1);
insert into DISTRIBUTION_TYPE (UNIQUEID, REFERENCE, LABEL, SEQUENCING_REQUIRED, REQ_ID, ALLOWED_PREF, DESCRIPTION, ABBREVIATION, INSTRUCTOR_PREF)
values (62, 'BTB_TIME', 'Back-To-Back', '0', 2, 'P43210R', 'Classes must be offered in adjacent time segments but may be placed in different rooms. Given classes must also be taught on the same days.<BR>When prohibited or (strongly) discouraged: no pair of classes can be taught back-to-back. They may not overlap in time, but must be taught on the same days. This means that there must be at least half-hour between these classes. ', 'BTB', 1);
insert into DISTRIBUTION_TYPE (UNIQUEID, REFERENCE, LABEL, SEQUENCING_REQUIRED, REQ_ID, ALLOWED_PREF, DESCRIPTION, ABBREVIATION, INSTRUCTOR_PREF)
values (63, 'SAME_TIME', 'Same Time', '0', 3, 'P43210R', 'Given classes must be taught at the same time of day (independent of the actual day the classes meet). For the classes of the same length, this is the same constraint as <i>same start</i>. For classes of different length, the shorter one cannot start before, nor end after, the longer one.<BR>When prohibited or (strongly) discouraged: one class may not meet on any day at a time of day that overlaps with that of the other. For example, one class can not meet M 7:30 while the other meets F 7:30. Note the difference here from the <i>different time</i> constraint that only prohibits the actual class meetings from overlapping.', 'Same Time', 0);
insert into DISTRIBUTION_TYPE (UNIQUEID, REFERENCE, LABEL, SEQUENCING_REQUIRED, REQ_ID, ALLOWED_PREF, DESCRIPTION, ABBREVIATION, INSTRUCTOR_PREF)
values (64, 'SAME_DAYS', 'Same Days', '0', 4, 'P43210R', 'Given classes must be taught on the same days. In case of classes of different time patterns, a class with fewer meetings must meet on a subset of the days used by the class with more meetings. For example, if one class pattern is 3x50, all others given in the constraint can only be taught on Monday, Wednesday, or Friday. For a 2x100 class MW, MF, WF is allowed but TTh is prohibited.<BR>When prohibited or (strongly) discouraged: any pair of classes classes cannot be taught on the same days (cannot overlap in days). For instance, if one class is MFW, the second has to be TTh.', 'Same Days', 1);
insert into DISTRIBUTION_TYPE (UNIQUEID, REFERENCE, LABEL, SEQUENCING_REQUIRED, REQ_ID, ALLOWED_PREF, DESCRIPTION, ABBREVIATION, INSTRUCTOR_PREF)
values (65, 'NHB(1)', '1 Hour Between', '0', 5, 'P43210R', 'Given classes must have exactly 1 hour in between the end of one and the beginning of another. As with the <i>back-to-back time</i> constraint, given classes must be taught on the same days.<BR>When prohibited or (strongly) discouraged: classes can not have 1 hour in between. They may not overlap in time but must be taught on the same days.', '1h Btw', 0);
insert into DISTRIBUTION_TYPE (UNIQUEID, REFERENCE, LABEL, SEQUENCING_REQUIRED, REQ_ID, ALLOWED_PREF, DESCRIPTION, ABBREVIATION, INSTRUCTOR_PREF)
values (66, 'NHB(2)', '2 Hours Between', '0', 6, 'P43210R', 'Given classes must have exactly 2 hours in between the end of one and the beginning of another. As with the <i>back-to-back time</i> constraint, given classes must be taught on the same days.<BR>When prohibited or (strongly) discouraged: classes can not have 2 hours in between. They may not overlap in time but must be taught on the same days.', '2h Btw', 0);
insert into DISTRIBUTION_TYPE (UNIQUEID, REFERENCE, LABEL, SEQUENCING_REQUIRED, REQ_ID, ALLOWED_PREF, DESCRIPTION, ABBREVIATION, INSTRUCTOR_PREF)
values (67, 'NHB(3)', '3 Hours Between', '0', 7, 'P43210R', 'Given classes must have exactly 3 hours in between the end of one and the beginning of another. As with the <i>back-to-back time</i> constraint, given classes must be taught on the same days.<BR>When prohibited or (strongly) discouraged: classes can not have 3 hours in between. They may not overlap in time but must be taught on the same days.', '3h Btw', 0);
insert into DISTRIBUTION_TYPE (UNIQUEID, REFERENCE, LABEL, SEQUENCING_REQUIRED, REQ_ID, ALLOWED_PREF, DESCRIPTION, ABBREVIATION, INSTRUCTOR_PREF)
values (68, 'NHB(4)', '4 Hours Between', '0', 8, 'P43210R', 'Given classes must have exactly 4 hours in between the end of one and the beginning of another. As with the <i>back-to-back time</i> constraint, given classes must be taught on the same days.<BR>When prohibited or (strongly) discouraged: classes can not have 4 hours in between. They may not overlap in time but must be taught on the same days.', '4h Btw', 0);
insert into DISTRIBUTION_TYPE (UNIQUEID, REFERENCE, LABEL, SEQUENCING_REQUIRED, REQ_ID, ALLOWED_PREF, DESCRIPTION, ABBREVIATION, INSTRUCTOR_PREF)
values (69, 'NHB(5)', '5 Hours Between', '0', 9, 'P43210R', 'Given classes must have exactly 5 hours in between the end of one and the beginning of another. As with the <i>back-to-back time</i> constraint, given classes must be taught on the same days.<BR>When prohibited or (strongly) discouraged: classes can not have 5 hours in between. They may not overlap in time but must be taught on the same days.', '5h Btw', 0);
insert into DISTRIBUTION_TYPE (UNIQUEID, REFERENCE, LABEL, SEQUENCING_REQUIRED, REQ_ID, ALLOWED_PREF, DESCRIPTION, ABBREVIATION, INSTRUCTOR_PREF)
values (70, 'NHB(6)', '6 Hours Between', '0', 10, 'P43210R', 'Given classes must have exactly 6 hours in between the end of one and the beginning of another. As with the <i>back-to-back time</i> constraint, given classes must be taught on the same days.<BR>When prohibited or (strongly) discouraged: classes can not have 6 hours in between. They may not overlap in time but must be taught on the same days.', '6h Btw', 0);
insert into DISTRIBUTION_TYPE (UNIQUEID, REFERENCE, LABEL, SEQUENCING_REQUIRED, REQ_ID, ALLOWED_PREF, DESCRIPTION, ABBREVIATION, INSTRUCTOR_PREF)
values (71, 'NHB(7)', '7 Hours Between', '0', 11, 'P43210R', 'Given classes must have exactly 7 hours in between the end of one and the beginning of another. As with the <i>back-to-back time</i> constraint, given classes must be taught on the same days.<BR>When prohibited or (strongly) discouraged: classes can not have 7 hours in between. They may not overlap in time but must be taught on the same days.', '7h Btw', 0);
insert into DISTRIBUTION_TYPE (UNIQUEID, REFERENCE, LABEL, SEQUENCING_REQUIRED, REQ_ID, ALLOWED_PREF, DESCRIPTION, ABBREVIATION, INSTRUCTOR_PREF)
values (72, 'NHB(8)', '8 Hours Between', '0', 12, 'P43210R', 'Given classes must have exactly 8 hours in between the end of one and the beginning of another. As with the <i>back-to-back time</i> constraint, given classes must be taught on the same days.<BR>When prohibited or (strongly) discouraged: classes can not have 8 hours in between. They may not overlap in time but must be taught on the same days.', '8h Btw', 0);
insert into DISTRIBUTION_TYPE (UNIQUEID, REFERENCE, LABEL, SEQUENCING_REQUIRED, REQ_ID, ALLOWED_PREF, DESCRIPTION, ABBREVIATION, INSTRUCTOR_PREF)
values (73, 'DIFF_TIME', 'Different Time', '0', 13, 'P43210R', 'Given classes cannot overlap in time. They may be taught at the same time of day if they are on different days. For instance, MF 7:30 is compatible with TTh 7:30.<BR>When prohibited or (strongly) discouraged: every pair of classes in the constraint must overlap in time.', 'Diff Time', 0);
insert into DISTRIBUTION_TYPE (UNIQUEID, REFERENCE, LABEL, SEQUENCING_REQUIRED, REQ_ID, ALLOWED_PREF, DESCRIPTION, ABBREVIATION, INSTRUCTOR_PREF)
values (74, 'NHB(1.5)', '90 Minutes Between', '0', 14, 'P43210R', 'Given classes must have exactly 90 minutes in between the end of one and the beginning of another. As with the <i>back-to-back time</i> constraint, given classes must be taught on the same days.<BR>When prohibited or (strongly) discouraged: classes can not have 90 minutes in between. They may not overlap in time but must be taught on the same days.', '90min Btw', 0);
insert into DISTRIBUTION_TYPE (UNIQUEID, REFERENCE, LABEL, SEQUENCING_REQUIRED, REQ_ID, ALLOWED_PREF, DESCRIPTION, ABBREVIATION, INSTRUCTOR_PREF)
values (75, 'NHB(4.5)', '4.5 Hours Between', '0', 15, 'P43210R', 'Given classes must have exactly 4.5 hours in between the end of one and the beginning of another. As with the <i>back-to-back time</i> constraint, given classes must be taught on the same days.<BR>When prohibited or (strongly) discouraged: classes can not have 4.5 hours in between. They may not overlap in time but must be taught on the same days.', '4.5h Btw', 0);
insert into DISTRIBUTION_TYPE (UNIQUEID, REFERENCE, LABEL, SEQUENCING_REQUIRED, REQ_ID, ALLOWED_PREF, DESCRIPTION, ABBREVIATION, INSTRUCTOR_PREF)
values (101, 'SAME_ROOM', 'Same Room', '0', 17, 'P43210R', 'Given classes must be taught in the same room.<BR>When prohibited or (strongly) discouraged: any pair of classes in the constraint cannot be taught in the same room.', 'Same Room', 1);
insert into DISTRIBUTION_TYPE (UNIQUEID, REFERENCE, LABEL, SEQUENCING_REQUIRED, REQ_ID, ALLOWED_PREF, DESCRIPTION, ABBREVIATION, INSTRUCTOR_PREF)
values (102, 'NHB_GTE(1)', 'At Least 1 Hour Between', '0', 18, 'P43210R', 'Given classes have to have 1 hour or more in between.<BR>When prohibited or (strongly) discouraged: given classes have to have less than 1 hour in between.', '>=1h Btw', 1);
insert into DISTRIBUTION_TYPE (UNIQUEID, REFERENCE, LABEL, SEQUENCING_REQUIRED, REQ_ID, ALLOWED_PREF, DESCRIPTION, ABBREVIATION, INSTRUCTOR_PREF)
values (103, 'SAME_START', 'Same Start Time', '0', 16, 'P43210R', 'Given classes must start during the same half-hour period of a day (independent of the actual day the classes meet). For instance, MW 7:30 is compatible with TTh 7:30 but not with MWF 8:00.<BR>When prohibited or (strongly) discouraged: any pair of classes in the given constraint cannot start during the same half-hour period of any day of the week.', 'Same Start', 0);
insert into DISTRIBUTION_TYPE (UNIQUEID, REFERENCE, LABEL, SEQUENCING_REQUIRED, REQ_ID, ALLOWED_PREF, DESCRIPTION, ABBREVIATION, INSTRUCTOR_PREF)
values (104, 'NHB_LT(6)', 'Less Than 6 Hours Between', '0', 19, 'P43210R', 'Given classes must have less than 6 hours from end of first class to the beginning of the next.  Given classes must also be taught on the same days.<BR>When prohibited or (strongly) discouraged: given classes must have 6 or more hours between. This constraint does not carry over from classes taught at the end of one day to the beginning of the next.', '<6h Btw', 1);
insert into DISTRIBUTION_TYPE (UNIQUEID, REFERENCE, LABEL, SEQUENCING_REQUIRED, REQ_ID, ALLOWED_PREF, DESCRIPTION, ABBREVIATION, INSTRUCTOR_PREF)
values (345, 'CH_NOTOVERLAP', 'Children Cannot Overlap', '0', 33, '210R', 'If parent classes do not overlap in time, children classes can not overlap in time as well.<br>Note: This constraint only needs to be put on the parent classes. Preferred configurations are Required All Classes or Pairwise (Strongly) Preferred.', 'Ch No Ovlap', 0);
insert into DISTRIBUTION_TYPE (UNIQUEID, REFERENCE, LABEL, SEQUENCING_REQUIRED, REQ_ID, ALLOWED_PREF, DESCRIPTION, ABBREVIATION, INSTRUCTOR_PREF)
values (305, 'NDB_GT_1', 'More Than 1 Day Between', '0', 32, 'P43210R', 'Given classes must have two or more days in between.<br>When prohibited or (strongly) discouraged: given classes must be offered on adjacent days or with at most one day in between.', '>1d Btw', 0);
insert into DISTRIBUTION_TYPE (UNIQUEID, REFERENCE, LABEL, SEQUENCING_REQUIRED, REQ_ID, ALLOWED_PREF, DESCRIPTION, ABBREVIATION, INSTRUCTOR_PREF)
values (365, 'FOLLOWING_DAY', 'Next Day', '1', 34, 'P43210R', 'The second class has to be placed on the following day of the first class (if the first class is on Friday, second class have to be on Monday).<br> When prohibited or (strongly) discouraged: The second class has to be placed on the previous day of the first class (if the first class is on Monday, second class have to be on Friday).<br> Note: This constraint works only between pairs of classes.', 'Next Day', 0);
insert into DISTRIBUTION_TYPE (UNIQUEID, REFERENCE, LABEL, SEQUENCING_REQUIRED, REQ_ID, ALLOWED_PREF, DESCRIPTION, ABBREVIATION, INSTRUCTOR_PREF)
values (366, 'EVERY_OTHER_DAY', 'Two Days After', '1', 35, 'P43210R', 'The second class has to be placed two days after the first class (Monday &rarr; Wednesday, Tuesday &rarr; Thurday, Wednesday &rarr; Friday, Thursday &rarr; Monday, Friday &rarr; Tuesday).<br> When prohibited or (strongly) discouraged: The second class has to be placed two days before the first class (Monday &rarr; Thursday, Tuesday &rarr; Friday, Wednesday &rarr; Monday, Thursday &rarr; Tuesday, Friday &rarr; Wednesday).<br> Note: This constraint works only between pairs of classes.', '2d After', 0);
insert into DISTRIBUTION_TYPE (UNIQUEID, REFERENCE, LABEL, SEQUENCING_REQUIRED, REQ_ID, ALLOWED_PREF, DESCRIPTION, ABBREVIATION, INSTRUCTOR_PREF)
values (367, 'MEET_WITH', 'Meet Together', '0', 31, '2R', 'Given classes are meeting together (same as if the given classes require constraints Can Share Room, Same Room, Same Time and Same Days all together).', 'Meet Together', 0);
commit;
prompt 35 records loaded
prompt Loading DISTRIBUTION_PREF...
prompt Table is empty
prompt Loading DISTRIBUTION_OBJECT...
prompt Table is empty
prompt Loading DIST_TYPE_DEPT...
prompt Table is empty
prompt Loading EXACT_TIME_MINS...
insert into EXACT_TIME_MINS (UNIQUEID, MINS_MIN, MINS_MAX, NR_SLOTS, BREAK_TIME)
values (214405, 0, 0, 0, 0);
insert into EXACT_TIME_MINS (UNIQUEID, MINS_MIN, MINS_MAX, NR_SLOTS, BREAK_TIME)
values (214406, 1, 5, 1, 0);
insert into EXACT_TIME_MINS (UNIQUEID, MINS_MIN, MINS_MAX, NR_SLOTS, BREAK_TIME)
values (214407, 6, 10, 2, 0);
insert into EXACT_TIME_MINS (UNIQUEID, MINS_MIN, MINS_MAX, NR_SLOTS, BREAK_TIME)
values (214408, 11, 15, 4, 0);
insert into EXACT_TIME_MINS (UNIQUEID, MINS_MIN, MINS_MAX, NR_SLOTS, BREAK_TIME)
values (214409, 16, 20, 5, 0);
insert into EXACT_TIME_MINS (UNIQUEID, MINS_MIN, MINS_MAX, NR_SLOTS, BREAK_TIME)
values (214410, 21, 25, 6, 0);
insert into EXACT_TIME_MINS (UNIQUEID, MINS_MIN, MINS_MAX, NR_SLOTS, BREAK_TIME)
values (214411, 26, 30, 7, 0);
insert into EXACT_TIME_MINS (UNIQUEID, MINS_MIN, MINS_MAX, NR_SLOTS, BREAK_TIME)
values (214412, 31, 35, 8, 15);
insert into EXACT_TIME_MINS (UNIQUEID, MINS_MIN, MINS_MAX, NR_SLOTS, BREAK_TIME)
values (214413, 36, 40, 10, 15);
insert into EXACT_TIME_MINS (UNIQUEID, MINS_MIN, MINS_MAX, NR_SLOTS, BREAK_TIME)
values (214414, 41, 45, 11, 15);
insert into EXACT_TIME_MINS (UNIQUEID, MINS_MIN, MINS_MAX, NR_SLOTS, BREAK_TIME)
values (214415, 46, 50, 12, 10);
insert into EXACT_TIME_MINS (UNIQUEID, MINS_MIN, MINS_MAX, NR_SLOTS, BREAK_TIME)
values (214416, 51, 55, 13, 15);
insert into EXACT_TIME_MINS (UNIQUEID, MINS_MIN, MINS_MAX, NR_SLOTS, BREAK_TIME)
values (214417, 56, 60, 14, 10);
insert into EXACT_TIME_MINS (UNIQUEID, MINS_MIN, MINS_MAX, NR_SLOTS, BREAK_TIME)
values (214418, 61, 65, 16, 15);
insert into EXACT_TIME_MINS (UNIQUEID, MINS_MIN, MINS_MAX, NR_SLOTS, BREAK_TIME)
values (214419, 66, 70, 17, 15);
insert into EXACT_TIME_MINS (UNIQUEID, MINS_MIN, MINS_MAX, NR_SLOTS, BREAK_TIME)
values (214420, 71, 75, 18, 15);
insert into EXACT_TIME_MINS (UNIQUEID, MINS_MIN, MINS_MAX, NR_SLOTS, BREAK_TIME)
values (214421, 76, 80, 19, 15);
insert into EXACT_TIME_MINS (UNIQUEID, MINS_MIN, MINS_MAX, NR_SLOTS, BREAK_TIME)
values (214422, 81, 85, 20, 15);
insert into EXACT_TIME_MINS (UNIQUEID, MINS_MIN, MINS_MAX, NR_SLOTS, BREAK_TIME)
values (214423, 86, 90, 21, 15);
insert into EXACT_TIME_MINS (UNIQUEID, MINS_MIN, MINS_MAX, NR_SLOTS, BREAK_TIME)
values (214424, 91, 95, 23, 15);
insert into EXACT_TIME_MINS (UNIQUEID, MINS_MIN, MINS_MAX, NR_SLOTS, BREAK_TIME)
values (214425, 96, 100, 24, 10);
insert into EXACT_TIME_MINS (UNIQUEID, MINS_MIN, MINS_MAX, NR_SLOTS, BREAK_TIME)
values (214426, 101, 105, 25, 15);
insert into EXACT_TIME_MINS (UNIQUEID, MINS_MIN, MINS_MAX, NR_SLOTS, BREAK_TIME)
values (214427, 106, 110, 26, 15);
insert into EXACT_TIME_MINS (UNIQUEID, MINS_MIN, MINS_MAX, NR_SLOTS, BREAK_TIME)
values (214428, 111, 115, 28, 15);
insert into EXACT_TIME_MINS (UNIQUEID, MINS_MIN, MINS_MAX, NR_SLOTS, BREAK_TIME)
values (214429, 116, 120, 29, 15);
insert into EXACT_TIME_MINS (UNIQUEID, MINS_MIN, MINS_MAX, NR_SLOTS, BREAK_TIME)
values (214430, 121, 125, 30, 15);
insert into EXACT_TIME_MINS (UNIQUEID, MINS_MIN, MINS_MAX, NR_SLOTS, BREAK_TIME)
values (214431, 126, 130, 31, 15);
insert into EXACT_TIME_MINS (UNIQUEID, MINS_MIN, MINS_MAX, NR_SLOTS, BREAK_TIME)
values (214432, 131, 135, 32, 15);
insert into EXACT_TIME_MINS (UNIQUEID, MINS_MIN, MINS_MAX, NR_SLOTS, BREAK_TIME)
values (214433, 136, 140, 34, 15);
insert into EXACT_TIME_MINS (UNIQUEID, MINS_MIN, MINS_MAX, NR_SLOTS, BREAK_TIME)
values (214434, 141, 145, 35, 15);
insert into EXACT_TIME_MINS (UNIQUEID, MINS_MIN, MINS_MAX, NR_SLOTS, BREAK_TIME)
values (214435, 146, 150, 36, 10);
insert into EXACT_TIME_MINS (UNIQUEID, MINS_MIN, MINS_MAX, NR_SLOTS, BREAK_TIME)
values (214436, 151, 155, 37, 15);
insert into EXACT_TIME_MINS (UNIQUEID, MINS_MIN, MINS_MAX, NR_SLOTS, BREAK_TIME)
values (214437, 156, 160, 38, 15);
insert into EXACT_TIME_MINS (UNIQUEID, MINS_MIN, MINS_MAX, NR_SLOTS, BREAK_TIME)
values (214438, 161, 165, 40, 15);
insert into EXACT_TIME_MINS (UNIQUEID, MINS_MIN, MINS_MAX, NR_SLOTS, BREAK_TIME)
values (214439, 166, 170, 41, 15);
insert into EXACT_TIME_MINS (UNIQUEID, MINS_MIN, MINS_MAX, NR_SLOTS, BREAK_TIME)
values (214440, 171, 175, 42, 15);
insert into EXACT_TIME_MINS (UNIQUEID, MINS_MIN, MINS_MAX, NR_SLOTS, BREAK_TIME)
values (214441, 176, 180, 43, 15);
insert into EXACT_TIME_MINS (UNIQUEID, MINS_MIN, MINS_MAX, NR_SLOTS, BREAK_TIME)
values (214442, 181, 185, 44, 15);
insert into EXACT_TIME_MINS (UNIQUEID, MINS_MIN, MINS_MAX, NR_SLOTS, BREAK_TIME)
values (214443, 186, 190, 46, 15);
insert into EXACT_TIME_MINS (UNIQUEID, MINS_MIN, MINS_MAX, NR_SLOTS, BREAK_TIME)
values (214444, 191, 195, 47, 15);
insert into EXACT_TIME_MINS (UNIQUEID, MINS_MIN, MINS_MAX, NR_SLOTS, BREAK_TIME)
values (214445, 196, 200, 48, 10);
insert into EXACT_TIME_MINS (UNIQUEID, MINS_MIN, MINS_MAX, NR_SLOTS, BREAK_TIME)
values (214446, 201, 205, 49, 15);
insert into EXACT_TIME_MINS (UNIQUEID, MINS_MIN, MINS_MAX, NR_SLOTS, BREAK_TIME)
values (214447, 206, 210, 50, 15);
insert into EXACT_TIME_MINS (UNIQUEID, MINS_MIN, MINS_MAX, NR_SLOTS, BREAK_TIME)
values (214448, 211, 215, 52, 15);
insert into EXACT_TIME_MINS (UNIQUEID, MINS_MIN, MINS_MAX, NR_SLOTS, BREAK_TIME)
values (214449, 216, 220, 53, 15);
insert into EXACT_TIME_MINS (UNIQUEID, MINS_MIN, MINS_MAX, NR_SLOTS, BREAK_TIME)
values (214450, 221, 225, 54, 15);
insert into EXACT_TIME_MINS (UNIQUEID, MINS_MIN, MINS_MAX, NR_SLOTS, BREAK_TIME)
values (214451, 226, 230, 55, 15);
insert into EXACT_TIME_MINS (UNIQUEID, MINS_MIN, MINS_MAX, NR_SLOTS, BREAK_TIME)
values (214452, 231, 235, 56, 15);
insert into EXACT_TIME_MINS (UNIQUEID, MINS_MIN, MINS_MAX, NR_SLOTS, BREAK_TIME)
values (214453, 236, 240, 58, 15);
insert into EXACT_TIME_MINS (UNIQUEID, MINS_MIN, MINS_MAX, NR_SLOTS, BREAK_TIME)
values (214454, 241, 245, 59, 15);
insert into EXACT_TIME_MINS (UNIQUEID, MINS_MIN, MINS_MAX, NR_SLOTS, BREAK_TIME)
values (214455, 246, 250, 60, 10);
insert into EXACT_TIME_MINS (UNIQUEID, MINS_MIN, MINS_MAX, NR_SLOTS, BREAK_TIME)
values (214456, 251, 255, 61, 15);
insert into EXACT_TIME_MINS (UNIQUEID, MINS_MIN, MINS_MAX, NR_SLOTS, BREAK_TIME)
values (214457, 256, 260, 62, 15);
insert into EXACT_TIME_MINS (UNIQUEID, MINS_MIN, MINS_MAX, NR_SLOTS, BREAK_TIME)
values (214458, 261, 265, 64, 15);
insert into EXACT_TIME_MINS (UNIQUEID, MINS_MIN, MINS_MAX, NR_SLOTS, BREAK_TIME)
values (214459, 266, 270, 65, 15);
insert into EXACT_TIME_MINS (UNIQUEID, MINS_MIN, MINS_MAX, NR_SLOTS, BREAK_TIME)
values (214460, 271, 275, 66, 15);
insert into EXACT_TIME_MINS (UNIQUEID, MINS_MIN, MINS_MAX, NR_SLOTS, BREAK_TIME)
values (214461, 276, 280, 67, 15);
insert into EXACT_TIME_MINS (UNIQUEID, MINS_MIN, MINS_MAX, NR_SLOTS, BREAK_TIME)
values (214462, 281, 285, 68, 15);
insert into EXACT_TIME_MINS (UNIQUEID, MINS_MIN, MINS_MAX, NR_SLOTS, BREAK_TIME)
values (214463, 286, 290, 70, 15);
insert into EXACT_TIME_MINS (UNIQUEID, MINS_MIN, MINS_MAX, NR_SLOTS, BREAK_TIME)
values (214464, 291, 295, 71, 15);
insert into EXACT_TIME_MINS (UNIQUEID, MINS_MIN, MINS_MAX, NR_SLOTS, BREAK_TIME)
values (214465, 296, 300, 72, 10);
insert into EXACT_TIME_MINS (UNIQUEID, MINS_MIN, MINS_MAX, NR_SLOTS, BREAK_TIME)
values (214466, 301, 305, 73, 15);
insert into EXACT_TIME_MINS (UNIQUEID, MINS_MIN, MINS_MAX, NR_SLOTS, BREAK_TIME)
values (214467, 306, 310, 74, 15);
insert into EXACT_TIME_MINS (UNIQUEID, MINS_MIN, MINS_MAX, NR_SLOTS, BREAK_TIME)
values (214468, 311, 315, 76, 15);
insert into EXACT_TIME_MINS (UNIQUEID, MINS_MIN, MINS_MAX, NR_SLOTS, BREAK_TIME)
values (214469, 316, 320, 77, 15);
insert into EXACT_TIME_MINS (UNIQUEID, MINS_MIN, MINS_MAX, NR_SLOTS, BREAK_TIME)
values (214470, 321, 325, 78, 15);
insert into EXACT_TIME_MINS (UNIQUEID, MINS_MIN, MINS_MAX, NR_SLOTS, BREAK_TIME)
values (214471, 326, 330, 79, 15);
insert into EXACT_TIME_MINS (UNIQUEID, MINS_MIN, MINS_MAX, NR_SLOTS, BREAK_TIME)
values (214472, 331, 335, 80, 15);
insert into EXACT_TIME_MINS (UNIQUEID, MINS_MIN, MINS_MAX, NR_SLOTS, BREAK_TIME)
values (214473, 336, 340, 82, 15);
insert into EXACT_TIME_MINS (UNIQUEID, MINS_MIN, MINS_MAX, NR_SLOTS, BREAK_TIME)
values (214474, 341, 345, 83, 15);
insert into EXACT_TIME_MINS (UNIQUEID, MINS_MIN, MINS_MAX, NR_SLOTS, BREAK_TIME)
values (214475, 346, 350, 84, 10);
insert into EXACT_TIME_MINS (UNIQUEID, MINS_MIN, MINS_MAX, NR_SLOTS, BREAK_TIME)
values (214476, 351, 355, 85, 15);
insert into EXACT_TIME_MINS (UNIQUEID, MINS_MIN, MINS_MAX, NR_SLOTS, BREAK_TIME)
values (214477, 356, 360, 86, 15);
insert into EXACT_TIME_MINS (UNIQUEID, MINS_MIN, MINS_MAX, NR_SLOTS, BREAK_TIME)
values (214478, 361, 365, 88, 15);
insert into EXACT_TIME_MINS (UNIQUEID, MINS_MIN, MINS_MAX, NR_SLOTS, BREAK_TIME)
values (214479, 366, 370, 89, 15);
insert into EXACT_TIME_MINS (UNIQUEID, MINS_MIN, MINS_MAX, NR_SLOTS, BREAK_TIME)
values (214480, 371, 375, 90, 15);
insert into EXACT_TIME_MINS (UNIQUEID, MINS_MIN, MINS_MAX, NR_SLOTS, BREAK_TIME)
values (214481, 376, 380, 91, 5);
insert into EXACT_TIME_MINS (UNIQUEID, MINS_MIN, MINS_MAX, NR_SLOTS, BREAK_TIME)
values (214482, 381, 385, 92, 15);
insert into EXACT_TIME_MINS (UNIQUEID, MINS_MIN, MINS_MAX, NR_SLOTS, BREAK_TIME)
values (214483, 386, 390, 94, 15);
insert into EXACT_TIME_MINS (UNIQUEID, MINS_MIN, MINS_MAX, NR_SLOTS, BREAK_TIME)
values (214484, 391, 395, 95, 15);
insert into EXACT_TIME_MINS (UNIQUEID, MINS_MIN, MINS_MAX, NR_SLOTS, BREAK_TIME)
values (214485, 396, 400, 96, 10);
insert into EXACT_TIME_MINS (UNIQUEID, MINS_MIN, MINS_MAX, NR_SLOTS, BREAK_TIME)
values (214486, 401, 405, 97, 15);
insert into EXACT_TIME_MINS (UNIQUEID, MINS_MIN, MINS_MAX, NR_SLOTS, BREAK_TIME)
values (214487, 406, 410, 98, 15);
insert into EXACT_TIME_MINS (UNIQUEID, MINS_MIN, MINS_MAX, NR_SLOTS, BREAK_TIME)
values (214488, 411, 415, 100, 15);
insert into EXACT_TIME_MINS (UNIQUEID, MINS_MIN, MINS_MAX, NR_SLOTS, BREAK_TIME)
values (214489, 416, 420, 101, 15);
insert into EXACT_TIME_MINS (UNIQUEID, MINS_MIN, MINS_MAX, NR_SLOTS, BREAK_TIME)
values (214490, 421, 425, 102, 15);
insert into EXACT_TIME_MINS (UNIQUEID, MINS_MIN, MINS_MAX, NR_SLOTS, BREAK_TIME)
values (214491, 426, 430, 103, 15);
insert into EXACT_TIME_MINS (UNIQUEID, MINS_MIN, MINS_MAX, NR_SLOTS, BREAK_TIME)
values (214492, 431, 435, 104, 15);
insert into EXACT_TIME_MINS (UNIQUEID, MINS_MIN, MINS_MAX, NR_SLOTS, BREAK_TIME)
values (214493, 436, 440, 106, 15);
insert into EXACT_TIME_MINS (UNIQUEID, MINS_MIN, MINS_MAX, NR_SLOTS, BREAK_TIME)
values (214494, 441, 445, 107, 15);
insert into EXACT_TIME_MINS (UNIQUEID, MINS_MIN, MINS_MAX, NR_SLOTS, BREAK_TIME)
values (214495, 446, 450, 108, 10);
insert into EXACT_TIME_MINS (UNIQUEID, MINS_MIN, MINS_MAX, NR_SLOTS, BREAK_TIME)
values (214496, 451, 455, 109, 15);
insert into EXACT_TIME_MINS (UNIQUEID, MINS_MIN, MINS_MAX, NR_SLOTS, BREAK_TIME)
values (214497, 456, 460, 110, 15);
insert into EXACT_TIME_MINS (UNIQUEID, MINS_MIN, MINS_MAX, NR_SLOTS, BREAK_TIME)
values (214498, 461, 465, 112, 15);
insert into EXACT_TIME_MINS (UNIQUEID, MINS_MIN, MINS_MAX, NR_SLOTS, BREAK_TIME)
values (214499, 466, 470, 113, 15);
insert into EXACT_TIME_MINS (UNIQUEID, MINS_MIN, MINS_MAX, NR_SLOTS, BREAK_TIME)
values (214500, 471, 475, 114, 15);
insert into EXACT_TIME_MINS (UNIQUEID, MINS_MIN, MINS_MAX, NR_SLOTS, BREAK_TIME)
values (214501, 476, 480, 115, 15);
insert into EXACT_TIME_MINS (UNIQUEID, MINS_MIN, MINS_MAX, NR_SLOTS, BREAK_TIME)
values (214502, 481, 485, 116, 15);
insert into EXACT_TIME_MINS (UNIQUEID, MINS_MIN, MINS_MAX, NR_SLOTS, BREAK_TIME)
values (214503, 486, 490, 118, 15);
insert into EXACT_TIME_MINS (UNIQUEID, MINS_MIN, MINS_MAX, NR_SLOTS, BREAK_TIME)
values (214504, 491, 495, 119, 15);
commit;
prompt 100 records committed...
insert into EXACT_TIME_MINS (UNIQUEID, MINS_MIN, MINS_MAX, NR_SLOTS, BREAK_TIME)
values (214505, 496, 500, 120, 10);
insert into EXACT_TIME_MINS (UNIQUEID, MINS_MIN, MINS_MAX, NR_SLOTS, BREAK_TIME)
values (214506, 501, 505, 121, 15);
insert into EXACT_TIME_MINS (UNIQUEID, MINS_MIN, MINS_MAX, NR_SLOTS, BREAK_TIME)
values (214507, 506, 510, 122, 15);
insert into EXACT_TIME_MINS (UNIQUEID, MINS_MIN, MINS_MAX, NR_SLOTS, BREAK_TIME)
values (214508, 511, 515, 124, 15);
insert into EXACT_TIME_MINS (UNIQUEID, MINS_MIN, MINS_MAX, NR_SLOTS, BREAK_TIME)
values (214509, 516, 520, 125, 15);
insert into EXACT_TIME_MINS (UNIQUEID, MINS_MIN, MINS_MAX, NR_SLOTS, BREAK_TIME)
values (214510, 521, 525, 126, 15);
insert into EXACT_TIME_MINS (UNIQUEID, MINS_MIN, MINS_MAX, NR_SLOTS, BREAK_TIME)
values (214511, 526, 530, 127, 15);
insert into EXACT_TIME_MINS (UNIQUEID, MINS_MIN, MINS_MAX, NR_SLOTS, BREAK_TIME)
values (214512, 531, 535, 128, 15);
insert into EXACT_TIME_MINS (UNIQUEID, MINS_MIN, MINS_MAX, NR_SLOTS, BREAK_TIME)
values (214513, 536, 540, 130, 15);
insert into EXACT_TIME_MINS (UNIQUEID, MINS_MIN, MINS_MAX, NR_SLOTS, BREAK_TIME)
values (214514, 541, 545, 131, 15);
insert into EXACT_TIME_MINS (UNIQUEID, MINS_MIN, MINS_MAX, NR_SLOTS, BREAK_TIME)
values (214515, 546, 550, 132, 10);
insert into EXACT_TIME_MINS (UNIQUEID, MINS_MIN, MINS_MAX, NR_SLOTS, BREAK_TIME)
values (214516, 551, 555, 133, 15);
insert into EXACT_TIME_MINS (UNIQUEID, MINS_MIN, MINS_MAX, NR_SLOTS, BREAK_TIME)
values (214517, 556, 560, 134, 15);
insert into EXACT_TIME_MINS (UNIQUEID, MINS_MIN, MINS_MAX, NR_SLOTS, BREAK_TIME)
values (214518, 561, 565, 136, 15);
insert into EXACT_TIME_MINS (UNIQUEID, MINS_MIN, MINS_MAX, NR_SLOTS, BREAK_TIME)
values (214519, 566, 570, 137, 15);
insert into EXACT_TIME_MINS (UNIQUEID, MINS_MIN, MINS_MAX, NR_SLOTS, BREAK_TIME)
values (214520, 571, 575, 138, 15);
insert into EXACT_TIME_MINS (UNIQUEID, MINS_MIN, MINS_MAX, NR_SLOTS, BREAK_TIME)
values (214521, 576, 580, 139, 15);
insert into EXACT_TIME_MINS (UNIQUEID, MINS_MIN, MINS_MAX, NR_SLOTS, BREAK_TIME)
values (214522, 581, 585, 140, 15);
insert into EXACT_TIME_MINS (UNIQUEID, MINS_MIN, MINS_MAX, NR_SLOTS, BREAK_TIME)
values (214523, 586, 590, 142, 15);
insert into EXACT_TIME_MINS (UNIQUEID, MINS_MIN, MINS_MAX, NR_SLOTS, BREAK_TIME)
values (214524, 591, 595, 143, 15);
insert into EXACT_TIME_MINS (UNIQUEID, MINS_MIN, MINS_MAX, NR_SLOTS, BREAK_TIME)
values (214525, 596, 600, 144, 10);
insert into EXACT_TIME_MINS (UNIQUEID, MINS_MIN, MINS_MAX, NR_SLOTS, BREAK_TIME)
values (214526, 601, 605, 145, 15);
insert into EXACT_TIME_MINS (UNIQUEID, MINS_MIN, MINS_MAX, NR_SLOTS, BREAK_TIME)
values (214527, 606, 610, 146, 15);
insert into EXACT_TIME_MINS (UNIQUEID, MINS_MIN, MINS_MAX, NR_SLOTS, BREAK_TIME)
values (214528, 611, 615, 148, 15);
insert into EXACT_TIME_MINS (UNIQUEID, MINS_MIN, MINS_MAX, NR_SLOTS, BREAK_TIME)
values (214529, 616, 620, 149, 15);
insert into EXACT_TIME_MINS (UNIQUEID, MINS_MIN, MINS_MAX, NR_SLOTS, BREAK_TIME)
values (214530, 621, 625, 150, 15);
insert into EXACT_TIME_MINS (UNIQUEID, MINS_MIN, MINS_MAX, NR_SLOTS, BREAK_TIME)
values (214531, 626, 630, 151, 15);
insert into EXACT_TIME_MINS (UNIQUEID, MINS_MIN, MINS_MAX, NR_SLOTS, BREAK_TIME)
values (214532, 631, 635, 152, 15);
insert into EXACT_TIME_MINS (UNIQUEID, MINS_MIN, MINS_MAX, NR_SLOTS, BREAK_TIME)
values (214533, 636, 640, 154, 15);
insert into EXACT_TIME_MINS (UNIQUEID, MINS_MIN, MINS_MAX, NR_SLOTS, BREAK_TIME)
values (214534, 641, 645, 155, 15);
insert into EXACT_TIME_MINS (UNIQUEID, MINS_MIN, MINS_MAX, NR_SLOTS, BREAK_TIME)
values (214535, 646, 650, 156, 10);
insert into EXACT_TIME_MINS (UNIQUEID, MINS_MIN, MINS_MAX, NR_SLOTS, BREAK_TIME)
values (214536, 651, 655, 157, 15);
insert into EXACT_TIME_MINS (UNIQUEID, MINS_MIN, MINS_MAX, NR_SLOTS, BREAK_TIME)
values (214537, 656, 660, 158, 15);
insert into EXACT_TIME_MINS (UNIQUEID, MINS_MIN, MINS_MAX, NR_SLOTS, BREAK_TIME)
values (214538, 661, 665, 160, 15);
insert into EXACT_TIME_MINS (UNIQUEID, MINS_MIN, MINS_MAX, NR_SLOTS, BREAK_TIME)
values (214539, 666, 670, 161, 15);
insert into EXACT_TIME_MINS (UNIQUEID, MINS_MIN, MINS_MAX, NR_SLOTS, BREAK_TIME)
values (214540, 671, 675, 162, 15);
insert into EXACT_TIME_MINS (UNIQUEID, MINS_MIN, MINS_MAX, NR_SLOTS, BREAK_TIME)
values (214541, 676, 680, 163, 15);
insert into EXACT_TIME_MINS (UNIQUEID, MINS_MIN, MINS_MAX, NR_SLOTS, BREAK_TIME)
values (214542, 681, 685, 164, 15);
insert into EXACT_TIME_MINS (UNIQUEID, MINS_MIN, MINS_MAX, NR_SLOTS, BREAK_TIME)
values (214543, 686, 690, 166, 15);
insert into EXACT_TIME_MINS (UNIQUEID, MINS_MIN, MINS_MAX, NR_SLOTS, BREAK_TIME)
values (214544, 691, 695, 167, 15);
insert into EXACT_TIME_MINS (UNIQUEID, MINS_MIN, MINS_MAX, NR_SLOTS, BREAK_TIME)
values (214545, 696, 700, 168, 10);
insert into EXACT_TIME_MINS (UNIQUEID, MINS_MIN, MINS_MAX, NR_SLOTS, BREAK_TIME)
values (214546, 701, 705, 169, 15);
insert into EXACT_TIME_MINS (UNIQUEID, MINS_MIN, MINS_MAX, NR_SLOTS, BREAK_TIME)
values (214547, 706, 710, 170, 15);
insert into EXACT_TIME_MINS (UNIQUEID, MINS_MIN, MINS_MAX, NR_SLOTS, BREAK_TIME)
values (214548, 711, 715, 172, 15);
insert into EXACT_TIME_MINS (UNIQUEID, MINS_MIN, MINS_MAX, NR_SLOTS, BREAK_TIME)
values (214549, 716, 720, 173, 15);
commit;
prompt 145 records loaded
prompt Loading EXTERNAL_BUILDING...
prompt Table is empty
prompt Loading EXTERNAL_ROOM...
prompt Table is empty
prompt Loading EXTERNAL_ROOM_DEPARTMENT...
prompt Table is empty
prompt Loading EXTERNAL_ROOM_FEATURE...
prompt Table is empty
prompt Loading HISTORY...
prompt Table is empty
prompt Loading INDIVIDUAL_RESERVATION...
prompt Table is empty
prompt Loading JENRL...
prompt Table is empty
prompt Loading LASTLIKE_COURSE_DEMAND...
insert into LASTLIKE_COURSE_DEMAND (UNIQUEID, STUDENT_ID, SUBJECT_AREA_ID, COURSE_NBR, PRIORITY, COURSE_PERM_ID)
values (224760, 223384, 767, '101', 1, '-1');
insert into LASTLIKE_COURSE_DEMAND (UNIQUEID, STUDENT_ID, SUBJECT_AREA_ID, COURSE_NBR, PRIORITY, COURSE_PERM_ID)
values (224761, 223384, 775, '101', 2, '-1');
insert into LASTLIKE_COURSE_DEMAND (UNIQUEID, STUDENT_ID, SUBJECT_AREA_ID, COURSE_NBR, PRIORITY, COURSE_PERM_ID)
values (224762, 223384, 766, '101', 3, '-1');
insert into LASTLIKE_COURSE_DEMAND (UNIQUEID, STUDENT_ID, SUBJECT_AREA_ID, COURSE_NBR, PRIORITY, COURSE_PERM_ID)
values (224763, 223384, 777, '101', 4, '-1');
insert into LASTLIKE_COURSE_DEMAND (UNIQUEID, STUDENT_ID, SUBJECT_AREA_ID, COURSE_NBR, PRIORITY, COURSE_PERM_ID)
values (224764, 223384, 761, '101', 0, '-1');
insert into LASTLIKE_COURSE_DEMAND (UNIQUEID, STUDENT_ID, SUBJECT_AREA_ID, COURSE_NBR, PRIORITY, COURSE_PERM_ID)
values (224765, 223385, 761, '101', 0, '-1');
insert into LASTLIKE_COURSE_DEMAND (UNIQUEID, STUDENT_ID, SUBJECT_AREA_ID, COURSE_NBR, PRIORITY, COURSE_PERM_ID)
values (224766, 223385, 767, '101', 1, '-1');
insert into LASTLIKE_COURSE_DEMAND (UNIQUEID, STUDENT_ID, SUBJECT_AREA_ID, COURSE_NBR, PRIORITY, COURSE_PERM_ID)
values (224767, 223385, 775, '101', 2, '-1');
insert into LASTLIKE_COURSE_DEMAND (UNIQUEID, STUDENT_ID, SUBJECT_AREA_ID, COURSE_NBR, PRIORITY, COURSE_PERM_ID)
values (224768, 223385, 766, '101', 3, '-1');
insert into LASTLIKE_COURSE_DEMAND (UNIQUEID, STUDENT_ID, SUBJECT_AREA_ID, COURSE_NBR, PRIORITY, COURSE_PERM_ID)
values (224769, 223385, 769, '101', 4, '-1');
insert into LASTLIKE_COURSE_DEMAND (UNIQUEID, STUDENT_ID, SUBJECT_AREA_ID, COURSE_NBR, PRIORITY, COURSE_PERM_ID)
values (224770, 223386, 768, '101', 1, '-1');
insert into LASTLIKE_COURSE_DEMAND (UNIQUEID, STUDENT_ID, SUBJECT_AREA_ID, COURSE_NBR, PRIORITY, COURSE_PERM_ID)
values (224771, 223386, 775, '101', 2, '-1');
insert into LASTLIKE_COURSE_DEMAND (UNIQUEID, STUDENT_ID, SUBJECT_AREA_ID, COURSE_NBR, PRIORITY, COURSE_PERM_ID)
values (224772, 223386, 766, '101', 3, '-1');
insert into LASTLIKE_COURSE_DEMAND (UNIQUEID, STUDENT_ID, SUBJECT_AREA_ID, COURSE_NBR, PRIORITY, COURSE_PERM_ID)
values (224773, 223386, 763, '101', 4, '-1');
insert into LASTLIKE_COURSE_DEMAND (UNIQUEID, STUDENT_ID, SUBJECT_AREA_ID, COURSE_NBR, PRIORITY, COURSE_PERM_ID)
values (224774, 223386, 771, '101', 0, '-1');
insert into LASTLIKE_COURSE_DEMAND (UNIQUEID, STUDENT_ID, SUBJECT_AREA_ID, COURSE_NBR, PRIORITY, COURSE_PERM_ID)
values (224775, 223387, 762, '101', 1, '-1');
insert into LASTLIKE_COURSE_DEMAND (UNIQUEID, STUDENT_ID, SUBJECT_AREA_ID, COURSE_NBR, PRIORITY, COURSE_PERM_ID)
values (224776, 223387, 765, '101', 2, '-1');
insert into LASTLIKE_COURSE_DEMAND (UNIQUEID, STUDENT_ID, SUBJECT_AREA_ID, COURSE_NBR, PRIORITY, COURSE_PERM_ID)
values (224777, 223387, 771, '101', 3, '-1');
insert into LASTLIKE_COURSE_DEMAND (UNIQUEID, STUDENT_ID, SUBJECT_AREA_ID, COURSE_NBR, PRIORITY, COURSE_PERM_ID)
values (224778, 223387, 781, '101', 4, '-1');
insert into LASTLIKE_COURSE_DEMAND (UNIQUEID, STUDENT_ID, SUBJECT_AREA_ID, COURSE_NBR, PRIORITY, COURSE_PERM_ID)
values (224779, 223387, 768, '101', 5, '-1');
insert into LASTLIKE_COURSE_DEMAND (UNIQUEID, STUDENT_ID, SUBJECT_AREA_ID, COURSE_NBR, PRIORITY, COURSE_PERM_ID)
values (224780, 223388, 762, '101', 1, '-1');
insert into LASTLIKE_COURSE_DEMAND (UNIQUEID, STUDENT_ID, SUBJECT_AREA_ID, COURSE_NBR, PRIORITY, COURSE_PERM_ID)
values (224781, 223388, 765, '101', 2, '-1');
insert into LASTLIKE_COURSE_DEMAND (UNIQUEID, STUDENT_ID, SUBJECT_AREA_ID, COURSE_NBR, PRIORITY, COURSE_PERM_ID)
values (224782, 223388, 771, '101', 3, '-1');
insert into LASTLIKE_COURSE_DEMAND (UNIQUEID, STUDENT_ID, SUBJECT_AREA_ID, COURSE_NBR, PRIORITY, COURSE_PERM_ID)
values (224783, 223388, 781, '101', 4, '-1');
insert into LASTLIKE_COURSE_DEMAND (UNIQUEID, STUDENT_ID, SUBJECT_AREA_ID, COURSE_NBR, PRIORITY, COURSE_PERM_ID)
values (224784, 223388, 768, '101', 5, '-1');
insert into LASTLIKE_COURSE_DEMAND (UNIQUEID, STUDENT_ID, SUBJECT_AREA_ID, COURSE_NBR, PRIORITY, COURSE_PERM_ID)
values (224785, 223389, 762, '101', 1, '-1');
insert into LASTLIKE_COURSE_DEMAND (UNIQUEID, STUDENT_ID, SUBJECT_AREA_ID, COURSE_NBR, PRIORITY, COURSE_PERM_ID)
values (224786, 223389, 765, '101', 2, '-1');
insert into LASTLIKE_COURSE_DEMAND (UNIQUEID, STUDENT_ID, SUBJECT_AREA_ID, COURSE_NBR, PRIORITY, COURSE_PERM_ID)
values (224787, 223389, 771, '101', 3, '-1');
insert into LASTLIKE_COURSE_DEMAND (UNIQUEID, STUDENT_ID, SUBJECT_AREA_ID, COURSE_NBR, PRIORITY, COURSE_PERM_ID)
values (224788, 223389, 781, '101', 4, '-1');
insert into LASTLIKE_COURSE_DEMAND (UNIQUEID, STUDENT_ID, SUBJECT_AREA_ID, COURSE_NBR, PRIORITY, COURSE_PERM_ID)
values (224789, 223389, 768, '101', 5, '-1');
insert into LASTLIKE_COURSE_DEMAND (UNIQUEID, STUDENT_ID, SUBJECT_AREA_ID, COURSE_NBR, PRIORITY, COURSE_PERM_ID)
values (224790, 223390, 765, '101', 0, '-1');
insert into LASTLIKE_COURSE_DEMAND (UNIQUEID, STUDENT_ID, SUBJECT_AREA_ID, COURSE_NBR, PRIORITY, COURSE_PERM_ID)
values (224791, 223390, 773, '101', 1, '-1');
insert into LASTLIKE_COURSE_DEMAND (UNIQUEID, STUDENT_ID, SUBJECT_AREA_ID, COURSE_NBR, PRIORITY, COURSE_PERM_ID)
values (224792, 223390, 779, '101', 2, '-1');
insert into LASTLIKE_COURSE_DEMAND (UNIQUEID, STUDENT_ID, SUBJECT_AREA_ID, COURSE_NBR, PRIORITY, COURSE_PERM_ID)
values (224793, 223390, 771, '101', 3, '-1');
insert into LASTLIKE_COURSE_DEMAND (UNIQUEID, STUDENT_ID, SUBJECT_AREA_ID, COURSE_NBR, PRIORITY, COURSE_PERM_ID)
values (224794, 223390, 767, '101', 4, '-1');
insert into LASTLIKE_COURSE_DEMAND (UNIQUEID, STUDENT_ID, SUBJECT_AREA_ID, COURSE_NBR, PRIORITY, COURSE_PERM_ID)
values (224795, 223390, 764, '101', 5, '-1');
insert into LASTLIKE_COURSE_DEMAND (UNIQUEID, STUDENT_ID, SUBJECT_AREA_ID, COURSE_NBR, PRIORITY, COURSE_PERM_ID)
values (224796, 223391, 765, '101', 1, '-1');
insert into LASTLIKE_COURSE_DEMAND (UNIQUEID, STUDENT_ID, SUBJECT_AREA_ID, COURSE_NBR, PRIORITY, COURSE_PERM_ID)
values (224797, 223391, 762, '101', 2, '-1');
insert into LASTLIKE_COURSE_DEMAND (UNIQUEID, STUDENT_ID, SUBJECT_AREA_ID, COURSE_NBR, PRIORITY, COURSE_PERM_ID)
values (224798, 223391, 779, '101', 3, '-1');
insert into LASTLIKE_COURSE_DEMAND (UNIQUEID, STUDENT_ID, SUBJECT_AREA_ID, COURSE_NBR, PRIORITY, COURSE_PERM_ID)
values (224799, 223391, 771, '101', 4, '-1');
insert into LASTLIKE_COURSE_DEMAND (UNIQUEID, STUDENT_ID, SUBJECT_AREA_ID, COURSE_NBR, PRIORITY, COURSE_PERM_ID)
values (224800, 223391, 767, '101', 5, '-1');
insert into LASTLIKE_COURSE_DEMAND (UNIQUEID, STUDENT_ID, SUBJECT_AREA_ID, COURSE_NBR, PRIORITY, COURSE_PERM_ID)
values (224801, 223392, 765, '101', 1, '-1');
insert into LASTLIKE_COURSE_DEMAND (UNIQUEID, STUDENT_ID, SUBJECT_AREA_ID, COURSE_NBR, PRIORITY, COURSE_PERM_ID)
values (224802, 223392, 773, '101', 2, '-1');
insert into LASTLIKE_COURSE_DEMAND (UNIQUEID, STUDENT_ID, SUBJECT_AREA_ID, COURSE_NBR, PRIORITY, COURSE_PERM_ID)
values (224803, 223392, 779, '101', 3, '-1');
insert into LASTLIKE_COURSE_DEMAND (UNIQUEID, STUDENT_ID, SUBJECT_AREA_ID, COURSE_NBR, PRIORITY, COURSE_PERM_ID)
values (224804, 223392, 771, '101', 4, '-1');
insert into LASTLIKE_COURSE_DEMAND (UNIQUEID, STUDENT_ID, SUBJECT_AREA_ID, COURSE_NBR, PRIORITY, COURSE_PERM_ID)
values (224805, 223392, 768, '101', 5, '-1');
insert into LASTLIKE_COURSE_DEMAND (UNIQUEID, STUDENT_ID, SUBJECT_AREA_ID, COURSE_NBR, PRIORITY, COURSE_PERM_ID)
values (224806, 223393, 765, '101', 1, '-1');
insert into LASTLIKE_COURSE_DEMAND (UNIQUEID, STUDENT_ID, SUBJECT_AREA_ID, COURSE_NBR, PRIORITY, COURSE_PERM_ID)
values (224807, 223393, 773, '101', 2, '-1');
insert into LASTLIKE_COURSE_DEMAND (UNIQUEID, STUDENT_ID, SUBJECT_AREA_ID, COURSE_NBR, PRIORITY, COURSE_PERM_ID)
values (224808, 223393, 763, '101', 3, '-1');
insert into LASTLIKE_COURSE_DEMAND (UNIQUEID, STUDENT_ID, SUBJECT_AREA_ID, COURSE_NBR, PRIORITY, COURSE_PERM_ID)
values (224809, 223393, 771, '101', 4, '-1');
insert into LASTLIKE_COURSE_DEMAND (UNIQUEID, STUDENT_ID, SUBJECT_AREA_ID, COURSE_NBR, PRIORITY, COURSE_PERM_ID)
values (224810, 223393, 768, '101', 5, '-1');
insert into LASTLIKE_COURSE_DEMAND (UNIQUEID, STUDENT_ID, SUBJECT_AREA_ID, COURSE_NBR, PRIORITY, COURSE_PERM_ID)
values (224811, 223394, 762, '101', 1, '-1');
insert into LASTLIKE_COURSE_DEMAND (UNIQUEID, STUDENT_ID, SUBJECT_AREA_ID, COURSE_NBR, PRIORITY, COURSE_PERM_ID)
values (224812, 223394, 767, '101', 2, '-1');
insert into LASTLIKE_COURSE_DEMAND (UNIQUEID, STUDENT_ID, SUBJECT_AREA_ID, COURSE_NBR, PRIORITY, COURSE_PERM_ID)
values (224813, 223394, 774, '101', 3, '-1');
insert into LASTLIKE_COURSE_DEMAND (UNIQUEID, STUDENT_ID, SUBJECT_AREA_ID, COURSE_NBR, PRIORITY, COURSE_PERM_ID)
values (224814, 223394, 775, '101', 4, '-1');
insert into LASTLIKE_COURSE_DEMAND (UNIQUEID, STUDENT_ID, SUBJECT_AREA_ID, COURSE_NBR, PRIORITY, COURSE_PERM_ID)
values (224815, 223394, 778, '101', 5, '-1');
insert into LASTLIKE_COURSE_DEMAND (UNIQUEID, STUDENT_ID, SUBJECT_AREA_ID, COURSE_NBR, PRIORITY, COURSE_PERM_ID)
values (224816, 223395, 768, '101', 1, '-1');
insert into LASTLIKE_COURSE_DEMAND (UNIQUEID, STUDENT_ID, SUBJECT_AREA_ID, COURSE_NBR, PRIORITY, COURSE_PERM_ID)
values (224817, 223395, 769, '101', 2, '-1');
insert into LASTLIKE_COURSE_DEMAND (UNIQUEID, STUDENT_ID, SUBJECT_AREA_ID, COURSE_NBR, PRIORITY, COURSE_PERM_ID)
values (224818, 223395, 772, '101', 3, '-1');
insert into LASTLIKE_COURSE_DEMAND (UNIQUEID, STUDENT_ID, SUBJECT_AREA_ID, COURSE_NBR, PRIORITY, COURSE_PERM_ID)
values (224819, 223395, 770, '101', 4, '-1');
insert into LASTLIKE_COURSE_DEMAND (UNIQUEID, STUDENT_ID, SUBJECT_AREA_ID, COURSE_NBR, PRIORITY, COURSE_PERM_ID)
values (224820, 223395, 764, '101', 5, '-1');
insert into LASTLIKE_COURSE_DEMAND (UNIQUEID, STUDENT_ID, SUBJECT_AREA_ID, COURSE_NBR, PRIORITY, COURSE_PERM_ID)
values (224821, 223395, 767, '101', 0, '-1');
insert into LASTLIKE_COURSE_DEMAND (UNIQUEID, STUDENT_ID, SUBJECT_AREA_ID, COURSE_NBR, PRIORITY, COURSE_PERM_ID)
values (224822, 223396, 777, '101', 1, '-1');
insert into LASTLIKE_COURSE_DEMAND (UNIQUEID, STUDENT_ID, SUBJECT_AREA_ID, COURSE_NBR, PRIORITY, COURSE_PERM_ID)
values (224823, 223396, 770, '101', 2, '-1');
insert into LASTLIKE_COURSE_DEMAND (UNIQUEID, STUDENT_ID, SUBJECT_AREA_ID, COURSE_NBR, PRIORITY, COURSE_PERM_ID)
values (224824, 223396, 780, '101', 3, '-1');
insert into LASTLIKE_COURSE_DEMAND (UNIQUEID, STUDENT_ID, SUBJECT_AREA_ID, COURSE_NBR, PRIORITY, COURSE_PERM_ID)
values (224825, 223396, 772, '101', 4, '-1');
insert into LASTLIKE_COURSE_DEMAND (UNIQUEID, STUDENT_ID, SUBJECT_AREA_ID, COURSE_NBR, PRIORITY, COURSE_PERM_ID)
values (224826, 223396, 773, '101', 5, '-1');
insert into LASTLIKE_COURSE_DEMAND (UNIQUEID, STUDENT_ID, SUBJECT_AREA_ID, COURSE_NBR, PRIORITY, COURSE_PERM_ID)
values (224827, 223397, 762, '101', 1, '-1');
insert into LASTLIKE_COURSE_DEMAND (UNIQUEID, STUDENT_ID, SUBJECT_AREA_ID, COURSE_NBR, PRIORITY, COURSE_PERM_ID)
values (224828, 223397, 782, '101', 2, '-1');
insert into LASTLIKE_COURSE_DEMAND (UNIQUEID, STUDENT_ID, SUBJECT_AREA_ID, COURSE_NBR, PRIORITY, COURSE_PERM_ID)
values (224829, 223397, 765, '101', 3, '-1');
insert into LASTLIKE_COURSE_DEMAND (UNIQUEID, STUDENT_ID, SUBJECT_AREA_ID, COURSE_NBR, PRIORITY, COURSE_PERM_ID)
values (224830, 223397, 771, '101', 4, '-1');
insert into LASTLIKE_COURSE_DEMAND (UNIQUEID, STUDENT_ID, SUBJECT_AREA_ID, COURSE_NBR, PRIORITY, COURSE_PERM_ID)
values (224831, 223397, 768, '101', 5, '-1');
insert into LASTLIKE_COURSE_DEMAND (UNIQUEID, STUDENT_ID, SUBJECT_AREA_ID, COURSE_NBR, PRIORITY, COURSE_PERM_ID)
values (224832, 223398, 762, '101', 1, '-1');
insert into LASTLIKE_COURSE_DEMAND (UNIQUEID, STUDENT_ID, SUBJECT_AREA_ID, COURSE_NBR, PRIORITY, COURSE_PERM_ID)
values (224833, 223398, 782, '101', 2, '-1');
insert into LASTLIKE_COURSE_DEMAND (UNIQUEID, STUDENT_ID, SUBJECT_AREA_ID, COURSE_NBR, PRIORITY, COURSE_PERM_ID)
values (224834, 223398, 765, '101', 3, '-1');
insert into LASTLIKE_COURSE_DEMAND (UNIQUEID, STUDENT_ID, SUBJECT_AREA_ID, COURSE_NBR, PRIORITY, COURSE_PERM_ID)
values (224835, 223398, 771, '101', 4, '-1');
insert into LASTLIKE_COURSE_DEMAND (UNIQUEID, STUDENT_ID, SUBJECT_AREA_ID, COURSE_NBR, PRIORITY, COURSE_PERM_ID)
values (224836, 223398, 769, '101', 5, '-1');
insert into LASTLIKE_COURSE_DEMAND (UNIQUEID, STUDENT_ID, SUBJECT_AREA_ID, COURSE_NBR, PRIORITY, COURSE_PERM_ID)
values (224837, 223399, 762, '101', 1, '-1');
insert into LASTLIKE_COURSE_DEMAND (UNIQUEID, STUDENT_ID, SUBJECT_AREA_ID, COURSE_NBR, PRIORITY, COURSE_PERM_ID)
values (224838, 223399, 782, '101', 2, '-1');
insert into LASTLIKE_COURSE_DEMAND (UNIQUEID, STUDENT_ID, SUBJECT_AREA_ID, COURSE_NBR, PRIORITY, COURSE_PERM_ID)
values (224839, 223399, 765, '101', 3, '-1');
insert into LASTLIKE_COURSE_DEMAND (UNIQUEID, STUDENT_ID, SUBJECT_AREA_ID, COURSE_NBR, PRIORITY, COURSE_PERM_ID)
values (224840, 223399, 771, '101', 4, '-1');
insert into LASTLIKE_COURSE_DEMAND (UNIQUEID, STUDENT_ID, SUBJECT_AREA_ID, COURSE_NBR, PRIORITY, COURSE_PERM_ID)
values (224841, 223399, 778, '101', 5, '-1');
insert into LASTLIKE_COURSE_DEMAND (UNIQUEID, STUDENT_ID, SUBJECT_AREA_ID, COURSE_NBR, PRIORITY, COURSE_PERM_ID)
values (224842, 223400, 774, '101', 0, '-1');
insert into LASTLIKE_COURSE_DEMAND (UNIQUEID, STUDENT_ID, SUBJECT_AREA_ID, COURSE_NBR, PRIORITY, COURSE_PERM_ID)
values (224843, 223400, 762, '101', 1, '-1');
insert into LASTLIKE_COURSE_DEMAND (UNIQUEID, STUDENT_ID, SUBJECT_AREA_ID, COURSE_NBR, PRIORITY, COURSE_PERM_ID)
values (224844, 223400, 765, '101', 2, '-1');
insert into LASTLIKE_COURSE_DEMAND (UNIQUEID, STUDENT_ID, SUBJECT_AREA_ID, COURSE_NBR, PRIORITY, COURSE_PERM_ID)
values (224845, 223400, 768, '101', 3, '-1');
insert into LASTLIKE_COURSE_DEMAND (UNIQUEID, STUDENT_ID, SUBJECT_AREA_ID, COURSE_NBR, PRIORITY, COURSE_PERM_ID)
values (224846, 223400, 778, '101', 4, '-1');
insert into LASTLIKE_COURSE_DEMAND (UNIQUEID, STUDENT_ID, SUBJECT_AREA_ID, COURSE_NBR, PRIORITY, COURSE_PERM_ID)
values (224847, 223401, 770, '101', 1, '-1');
insert into LASTLIKE_COURSE_DEMAND (UNIQUEID, STUDENT_ID, SUBJECT_AREA_ID, COURSE_NBR, PRIORITY, COURSE_PERM_ID)
values (224848, 223401, 762, '101', 2, '-1');
insert into LASTLIKE_COURSE_DEMAND (UNIQUEID, STUDENT_ID, SUBJECT_AREA_ID, COURSE_NBR, PRIORITY, COURSE_PERM_ID)
values (224849, 223401, 765, '101', 3, '-1');
insert into LASTLIKE_COURSE_DEMAND (UNIQUEID, STUDENT_ID, SUBJECT_AREA_ID, COURSE_NBR, PRIORITY, COURSE_PERM_ID)
values (224850, 223401, 768, '101', 4, '-1');
insert into LASTLIKE_COURSE_DEMAND (UNIQUEID, STUDENT_ID, SUBJECT_AREA_ID, COURSE_NBR, PRIORITY, COURSE_PERM_ID)
values (224851, 223401, 769, '101', 5, '-1');
insert into LASTLIKE_COURSE_DEMAND (UNIQUEID, STUDENT_ID, SUBJECT_AREA_ID, COURSE_NBR, PRIORITY, COURSE_PERM_ID)
values (224852, 223402, 763, '101', 1, '-1');
insert into LASTLIKE_COURSE_DEMAND (UNIQUEID, STUDENT_ID, SUBJECT_AREA_ID, COURSE_NBR, PRIORITY, COURSE_PERM_ID)
values (224853, 223402, 773, '101', 2, '-1');
insert into LASTLIKE_COURSE_DEMAND (UNIQUEID, STUDENT_ID, SUBJECT_AREA_ID, COURSE_NBR, PRIORITY, COURSE_PERM_ID)
values (224854, 223402, 771, '101', 3, '-1');
insert into LASTLIKE_COURSE_DEMAND (UNIQUEID, STUDENT_ID, SUBJECT_AREA_ID, COURSE_NBR, PRIORITY, COURSE_PERM_ID)
values (224855, 223402, 767, '101', 4, '-1');
insert into LASTLIKE_COURSE_DEMAND (UNIQUEID, STUDENT_ID, SUBJECT_AREA_ID, COURSE_NBR, PRIORITY, COURSE_PERM_ID)
values (224856, 223402, 774, '101', 5, '-1');
insert into LASTLIKE_COURSE_DEMAND (UNIQUEID, STUDENT_ID, SUBJECT_AREA_ID, COURSE_NBR, PRIORITY, COURSE_PERM_ID)
values (224857, 224240, 777, '101', 0, '-1');
insert into LASTLIKE_COURSE_DEMAND (UNIQUEID, STUDENT_ID, SUBJECT_AREA_ID, COURSE_NBR, PRIORITY, COURSE_PERM_ID)
values (224858, 224240, 762, '101', 1, '-1');
insert into LASTLIKE_COURSE_DEMAND (UNIQUEID, STUDENT_ID, SUBJECT_AREA_ID, COURSE_NBR, PRIORITY, COURSE_PERM_ID)
values (224859, 224240, 770, '101', 2, '-1');
commit;
prompt 100 records committed...
insert into LASTLIKE_COURSE_DEMAND (UNIQUEID, STUDENT_ID, SUBJECT_AREA_ID, COURSE_NBR, PRIORITY, COURSE_PERM_ID)
values (224860, 224240, 767, '101', 3, '-1');
insert into LASTLIKE_COURSE_DEMAND (UNIQUEID, STUDENT_ID, SUBJECT_AREA_ID, COURSE_NBR, PRIORITY, COURSE_PERM_ID)
values (224861, 224240, 778, '101', 4, '-1');
insert into LASTLIKE_COURSE_DEMAND (UNIQUEID, STUDENT_ID, SUBJECT_AREA_ID, COURSE_NBR, PRIORITY, COURSE_PERM_ID)
values (224862, 224240, 764, '101', 5, '-1');
insert into LASTLIKE_COURSE_DEMAND (UNIQUEID, STUDENT_ID, SUBJECT_AREA_ID, COURSE_NBR, PRIORITY, COURSE_PERM_ID)
values (224863, 224241, 774, '101', 0, '-1');
insert into LASTLIKE_COURSE_DEMAND (UNIQUEID, STUDENT_ID, SUBJECT_AREA_ID, COURSE_NBR, PRIORITY, COURSE_PERM_ID)
values (224864, 224241, 766, '101', 1, '-1');
insert into LASTLIKE_COURSE_DEMAND (UNIQUEID, STUDENT_ID, SUBJECT_AREA_ID, COURSE_NBR, PRIORITY, COURSE_PERM_ID)
values (224865, 224241, 763, '101', 2, '-1');
insert into LASTLIKE_COURSE_DEMAND (UNIQUEID, STUDENT_ID, SUBJECT_AREA_ID, COURSE_NBR, PRIORITY, COURSE_PERM_ID)
values (224866, 224241, 767, '101', 3, '-1');
insert into LASTLIKE_COURSE_DEMAND (UNIQUEID, STUDENT_ID, SUBJECT_AREA_ID, COURSE_NBR, PRIORITY, COURSE_PERM_ID)
values (224867, 224241, 777, '101', 4, '-1');
insert into LASTLIKE_COURSE_DEMAND (UNIQUEID, STUDENT_ID, SUBJECT_AREA_ID, COURSE_NBR, PRIORITY, COURSE_PERM_ID)
values (224868, 224241, 764, '101', 5, '-1');
commit;
prompt 109 records loaded
prompt Loading SETTINGS...
insert into SETTINGS (UNIQUEID, NAME, DEFAULT_VALUE, ALLOWED_VALUES, DESCRIPTION)
values (148, 'roomFeaturesInOneColumn', 'yes', 'yes,no', 'Display Room Features In One Column');
insert into SETTINGS (UNIQUEID, NAME, DEFAULT_VALUE, ALLOWED_VALUES, DESCRIPTION)
values (88, 'jsConfirm', 'yes', 'yes,no', 'Display confirmation dialogs');
insert into SETTINGS (UNIQUEID, NAME, DEFAULT_VALUE, ALLOWED_VALUES, DESCRIPTION)
values (85, 'name', 'last-initial', 'last-first,first-last,initial-last,last-initial,first-middle-last,short', 'Instructor name display format');
insert into SETTINGS (UNIQUEID, NAME, DEFAULT_VALUE, ALLOWED_VALUES, DESCRIPTION)
values (42, 'timeGrid', 'vertical', 'horizontal,vertical,text', 'Time grid display format');
insert into SETTINGS (UNIQUEID, NAME, DEFAULT_VALUE, ALLOWED_VALUES, DESCRIPTION)
values (86, 'cfgAutoCalc', 'yes', 'yes,no', 'Automatically calculate number of classes and room size when editing configuration');
insert into SETTINGS (UNIQUEID, NAME, DEFAULT_VALUE, ALLOWED_VALUES, DESCRIPTION)
values (87, 'timeGridSize', 'Workdays x Daytime', 'Workdays x Daytime,All Week x Daytime,Workdays x Evening,All Week x Evening,All Week x All Times', 'Time grid default selection');
insert into SETTINGS (UNIQUEID, NAME, DEFAULT_VALUE, ALLOWED_VALUES, DESCRIPTION)
values (89, 'inheritInstrPref', 'never', 'ask,always,never', 'Inherit instructor preferences on a class');
insert into SETTINGS (UNIQUEID, NAME, DEFAULT_VALUE, ALLOWED_VALUES, DESCRIPTION)
values (108, 'showVarLimits', 'no', 'yes,no', 'Show the option to set variable class limits');
insert into SETTINGS (UNIQUEID, NAME, DEFAULT_VALUE, ALLOWED_VALUES, DESCRIPTION)
values (128, 'keepSort', 'no', 'yes,no', 'Sort classes on detail pages');
commit;
prompt 9 records loaded
prompt Loading MANAGER_SETTINGS...
prompt Table is empty
prompt Loading NON_UNIVERSITY_LOCATION...
prompt Table is empty
prompt Loading OFFR_GROUP...
prompt Table is empty
prompt Loading OFFR_GROUP_OFFERING...
prompt Table is empty
prompt Loading POSITION_CODE_TO_TYPE...
insert into POSITION_CODE_TO_TYPE (POSITION_CODE, POS_CODE_TYPE)
values ('2271F', 9);
insert into POSITION_CODE_TO_TYPE (POSITION_CODE, POS_CODE_TYPE)
values ('2266F', 7);
insert into POSITION_CODE_TO_TYPE (POSITION_CODE, POS_CODE_TYPE)
values ('2212F', 8);
insert into POSITION_CODE_TO_TYPE (POSITION_CODE, POS_CODE_TYPE)
values ('2283F', 9);
insert into POSITION_CODE_TO_TYPE (POSITION_CODE, POS_CODE_TYPE)
values ('2293F', 9);
insert into POSITION_CODE_TO_TYPE (POSITION_CODE, POS_CODE_TYPE)
values ('2201F', 10);
insert into POSITION_CODE_TO_TYPE (POSITION_CODE, POS_CODE_TYPE)
values ('2133S', 14);
insert into POSITION_CODE_TO_TYPE (POSITION_CODE, POS_CODE_TYPE)
values ('2135S', 14);
insert into POSITION_CODE_TO_TYPE (POSITION_CODE, POS_CODE_TYPE)
values ('2136S', 14);
insert into POSITION_CODE_TO_TYPE (POSITION_CODE, POS_CODE_TYPE)
values ('2138S', 14);
insert into POSITION_CODE_TO_TYPE (POSITION_CODE, POS_CODE_TYPE)
values ('2142S', 14);
insert into POSITION_CODE_TO_TYPE (POSITION_CODE, POS_CODE_TYPE)
values ('2143S', 14);
insert into POSITION_CODE_TO_TYPE (POSITION_CODE, POS_CODE_TYPE)
values ('2145S', 14);
insert into POSITION_CODE_TO_TYPE (POSITION_CODE, POS_CODE_TYPE)
values ('2150S', 14);
insert into POSITION_CODE_TO_TYPE (POSITION_CODE, POS_CODE_TYPE)
values ('2151S', 14);
insert into POSITION_CODE_TO_TYPE (POSITION_CODE, POS_CODE_TYPE)
values ('2152S', 14);
insert into POSITION_CODE_TO_TYPE (POSITION_CODE, POS_CODE_TYPE)
values ('2154S', 14);
insert into POSITION_CODE_TO_TYPE (POSITION_CODE, POS_CODE_TYPE)
values ('2155S', 14);
insert into POSITION_CODE_TO_TYPE (POSITION_CODE, POS_CODE_TYPE)
values ('2157S', 14);
insert into POSITION_CODE_TO_TYPE (POSITION_CODE, POS_CODE_TYPE)
values ('2161S', 14);
insert into POSITION_CODE_TO_TYPE (POSITION_CODE, POS_CODE_TYPE)
values ('2164S', 14);
insert into POSITION_CODE_TO_TYPE (POSITION_CODE, POS_CODE_TYPE)
values ('2166S', 14);
insert into POSITION_CODE_TO_TYPE (POSITION_CODE, POS_CODE_TYPE)
values ('2167S', 14);
insert into POSITION_CODE_TO_TYPE (POSITION_CODE, POS_CODE_TYPE)
values ('2168S', 14);
insert into POSITION_CODE_TO_TYPE (POSITION_CODE, POS_CODE_TYPE)
values ('2174S', 14);
insert into POSITION_CODE_TO_TYPE (POSITION_CODE, POS_CODE_TYPE)
values ('2181S', 14);
insert into POSITION_CODE_TO_TYPE (POSITION_CODE, POS_CODE_TYPE)
values ('2183S', 14);
insert into POSITION_CODE_TO_TYPE (POSITION_CODE, POS_CODE_TYPE)
values ('2184S', 14);
insert into POSITION_CODE_TO_TYPE (POSITION_CODE, POS_CODE_TYPE)
values ('2185S', 14);
insert into POSITION_CODE_TO_TYPE (POSITION_CODE, POS_CODE_TYPE)
values ('2196S', 14);
insert into POSITION_CODE_TO_TYPE (POSITION_CODE, POS_CODE_TYPE)
values ('2198S', 14);
insert into POSITION_CODE_TO_TYPE (POSITION_CODE, POS_CODE_TYPE)
values ('2199S', 14);
insert into POSITION_CODE_TO_TYPE (POSITION_CODE, POS_CODE_TYPE)
values ('2200S', 14);
insert into POSITION_CODE_TO_TYPE (POSITION_CODE, POS_CODE_TYPE)
values ('2201S', 14);
insert into POSITION_CODE_TO_TYPE (POSITION_CODE, POS_CODE_TYPE)
values ('2202S', 14);
insert into POSITION_CODE_TO_TYPE (POSITION_CODE, POS_CODE_TYPE)
values ('2204S', 14);
insert into POSITION_CODE_TO_TYPE (POSITION_CODE, POS_CODE_TYPE)
values ('2205S', 14);
insert into POSITION_CODE_TO_TYPE (POSITION_CODE, POS_CODE_TYPE)
values ('2206S', 14);
insert into POSITION_CODE_TO_TYPE (POSITION_CODE, POS_CODE_TYPE)
values ('2207S', 14);
insert into POSITION_CODE_TO_TYPE (POSITION_CODE, POS_CODE_TYPE)
values ('2208S', 14);
insert into POSITION_CODE_TO_TYPE (POSITION_CODE, POS_CODE_TYPE)
values ('2212S', 14);
insert into POSITION_CODE_TO_TYPE (POSITION_CODE, POS_CODE_TYPE)
values ('2223S', 14);
insert into POSITION_CODE_TO_TYPE (POSITION_CODE, POS_CODE_TYPE)
values ('2224S', 14);
insert into POSITION_CODE_TO_TYPE (POSITION_CODE, POS_CODE_TYPE)
values ('2235S', 14);
insert into POSITION_CODE_TO_TYPE (POSITION_CODE, POS_CODE_TYPE)
values ('2245S', 14);
insert into POSITION_CODE_TO_TYPE (POSITION_CODE, POS_CODE_TYPE)
values ('2263S', 14);
insert into POSITION_CODE_TO_TYPE (POSITION_CODE, POS_CODE_TYPE)
values ('2341S', 14);
insert into POSITION_CODE_TO_TYPE (POSITION_CODE, POS_CODE_TYPE)
values ('2346S', 14);
insert into POSITION_CODE_TO_TYPE (POSITION_CODE, POS_CODE_TYPE)
values ('2357S', 14);
insert into POSITION_CODE_TO_TYPE (POSITION_CODE, POS_CODE_TYPE)
values ('2359S', 14);
insert into POSITION_CODE_TO_TYPE (POSITION_CODE, POS_CODE_TYPE)
values ('2406S', 14);
insert into POSITION_CODE_TO_TYPE (POSITION_CODE, POS_CODE_TYPE)
values ('2504S', 14);
insert into POSITION_CODE_TO_TYPE (POSITION_CODE, POS_CODE_TYPE)
values ('2505S', 14);
insert into POSITION_CODE_TO_TYPE (POSITION_CODE, POS_CODE_TYPE)
values ('2555S', 14);
insert into POSITION_CODE_TO_TYPE (POSITION_CODE, POS_CODE_TYPE)
values ('2556S', 14);
insert into POSITION_CODE_TO_TYPE (POSITION_CODE, POS_CODE_TYPE)
values ('2618S', 14);
insert into POSITION_CODE_TO_TYPE (POSITION_CODE, POS_CODE_TYPE)
values ('2627S', 14);
insert into POSITION_CODE_TO_TYPE (POSITION_CODE, POS_CODE_TYPE)
values ('2638S', 14);
insert into POSITION_CODE_TO_TYPE (POSITION_CODE, POS_CODE_TYPE)
values ('2648S', 14);
insert into POSITION_CODE_TO_TYPE (POSITION_CODE, POS_CODE_TYPE)
values ('2669S', 14);
insert into POSITION_CODE_TO_TYPE (POSITION_CODE, POS_CODE_TYPE)
values ('2702S', 14);
insert into POSITION_CODE_TO_TYPE (POSITION_CODE, POS_CODE_TYPE)
values ('2705S', 14);
insert into POSITION_CODE_TO_TYPE (POSITION_CODE, POS_CODE_TYPE)
values ('2816S', 14);
insert into POSITION_CODE_TO_TYPE (POSITION_CODE, POS_CODE_TYPE)
values ('2817S', 14);
insert into POSITION_CODE_TO_TYPE (POSITION_CODE, POS_CODE_TYPE)
values ('2907S', 14);
insert into POSITION_CODE_TO_TYPE (POSITION_CODE, POS_CODE_TYPE)
values ('2908S', 14);
insert into POSITION_CODE_TO_TYPE (POSITION_CODE, POS_CODE_TYPE)
values ('2939S', 14);
insert into POSITION_CODE_TO_TYPE (POSITION_CODE, POS_CODE_TYPE)
values ('3102S', 14);
insert into POSITION_CODE_TO_TYPE (POSITION_CODE, POS_CODE_TYPE)
values ('3104S', 14);
insert into POSITION_CODE_TO_TYPE (POSITION_CODE, POS_CODE_TYPE)
values ('3105S', 14);
insert into POSITION_CODE_TO_TYPE (POSITION_CODE, POS_CODE_TYPE)
values ('3106S', 14);
insert into POSITION_CODE_TO_TYPE (POSITION_CODE, POS_CODE_TYPE)
values ('3107S', 14);
insert into POSITION_CODE_TO_TYPE (POSITION_CODE, POS_CODE_TYPE)
values ('3201S', 14);
insert into POSITION_CODE_TO_TYPE (POSITION_CODE, POS_CODE_TYPE)
values ('3203S', 14);
insert into POSITION_CODE_TO_TYPE (POSITION_CODE, POS_CODE_TYPE)
values ('3204S', 14);
insert into POSITION_CODE_TO_TYPE (POSITION_CODE, POS_CODE_TYPE)
values ('3205S', 14);
insert into POSITION_CODE_TO_TYPE (POSITION_CODE, POS_CODE_TYPE)
values ('3206S', 14);
insert into POSITION_CODE_TO_TYPE (POSITION_CODE, POS_CODE_TYPE)
values ('3225S', 14);
insert into POSITION_CODE_TO_TYPE (POSITION_CODE, POS_CODE_TYPE)
values ('3241S', 14);
insert into POSITION_CODE_TO_TYPE (POSITION_CODE, POS_CODE_TYPE)
values ('3304S', 14);
insert into POSITION_CODE_TO_TYPE (POSITION_CODE, POS_CODE_TYPE)
values ('3306S', 14);
insert into POSITION_CODE_TO_TYPE (POSITION_CODE, POS_CODE_TYPE)
values ('3507S', 14);
insert into POSITION_CODE_TO_TYPE (POSITION_CODE, POS_CODE_TYPE)
values ('3509S', 14);
insert into POSITION_CODE_TO_TYPE (POSITION_CODE, POS_CODE_TYPE)
values ('4105S', 14);
insert into POSITION_CODE_TO_TYPE (POSITION_CODE, POS_CODE_TYPE)
values ('4106S', 14);
insert into POSITION_CODE_TO_TYPE (POSITION_CODE, POS_CODE_TYPE)
values ('4256S', 14);
insert into POSITION_CODE_TO_TYPE (POSITION_CODE, POS_CODE_TYPE)
values ('4267S', 14);
insert into POSITION_CODE_TO_TYPE (POSITION_CODE, POS_CODE_TYPE)
values ('4277S', 14);
insert into POSITION_CODE_TO_TYPE (POSITION_CODE, POS_CODE_TYPE)
values ('4278S', 14);
insert into POSITION_CODE_TO_TYPE (POSITION_CODE, POS_CODE_TYPE)
values ('4289S', 14);
insert into POSITION_CODE_TO_TYPE (POSITION_CODE, POS_CODE_TYPE)
values ('4298S', 14);
insert into POSITION_CODE_TO_TYPE (POSITION_CODE, POS_CODE_TYPE)
values ('4309S', 14);
insert into POSITION_CODE_TO_TYPE (POSITION_CODE, POS_CODE_TYPE)
values ('4408S', 14);
insert into POSITION_CODE_TO_TYPE (POSITION_CODE, POS_CODE_TYPE)
values ('4409S', 14);
insert into POSITION_CODE_TO_TYPE (POSITION_CODE, POS_CODE_TYPE)
values ('4456S', 14);
insert into POSITION_CODE_TO_TYPE (POSITION_CODE, POS_CODE_TYPE)
values ('4457S', 14);
insert into POSITION_CODE_TO_TYPE (POSITION_CODE, POS_CODE_TYPE)
values ('4459S', 14);
insert into POSITION_CODE_TO_TYPE (POSITION_CODE, POS_CODE_TYPE)
values ('4509S', 14);
insert into POSITION_CODE_TO_TYPE (POSITION_CODE, POS_CODE_TYPE)
values ('4726S', 14);
insert into POSITION_CODE_TO_TYPE (POSITION_CODE, POS_CODE_TYPE)
values ('4727S', 14);
commit;
prompt 100 records committed...
insert into POSITION_CODE_TO_TYPE (POSITION_CODE, POS_CODE_TYPE)
values ('4728S', 14);
insert into POSITION_CODE_TO_TYPE (POSITION_CODE, POS_CODE_TYPE)
values ('5006S', 14);
insert into POSITION_CODE_TO_TYPE (POSITION_CODE, POS_CODE_TYPE)
values ('5013S', 14);
insert into POSITION_CODE_TO_TYPE (POSITION_CODE, POS_CODE_TYPE)
values ('5014S', 14);
insert into POSITION_CODE_TO_TYPE (POSITION_CODE, POS_CODE_TYPE)
values ('5015S', 14);
insert into POSITION_CODE_TO_TYPE (POSITION_CODE, POS_CODE_TYPE)
values ('5016S', 14);
insert into POSITION_CODE_TO_TYPE (POSITION_CODE, POS_CODE_TYPE)
values ('5023S', 14);
insert into POSITION_CODE_TO_TYPE (POSITION_CODE, POS_CODE_TYPE)
values ('5024S', 14);
insert into POSITION_CODE_TO_TYPE (POSITION_CODE, POS_CODE_TYPE)
values ('5025S', 14);
insert into POSITION_CODE_TO_TYPE (POSITION_CODE, POS_CODE_TYPE)
values ('5026S', 14);
insert into POSITION_CODE_TO_TYPE (POSITION_CODE, POS_CODE_TYPE)
values ('5034S', 14);
insert into POSITION_CODE_TO_TYPE (POSITION_CODE, POS_CODE_TYPE)
values ('5035S', 14);
insert into POSITION_CODE_TO_TYPE (POSITION_CODE, POS_CODE_TYPE)
values ('5036S', 14);
insert into POSITION_CODE_TO_TYPE (POSITION_CODE, POS_CODE_TYPE)
values ('5043S', 14);
insert into POSITION_CODE_TO_TYPE (POSITION_CODE, POS_CODE_TYPE)
values ('5044S', 14);
insert into POSITION_CODE_TO_TYPE (POSITION_CODE, POS_CODE_TYPE)
values ('5046S', 14);
insert into POSITION_CODE_TO_TYPE (POSITION_CODE, POS_CODE_TYPE)
values ('5315S', 14);
insert into POSITION_CODE_TO_TYPE (POSITION_CODE, POS_CODE_TYPE)
values ('5316S', 14);
insert into POSITION_CODE_TO_TYPE (POSITION_CODE, POS_CODE_TYPE)
values ('5325S', 14);
insert into POSITION_CODE_TO_TYPE (POSITION_CODE, POS_CODE_TYPE)
values ('5326S', 14);
insert into POSITION_CODE_TO_TYPE (POSITION_CODE, POS_CODE_TYPE)
values ('5336S', 14);
insert into POSITION_CODE_TO_TYPE (POSITION_CODE, POS_CODE_TYPE)
values ('5355S', 14);
insert into POSITION_CODE_TO_TYPE (POSITION_CODE, POS_CODE_TYPE)
values ('5413S', 14);
insert into POSITION_CODE_TO_TYPE (POSITION_CODE, POS_CODE_TYPE)
values ('5414S', 14);
insert into POSITION_CODE_TO_TYPE (POSITION_CODE, POS_CODE_TYPE)
values ('5416S', 14);
insert into POSITION_CODE_TO_TYPE (POSITION_CODE, POS_CODE_TYPE)
values ('5417S', 14);
insert into POSITION_CODE_TO_TYPE (POSITION_CODE, POS_CODE_TYPE)
values ('5418S', 14);
insert into POSITION_CODE_TO_TYPE (POSITION_CODE, POS_CODE_TYPE)
values ('5423S', 14);
insert into POSITION_CODE_TO_TYPE (POSITION_CODE, POS_CODE_TYPE)
values ('5424S', 14);
insert into POSITION_CODE_TO_TYPE (POSITION_CODE, POS_CODE_TYPE)
values ('5426S', 14);
insert into POSITION_CODE_TO_TYPE (POSITION_CODE, POS_CODE_TYPE)
values ('5427S', 14);
insert into POSITION_CODE_TO_TYPE (POSITION_CODE, POS_CODE_TYPE)
values ('5433S', 14);
insert into POSITION_CODE_TO_TYPE (POSITION_CODE, POS_CODE_TYPE)
values ('5434S', 14);
insert into POSITION_CODE_TO_TYPE (POSITION_CODE, POS_CODE_TYPE)
values ('5435S', 14);
insert into POSITION_CODE_TO_TYPE (POSITION_CODE, POS_CODE_TYPE)
values ('5437S', 14);
insert into POSITION_CODE_TO_TYPE (POSITION_CODE, POS_CODE_TYPE)
values ('5516S', 14);
insert into POSITION_CODE_TO_TYPE (POSITION_CODE, POS_CODE_TYPE)
values ('5517S', 14);
insert into POSITION_CODE_TO_TYPE (POSITION_CODE, POS_CODE_TYPE)
values ('5526S', 14);
insert into POSITION_CODE_TO_TYPE (POSITION_CODE, POS_CODE_TYPE)
values ('5536S', 14);
insert into POSITION_CODE_TO_TYPE (POSITION_CODE, POS_CODE_TYPE)
values ('5616S', 14);
insert into POSITION_CODE_TO_TYPE (POSITION_CODE, POS_CODE_TYPE)
values ('5626S', 14);
insert into POSITION_CODE_TO_TYPE (POSITION_CODE, POS_CODE_TYPE)
values ('5636S', 14);
insert into POSITION_CODE_TO_TYPE (POSITION_CODE, POS_CODE_TYPE)
values ('5706S', 14);
insert into POSITION_CODE_TO_TYPE (POSITION_CODE, POS_CODE_TYPE)
values ('7147S', 14);
insert into POSITION_CODE_TO_TYPE (POSITION_CODE, POS_CODE_TYPE)
values ('7148S', 14);
insert into POSITION_CODE_TO_TYPE (POSITION_CODE, POS_CODE_TYPE)
values ('7149S', 14);
insert into POSITION_CODE_TO_TYPE (POSITION_CODE, POS_CODE_TYPE)
values ('7155S', 14);
insert into POSITION_CODE_TO_TYPE (POSITION_CODE, POS_CODE_TYPE)
values ('7156S', 14);
insert into POSITION_CODE_TO_TYPE (POSITION_CODE, POS_CODE_TYPE)
values ('7165S', 14);
insert into POSITION_CODE_TO_TYPE (POSITION_CODE, POS_CODE_TYPE)
values ('7166S', 14);
insert into POSITION_CODE_TO_TYPE (POSITION_CODE, POS_CODE_TYPE)
values ('7167S', 14);
insert into POSITION_CODE_TO_TYPE (POSITION_CODE, POS_CODE_TYPE)
values ('7169S', 14);
insert into POSITION_CODE_TO_TYPE (POSITION_CODE, POS_CODE_TYPE)
values ('7175S', 14);
insert into POSITION_CODE_TO_TYPE (POSITION_CODE, POS_CODE_TYPE)
values ('7176S', 14);
insert into POSITION_CODE_TO_TYPE (POSITION_CODE, POS_CODE_TYPE)
values ('7177S', 14);
insert into POSITION_CODE_TO_TYPE (POSITION_CODE, POS_CODE_TYPE)
values ('7185S', 14);
insert into POSITION_CODE_TO_TYPE (POSITION_CODE, POS_CODE_TYPE)
values ('7186S', 14);
insert into POSITION_CODE_TO_TYPE (POSITION_CODE, POS_CODE_TYPE)
values ('7187S', 14);
insert into POSITION_CODE_TO_TYPE (POSITION_CODE, POS_CODE_TYPE)
values ('7197S', 14);
insert into POSITION_CODE_TO_TYPE (POSITION_CODE, POS_CODE_TYPE)
values ('7205S', 14);
insert into POSITION_CODE_TO_TYPE (POSITION_CODE, POS_CODE_TYPE)
values ('7207S', 14);
insert into POSITION_CODE_TO_TYPE (POSITION_CODE, POS_CODE_TYPE)
values ('7208S', 14);
insert into POSITION_CODE_TO_TYPE (POSITION_CODE, POS_CODE_TYPE)
values ('7214S', 14);
insert into POSITION_CODE_TO_TYPE (POSITION_CODE, POS_CODE_TYPE)
values ('7216S', 14);
insert into POSITION_CODE_TO_TYPE (POSITION_CODE, POS_CODE_TYPE)
values ('7235S', 14);
insert into POSITION_CODE_TO_TYPE (POSITION_CODE, POS_CODE_TYPE)
values ('7256S', 14);
insert into POSITION_CODE_TO_TYPE (POSITION_CODE, POS_CODE_TYPE)
values ('7316S', 14);
insert into POSITION_CODE_TO_TYPE (POSITION_CODE, POS_CODE_TYPE)
values ('7317S', 14);
insert into POSITION_CODE_TO_TYPE (POSITION_CODE, POS_CODE_TYPE)
values ('7318S', 14);
insert into POSITION_CODE_TO_TYPE (POSITION_CODE, POS_CODE_TYPE)
values ('7413S', 14);
insert into POSITION_CODE_TO_TYPE (POSITION_CODE, POS_CODE_TYPE)
values ('7414S', 14);
insert into POSITION_CODE_TO_TYPE (POSITION_CODE, POS_CODE_TYPE)
values ('7415S', 14);
insert into POSITION_CODE_TO_TYPE (POSITION_CODE, POS_CODE_TYPE)
values ('7416S', 14);
insert into POSITION_CODE_TO_TYPE (POSITION_CODE, POS_CODE_TYPE)
values ('7417S', 14);
insert into POSITION_CODE_TO_TYPE (POSITION_CODE, POS_CODE_TYPE)
values ('7454S', 14);
insert into POSITION_CODE_TO_TYPE (POSITION_CODE, POS_CODE_TYPE)
values ('7455S', 14);
insert into POSITION_CODE_TO_TYPE (POSITION_CODE, POS_CODE_TYPE)
values ('7456S', 14);
insert into POSITION_CODE_TO_TYPE (POSITION_CODE, POS_CODE_TYPE)
values ('7458S', 14);
insert into POSITION_CODE_TO_TYPE (POSITION_CODE, POS_CODE_TYPE)
values ('7466S', 14);
insert into POSITION_CODE_TO_TYPE (POSITION_CODE, POS_CODE_TYPE)
values ('7473S', 14);
insert into POSITION_CODE_TO_TYPE (POSITION_CODE, POS_CODE_TYPE)
values ('7474S', 14);
insert into POSITION_CODE_TO_TYPE (POSITION_CODE, POS_CODE_TYPE)
values ('7475S', 14);
insert into POSITION_CODE_TO_TYPE (POSITION_CODE, POS_CODE_TYPE)
values ('7476S', 14);
insert into POSITION_CODE_TO_TYPE (POSITION_CODE, POS_CODE_TYPE)
values ('7478S', 14);
insert into POSITION_CODE_TO_TYPE (POSITION_CODE, POS_CODE_TYPE)
values ('7544S', 14);
insert into POSITION_CODE_TO_TYPE (POSITION_CODE, POS_CODE_TYPE)
values ('7545S', 14);
insert into POSITION_CODE_TO_TYPE (POSITION_CODE, POS_CODE_TYPE)
values ('7546S', 14);
insert into POSITION_CODE_TO_TYPE (POSITION_CODE, POS_CODE_TYPE)
values ('7547S', 14);
insert into POSITION_CODE_TO_TYPE (POSITION_CODE, POS_CODE_TYPE)
values ('7558S', 14);
insert into POSITION_CODE_TO_TYPE (POSITION_CODE, POS_CODE_TYPE)
values ('7559S', 14);
insert into POSITION_CODE_TO_TYPE (POSITION_CODE, POS_CODE_TYPE)
values ('7564S', 14);
insert into POSITION_CODE_TO_TYPE (POSITION_CODE, POS_CODE_TYPE)
values ('7567S', 14);
insert into POSITION_CODE_TO_TYPE (POSITION_CODE, POS_CODE_TYPE)
values ('7577S', 14);
insert into POSITION_CODE_TO_TYPE (POSITION_CODE, POS_CODE_TYPE)
values ('7586S', 14);
insert into POSITION_CODE_TO_TYPE (POSITION_CODE, POS_CODE_TYPE)
values ('7587S', 14);
insert into POSITION_CODE_TO_TYPE (POSITION_CODE, POS_CODE_TYPE)
values ('7588S', 14);
insert into POSITION_CODE_TO_TYPE (POSITION_CODE, POS_CODE_TYPE)
values ('7596S', 14);
insert into POSITION_CODE_TO_TYPE (POSITION_CODE, POS_CODE_TYPE)
values ('7606S', 14);
insert into POSITION_CODE_TO_TYPE (POSITION_CODE, POS_CODE_TYPE)
values ('7607S', 14);
insert into POSITION_CODE_TO_TYPE (POSITION_CODE, POS_CODE_TYPE)
values ('7608S', 14);
commit;
prompt 200 records committed...
insert into POSITION_CODE_TO_TYPE (POSITION_CODE, POS_CODE_TYPE)
values ('7616S', 14);
insert into POSITION_CODE_TO_TYPE (POSITION_CODE, POS_CODE_TYPE)
values ('7617S', 14);
insert into POSITION_CODE_TO_TYPE (POSITION_CODE, POS_CODE_TYPE)
values ('7626S', 14);
insert into POSITION_CODE_TO_TYPE (POSITION_CODE, POS_CODE_TYPE)
values ('7627S', 14);
insert into POSITION_CODE_TO_TYPE (POSITION_CODE, POS_CODE_TYPE)
values ('7635S', 14);
insert into POSITION_CODE_TO_TYPE (POSITION_CODE, POS_CODE_TYPE)
values ('7636S', 14);
insert into POSITION_CODE_TO_TYPE (POSITION_CODE, POS_CODE_TYPE)
values ('7637S', 14);
insert into POSITION_CODE_TO_TYPE (POSITION_CODE, POS_CODE_TYPE)
values ('7645S', 14);
insert into POSITION_CODE_TO_TYPE (POSITION_CODE, POS_CODE_TYPE)
values ('7657S', 14);
insert into POSITION_CODE_TO_TYPE (POSITION_CODE, POS_CODE_TYPE)
values ('7675S', 14);
insert into POSITION_CODE_TO_TYPE (POSITION_CODE, POS_CODE_TYPE)
values ('7688S', 14);
insert into POSITION_CODE_TO_TYPE (POSITION_CODE, POS_CODE_TYPE)
values ('7698S', 14);
insert into POSITION_CODE_TO_TYPE (POSITION_CODE, POS_CODE_TYPE)
values ('7708S', 14);
insert into POSITION_CODE_TO_TYPE (POSITION_CODE, POS_CODE_TYPE)
values ('7709S', 14);
insert into POSITION_CODE_TO_TYPE (POSITION_CODE, POS_CODE_TYPE)
values ('7715S', 14);
insert into POSITION_CODE_TO_TYPE (POSITION_CODE, POS_CODE_TYPE)
values ('7716S', 14);
insert into POSITION_CODE_TO_TYPE (POSITION_CODE, POS_CODE_TYPE)
values ('7718S', 14);
insert into POSITION_CODE_TO_TYPE (POSITION_CODE, POS_CODE_TYPE)
values ('7719S', 14);
insert into POSITION_CODE_TO_TYPE (POSITION_CODE, POS_CODE_TYPE)
values ('7727S', 14);
insert into POSITION_CODE_TO_TYPE (POSITION_CODE, POS_CODE_TYPE)
values ('7737S', 14);
insert into POSITION_CODE_TO_TYPE (POSITION_CODE, POS_CODE_TYPE)
values ('7916S', 14);
insert into POSITION_CODE_TO_TYPE (POSITION_CODE, POS_CODE_TYPE)
values ('7918S', 14);
insert into POSITION_CODE_TO_TYPE (POSITION_CODE, POS_CODE_TYPE)
values ('7925S', 14);
insert into POSITION_CODE_TO_TYPE (POSITION_CODE, POS_CODE_TYPE)
values ('7926S', 14);
insert into POSITION_CODE_TO_TYPE (POSITION_CODE, POS_CODE_TYPE)
values ('7927S', 14);
insert into POSITION_CODE_TO_TYPE (POSITION_CODE, POS_CODE_TYPE)
values ('7929S', 14);
insert into POSITION_CODE_TO_TYPE (POSITION_CODE, POS_CODE_TYPE)
values ('7938S', 14);
insert into POSITION_CODE_TO_TYPE (POSITION_CODE, POS_CODE_TYPE)
values ('7939S', 14);
insert into POSITION_CODE_TO_TYPE (POSITION_CODE, POS_CODE_TYPE)
values ('8016S', 14);
insert into POSITION_CODE_TO_TYPE (POSITION_CODE, POS_CODE_TYPE)
values ('8017S', 14);
insert into POSITION_CODE_TO_TYPE (POSITION_CODE, POS_CODE_TYPE)
values ('8019S', 14);
insert into POSITION_CODE_TO_TYPE (POSITION_CODE, POS_CODE_TYPE)
values ('8026S', 14);
insert into POSITION_CODE_TO_TYPE (POSITION_CODE, POS_CODE_TYPE)
values ('8027S', 14);
insert into POSITION_CODE_TO_TYPE (POSITION_CODE, POS_CODE_TYPE)
values ('8028S', 14);
insert into POSITION_CODE_TO_TYPE (POSITION_CODE, POS_CODE_TYPE)
values ('8036S', 14);
insert into POSITION_CODE_TO_TYPE (POSITION_CODE, POS_CODE_TYPE)
values ('8038S', 14);
insert into POSITION_CODE_TO_TYPE (POSITION_CODE, POS_CODE_TYPE)
values ('8039S', 14);
insert into POSITION_CODE_TO_TYPE (POSITION_CODE, POS_CODE_TYPE)
values ('8046S', 14);
insert into POSITION_CODE_TO_TYPE (POSITION_CODE, POS_CODE_TYPE)
values ('8047S', 14);
insert into POSITION_CODE_TO_TYPE (POSITION_CODE, POS_CODE_TYPE)
values ('8057S', 14);
insert into POSITION_CODE_TO_TYPE (POSITION_CODE, POS_CODE_TYPE)
values ('8058S', 14);
insert into POSITION_CODE_TO_TYPE (POSITION_CODE, POS_CODE_TYPE)
values ('8066S', 14);
insert into POSITION_CODE_TO_TYPE (POSITION_CODE, POS_CODE_TYPE)
values ('8078S', 14);
insert into POSITION_CODE_TO_TYPE (POSITION_CODE, POS_CODE_TYPE)
values ('8079S', 14);
insert into POSITION_CODE_TO_TYPE (POSITION_CODE, POS_CODE_TYPE)
values ('8086S', 14);
insert into POSITION_CODE_TO_TYPE (POSITION_CODE, POS_CODE_TYPE)
values ('8087S', 14);
insert into POSITION_CODE_TO_TYPE (POSITION_CODE, POS_CODE_TYPE)
values ('8088S', 14);
insert into POSITION_CODE_TO_TYPE (POSITION_CODE, POS_CODE_TYPE)
values ('8089S', 14);
insert into POSITION_CODE_TO_TYPE (POSITION_CODE, POS_CODE_TYPE)
values ('8097S', 14);
insert into POSITION_CODE_TO_TYPE (POSITION_CODE, POS_CODE_TYPE)
values ('8099S', 14);
insert into POSITION_CODE_TO_TYPE (POSITION_CODE, POS_CODE_TYPE)
values ('8109S', 14);
insert into POSITION_CODE_TO_TYPE (POSITION_CODE, POS_CODE_TYPE)
values ('8116S', 14);
insert into POSITION_CODE_TO_TYPE (POSITION_CODE, POS_CODE_TYPE)
values ('2093S', 14);
insert into POSITION_CODE_TO_TYPE (POSITION_CODE, POS_CODE_TYPE)
values ('2102S', 14);
insert into POSITION_CODE_TO_TYPE (POSITION_CODE, POS_CODE_TYPE)
values ('2124S', 14);
insert into POSITION_CODE_TO_TYPE (POSITION_CODE, POS_CODE_TYPE)
values ('0005C', 13);
insert into POSITION_CODE_TO_TYPE (POSITION_CODE, POS_CODE_TYPE)
values ('0112C', 13);
insert into POSITION_CODE_TO_TYPE (POSITION_CODE, POS_CODE_TYPE)
values ('8139S', 14);
insert into POSITION_CODE_TO_TYPE (POSITION_CODE, POS_CODE_TYPE)
values ('8204S', 14);
insert into POSITION_CODE_TO_TYPE (POSITION_CODE, POS_CODE_TYPE)
values ('8268S', 14);
insert into POSITION_CODE_TO_TYPE (POSITION_CODE, POS_CODE_TYPE)
values ('2215S', 14);
insert into POSITION_CODE_TO_TYPE (POSITION_CODE, POS_CODE_TYPE)
values ('2252S', 14);
insert into POSITION_CODE_TO_TYPE (POSITION_CODE, POS_CODE_TYPE)
values ('2401S', 14);
insert into POSITION_CODE_TO_TYPE (POSITION_CODE, POS_CODE_TYPE)
values ('2617S', 14);
insert into POSITION_CODE_TO_TYPE (POSITION_CODE, POS_CODE_TYPE)
values ('0018F', 1);
insert into POSITION_CODE_TO_TYPE (POSITION_CODE, POS_CODE_TYPE)
values ('0118F', 1);
insert into POSITION_CODE_TO_TYPE (POSITION_CODE, POS_CODE_TYPE)
values ('0028F', 1);
insert into POSITION_CODE_TO_TYPE (POSITION_CODE, POS_CODE_TYPE)
values ('0128F', 1);
insert into POSITION_CODE_TO_TYPE (POSITION_CODE, POS_CODE_TYPE)
values ('2228F', 1);
insert into POSITION_CODE_TO_TYPE (POSITION_CODE, POS_CODE_TYPE)
values ('0006F', 1);
insert into POSITION_CODE_TO_TYPE (POSITION_CODE, POS_CODE_TYPE)
values ('0106F', 1);
insert into POSITION_CODE_TO_TYPE (POSITION_CODE, POS_CODE_TYPE)
values ('0206F', 1);
insert into POSITION_CODE_TO_TYPE (POSITION_CODE, POS_CODE_TYPE)
values ('2206F', 1);
insert into POSITION_CODE_TO_TYPE (POSITION_CODE, POS_CODE_TYPE)
values ('0005F', 2);
insert into POSITION_CODE_TO_TYPE (POSITION_CODE, POS_CODE_TYPE)
values ('0105F', 2);
insert into POSITION_CODE_TO_TYPE (POSITION_CODE, POS_CODE_TYPE)
values ('0205F', 2);
insert into POSITION_CODE_TO_TYPE (POSITION_CODE, POS_CODE_TYPE)
values ('2205F', 2);
insert into POSITION_CODE_TO_TYPE (POSITION_CODE, POS_CODE_TYPE)
values ('0004F', 3);
insert into POSITION_CODE_TO_TYPE (POSITION_CODE, POS_CODE_TYPE)
values ('0104F', 3);
insert into POSITION_CODE_TO_TYPE (POSITION_CODE, POS_CODE_TYPE)
values ('0204F', 3);
insert into POSITION_CODE_TO_TYPE (POSITION_CODE, POS_CODE_TYPE)
values ('2204F', 3);
insert into POSITION_CODE_TO_TYPE (POSITION_CODE, POS_CODE_TYPE)
values ('0003F', 4);
insert into POSITION_CODE_TO_TYPE (POSITION_CODE, POS_CODE_TYPE)
values ('0103F', 4);
insert into POSITION_CODE_TO_TYPE (POSITION_CODE, POS_CODE_TYPE)
values ('1103F', 4);
insert into POSITION_CODE_TO_TYPE (POSITION_CODE, POS_CODE_TYPE)
values ('2203F', 4);
insert into POSITION_CODE_TO_TYPE (POSITION_CODE, POS_CODE_TYPE)
values ('22T3F', 6);
insert into POSITION_CODE_TO_TYPE (POSITION_CODE, POS_CODE_TYPE)
values ('2263F', 7);
insert into POSITION_CODE_TO_TYPE (POSITION_CODE, POS_CODE_TYPE)
values ('0062G', 11);
insert into POSITION_CODE_TO_TYPE (POSITION_CODE, POS_CODE_TYPE)
values ('2262G', 11);
insert into POSITION_CODE_TO_TYPE (POSITION_CODE, POS_CODE_TYPE)
values ('0040A', 18);
insert into POSITION_CODE_TO_TYPE (POSITION_CODE, POS_CODE_TYPE)
values ('0070A', 18);
insert into POSITION_CODE_TO_TYPE (POSITION_CODE, POS_CODE_TYPE)
values ('0002Z', 15);
insert into POSITION_CODE_TO_TYPE (POSITION_CODE, POS_CODE_TYPE)
values ('0003Z', 15);
insert into POSITION_CODE_TO_TYPE (POSITION_CODE, POS_CODE_TYPE)
values ('0004Z', 15);
insert into POSITION_CODE_TO_TYPE (POSITION_CODE, POS_CODE_TYPE)
values ('0005Z', 15);
insert into POSITION_CODE_TO_TYPE (POSITION_CODE, POS_CODE_TYPE)
values ('0024Z', 15);
insert into POSITION_CODE_TO_TYPE (POSITION_CODE, POS_CODE_TYPE)
values ('0025Z', 15);
insert into POSITION_CODE_TO_TYPE (POSITION_CODE, POS_CODE_TYPE)
values ('0034Z', 15);
insert into POSITION_CODE_TO_TYPE (POSITION_CODE, POS_CODE_TYPE)
values ('9999Z', 15);
insert into POSITION_CODE_TO_TYPE (POSITION_CODE, POS_CODE_TYPE)
values ('0001F', 10);
commit;
prompt 300 records committed...
insert into POSITION_CODE_TO_TYPE (POSITION_CODE, POS_CODE_TYPE)
values ('0017F', 1);
insert into POSITION_CODE_TO_TYPE (POSITION_CODE, POS_CODE_TYPE)
values ('0027F', 1);
insert into POSITION_CODE_TO_TYPE (POSITION_CODE, POS_CODE_TYPE)
values ('0117F', 1);
insert into POSITION_CODE_TO_TYPE (POSITION_CODE, POS_CODE_TYPE)
values ('0127F', 1);
insert into POSITION_CODE_TO_TYPE (POSITION_CODE, POS_CODE_TYPE)
values ('9991F', 10);
insert into POSITION_CODE_TO_TYPE (POSITION_CODE, POS_CODE_TYPE)
values ('9999F', 10);
insert into POSITION_CODE_TO_TYPE (POSITION_CODE, POS_CODE_TYPE)
values ('2264F', 16);
insert into POSITION_CODE_TO_TYPE (POSITION_CODE, POS_CODE_TYPE)
values ('2208F', 17);
insert into POSITION_CODE_TO_TYPE (POSITION_CODE, POS_CODE_TYPE)
values ('1022C', 13);
insert into POSITION_CODE_TO_TYPE (POSITION_CODE, POS_CODE_TYPE)
values ('1023C', 13);
insert into POSITION_CODE_TO_TYPE (POSITION_CODE, POS_CODE_TYPE)
values ('1103C', 13);
insert into POSITION_CODE_TO_TYPE (POSITION_CODE, POS_CODE_TYPE)
values ('1111C', 13);
insert into POSITION_CODE_TO_TYPE (POSITION_CODE, POS_CODE_TYPE)
values ('2015C', 13);
insert into POSITION_CODE_TO_TYPE (POSITION_CODE, POS_CODE_TYPE)
values ('3013C', 13);
insert into POSITION_CODE_TO_TYPE (POSITION_CODE, POS_CODE_TYPE)
values ('3014C', 13);
insert into POSITION_CODE_TO_TYPE (POSITION_CODE, POS_CODE_TYPE)
values ('3015C', 13);
insert into POSITION_CODE_TO_TYPE (POSITION_CODE, POS_CODE_TYPE)
values ('4023C', 13);
insert into POSITION_CODE_TO_TYPE (POSITION_CODE, POS_CODE_TYPE)
values ('4024C', 13);
insert into POSITION_CODE_TO_TYPE (POSITION_CODE, POS_CODE_TYPE)
values ('4025C', 13);
insert into POSITION_CODE_TO_TYPE (POSITION_CODE, POS_CODE_TYPE)
values ('5005C', 13);
insert into POSITION_CODE_TO_TYPE (POSITION_CODE, POS_CODE_TYPE)
values ('5014C', 13);
insert into POSITION_CODE_TO_TYPE (POSITION_CODE, POS_CODE_TYPE)
values ('5023C', 13);
insert into POSITION_CODE_TO_TYPE (POSITION_CODE, POS_CODE_TYPE)
values ('5024C', 13);
insert into POSITION_CODE_TO_TYPE (POSITION_CODE, POS_CODE_TYPE)
values ('5025C', 13);
insert into POSITION_CODE_TO_TYPE (POSITION_CODE, POS_CODE_TYPE)
values ('5052C', 13);
insert into POSITION_CODE_TO_TYPE (POSITION_CODE, POS_CODE_TYPE)
values ('5053C', 13);
insert into POSITION_CODE_TO_TYPE (POSITION_CODE, POS_CODE_TYPE)
values ('5055C', 13);
insert into POSITION_CODE_TO_TYPE (POSITION_CODE, POS_CODE_TYPE)
values ('5082C', 13);
insert into POSITION_CODE_TO_TYPE (POSITION_CODE, POS_CODE_TYPE)
values ('9999C', 13);
insert into POSITION_CODE_TO_TYPE (POSITION_CODE, POS_CODE_TYPE)
values ('P000C', 13);
insert into POSITION_CODE_TO_TYPE (POSITION_CODE, POS_CODE_TYPE)
values ('P001C', 13);
insert into POSITION_CODE_TO_TYPE (POSITION_CODE, POS_CODE_TYPE)
values ('P003C', 13);
insert into POSITION_CODE_TO_TYPE (POSITION_CODE, POS_CODE_TYPE)
values ('P004C', 13);
insert into POSITION_CODE_TO_TYPE (POSITION_CODE, POS_CODE_TYPE)
values ('P005C', 13);
insert into POSITION_CODE_TO_TYPE (POSITION_CODE, POS_CODE_TYPE)
values ('P993C', 13);
insert into POSITION_CODE_TO_TYPE (POSITION_CODE, POS_CODE_TYPE)
values ('P994C', 13);
insert into POSITION_CODE_TO_TYPE (POSITION_CODE, POS_CODE_TYPE)
values ('S001C', 13);
insert into POSITION_CODE_TO_TYPE (POSITION_CODE, POS_CODE_TYPE)
values ('S002C', 13);
insert into POSITION_CODE_TO_TYPE (POSITION_CODE, POS_CODE_TYPE)
values ('S003C', 13);
insert into POSITION_CODE_TO_TYPE (POSITION_CODE, POS_CODE_TYPE)
values ('S004C', 13);
insert into POSITION_CODE_TO_TYPE (POSITION_CODE, POS_CODE_TYPE)
values ('S005C', 13);
insert into POSITION_CODE_TO_TYPE (POSITION_CODE, POS_CODE_TYPE)
values ('S007C', 13);
insert into POSITION_CODE_TO_TYPE (POSITION_CODE, POS_CODE_TYPE)
values ('T001C', 13);
insert into POSITION_CODE_TO_TYPE (POSITION_CODE, POS_CODE_TYPE)
values ('T002C', 13);
insert into POSITION_CODE_TO_TYPE (POSITION_CODE, POS_CODE_TYPE)
values ('T003C', 13);
insert into POSITION_CODE_TO_TYPE (POSITION_CODE, POS_CODE_TYPE)
values ('T004C', 13);
insert into POSITION_CODE_TO_TYPE (POSITION_CODE, POS_CODE_TYPE)
values ('0000S', 14);
insert into POSITION_CODE_TO_TYPE (POSITION_CODE, POS_CODE_TYPE)
values ('0004S', 14);
insert into POSITION_CODE_TO_TYPE (POSITION_CODE, POS_CODE_TYPE)
values ('0009S', 14);
insert into POSITION_CODE_TO_TYPE (POSITION_CODE, POS_CODE_TYPE)
values ('0213S', 14);
insert into POSITION_CODE_TO_TYPE (POSITION_CODE, POS_CODE_TYPE)
values ('0504S', 14);
insert into POSITION_CODE_TO_TYPE (POSITION_CODE, POS_CODE_TYPE)
values ('0505S', 14);
insert into POSITION_CODE_TO_TYPE (POSITION_CODE, POS_CODE_TYPE)
values ('0506S', 14);
insert into POSITION_CODE_TO_TYPE (POSITION_CODE, POS_CODE_TYPE)
values ('0507S', 14);
insert into POSITION_CODE_TO_TYPE (POSITION_CODE, POS_CODE_TYPE)
values ('0508S', 14);
insert into POSITION_CODE_TO_TYPE (POSITION_CODE, POS_CODE_TYPE)
values ('0514S', 14);
insert into POSITION_CODE_TO_TYPE (POSITION_CODE, POS_CODE_TYPE)
values ('0516S', 14);
insert into POSITION_CODE_TO_TYPE (POSITION_CODE, POS_CODE_TYPE)
values ('0517S', 14);
insert into POSITION_CODE_TO_TYPE (POSITION_CODE, POS_CODE_TYPE)
values ('0518S', 14);
insert into POSITION_CODE_TO_TYPE (POSITION_CODE, POS_CODE_TYPE)
values ('0623S', 14);
insert into POSITION_CODE_TO_TYPE (POSITION_CODE, POS_CODE_TYPE)
values ('0627S', 14);
insert into POSITION_CODE_TO_TYPE (POSITION_CODE, POS_CODE_TYPE)
values ('0635S', 14);
insert into POSITION_CODE_TO_TYPE (POSITION_CODE, POS_CODE_TYPE)
values ('0636S', 14);
insert into POSITION_CODE_TO_TYPE (POSITION_CODE, POS_CODE_TYPE)
values ('0637S', 14);
insert into POSITION_CODE_TO_TYPE (POSITION_CODE, POS_CODE_TYPE)
values ('0643S', 14);
insert into POSITION_CODE_TO_TYPE (POSITION_CODE, POS_CODE_TYPE)
values ('0644S', 14);
insert into POSITION_CODE_TO_TYPE (POSITION_CODE, POS_CODE_TYPE)
values ('0645S', 14);
insert into POSITION_CODE_TO_TYPE (POSITION_CODE, POS_CODE_TYPE)
values ('0646S', 14);
insert into POSITION_CODE_TO_TYPE (POSITION_CODE, POS_CODE_TYPE)
values ('0647S', 14);
insert into POSITION_CODE_TO_TYPE (POSITION_CODE, POS_CODE_TYPE)
values ('0651S', 14);
insert into POSITION_CODE_TO_TYPE (POSITION_CODE, POS_CODE_TYPE)
values ('0653S', 14);
insert into POSITION_CODE_TO_TYPE (POSITION_CODE, POS_CODE_TYPE)
values ('0655S', 14);
insert into POSITION_CODE_TO_TYPE (POSITION_CODE, POS_CODE_TYPE)
values ('1005S', 14);
insert into POSITION_CODE_TO_TYPE (POSITION_CODE, POS_CODE_TYPE)
values ('1006S', 14);
insert into POSITION_CODE_TO_TYPE (POSITION_CODE, POS_CODE_TYPE)
values ('1018S', 14);
insert into POSITION_CODE_TO_TYPE (POSITION_CODE, POS_CODE_TYPE)
values ('1019S', 14);
insert into POSITION_CODE_TO_TYPE (POSITION_CODE, POS_CODE_TYPE)
values ('1029S', 14);
insert into POSITION_CODE_TO_TYPE (POSITION_CODE, POS_CODE_TYPE)
values ('1039S', 14);
insert into POSITION_CODE_TO_TYPE (POSITION_CODE, POS_CODE_TYPE)
values ('1116S', 14);
insert into POSITION_CODE_TO_TYPE (POSITION_CODE, POS_CODE_TYPE)
values ('1117S', 14);
insert into POSITION_CODE_TO_TYPE (POSITION_CODE, POS_CODE_TYPE)
values ('1118S', 14);
insert into POSITION_CODE_TO_TYPE (POSITION_CODE, POS_CODE_TYPE)
values ('1119S', 14);
insert into POSITION_CODE_TO_TYPE (POSITION_CODE, POS_CODE_TYPE)
values ('1126S', 14);
insert into POSITION_CODE_TO_TYPE (POSITION_CODE, POS_CODE_TYPE)
values ('1128S', 14);
insert into POSITION_CODE_TO_TYPE (POSITION_CODE, POS_CODE_TYPE)
values ('1129S', 14);
insert into POSITION_CODE_TO_TYPE (POSITION_CODE, POS_CODE_TYPE)
values ('1134S', 14);
insert into POSITION_CODE_TO_TYPE (POSITION_CODE, POS_CODE_TYPE)
values ('1136S', 14);
insert into POSITION_CODE_TO_TYPE (POSITION_CODE, POS_CODE_TYPE)
values ('1137S', 14);
insert into POSITION_CODE_TO_TYPE (POSITION_CODE, POS_CODE_TYPE)
values ('1139S', 14);
insert into POSITION_CODE_TO_TYPE (POSITION_CODE, POS_CODE_TYPE)
values ('1146S', 14);
insert into POSITION_CODE_TO_TYPE (POSITION_CODE, POS_CODE_TYPE)
values ('1147S', 14);
insert into POSITION_CODE_TO_TYPE (POSITION_CODE, POS_CODE_TYPE)
values ('1148S', 14);
insert into POSITION_CODE_TO_TYPE (POSITION_CODE, POS_CODE_TYPE)
values ('1156S', 14);
insert into POSITION_CODE_TO_TYPE (POSITION_CODE, POS_CODE_TYPE)
values ('1157S', 14);
insert into POSITION_CODE_TO_TYPE (POSITION_CODE, POS_CODE_TYPE)
values ('1167S', 14);
insert into POSITION_CODE_TO_TYPE (POSITION_CODE, POS_CODE_TYPE)
values ('1168S', 14);
insert into POSITION_CODE_TO_TYPE (POSITION_CODE, POS_CODE_TYPE)
values ('1169S', 14);
insert into POSITION_CODE_TO_TYPE (POSITION_CODE, POS_CODE_TYPE)
values ('1177S', 14);
insert into POSITION_CODE_TO_TYPE (POSITION_CODE, POS_CODE_TYPE)
values ('1178S', 14);
insert into POSITION_CODE_TO_TYPE (POSITION_CODE, POS_CODE_TYPE)
values ('1179S', 14);
commit;
prompt 400 records committed...
insert into POSITION_CODE_TO_TYPE (POSITION_CODE, POS_CODE_TYPE)
values ('1186S', 14);
insert into POSITION_CODE_TO_TYPE (POSITION_CODE, POS_CODE_TYPE)
values ('1187S', 14);
insert into POSITION_CODE_TO_TYPE (POSITION_CODE, POS_CODE_TYPE)
values ('1189S', 14);
insert into POSITION_CODE_TO_TYPE (POSITION_CODE, POS_CODE_TYPE)
values ('1196S', 14);
insert into POSITION_CODE_TO_TYPE (POSITION_CODE, POS_CODE_TYPE)
values ('1197S', 14);
insert into POSITION_CODE_TO_TYPE (POSITION_CODE, POS_CODE_TYPE)
values ('1198S', 14);
insert into POSITION_CODE_TO_TYPE (POSITION_CODE, POS_CODE_TYPE)
values ('1207S', 14);
insert into POSITION_CODE_TO_TYPE (POSITION_CODE, POS_CODE_TYPE)
values ('1208S', 14);
insert into POSITION_CODE_TO_TYPE (POSITION_CODE, POS_CODE_TYPE)
values ('1209S', 14);
insert into POSITION_CODE_TO_TYPE (POSITION_CODE, POS_CODE_TYPE)
values ('1216S', 14);
insert into POSITION_CODE_TO_TYPE (POSITION_CODE, POS_CODE_TYPE)
values ('1217S', 14);
insert into POSITION_CODE_TO_TYPE (POSITION_CODE, POS_CODE_TYPE)
values ('1219S', 14);
insert into POSITION_CODE_TO_TYPE (POSITION_CODE, POS_CODE_TYPE)
values ('1226S', 14);
insert into POSITION_CODE_TO_TYPE (POSITION_CODE, POS_CODE_TYPE)
values ('1227S', 14);
insert into POSITION_CODE_TO_TYPE (POSITION_CODE, POS_CODE_TYPE)
values ('1228S', 14);
insert into POSITION_CODE_TO_TYPE (POSITION_CODE, POS_CODE_TYPE)
values ('1229S', 14);
insert into POSITION_CODE_TO_TYPE (POSITION_CODE, POS_CODE_TYPE)
values ('1235S', 14);
insert into POSITION_CODE_TO_TYPE (POSITION_CODE, POS_CODE_TYPE)
values ('1236S', 14);
insert into POSITION_CODE_TO_TYPE (POSITION_CODE, POS_CODE_TYPE)
values ('1237S', 14);
insert into POSITION_CODE_TO_TYPE (POSITION_CODE, POS_CODE_TYPE)
values ('1238S', 14);
insert into POSITION_CODE_TO_TYPE (POSITION_CODE, POS_CODE_TYPE)
values ('1246S', 14);
insert into POSITION_CODE_TO_TYPE (POSITION_CODE, POS_CODE_TYPE)
values ('1256S', 14);
insert into POSITION_CODE_TO_TYPE (POSITION_CODE, POS_CODE_TYPE)
values ('1257S', 14);
insert into POSITION_CODE_TO_TYPE (POSITION_CODE, POS_CODE_TYPE)
values ('1258S', 14);
insert into POSITION_CODE_TO_TYPE (POSITION_CODE, POS_CODE_TYPE)
values ('1259S', 14);
insert into POSITION_CODE_TO_TYPE (POSITION_CODE, POS_CODE_TYPE)
values ('1268S', 14);
insert into POSITION_CODE_TO_TYPE (POSITION_CODE, POS_CODE_TYPE)
values ('1269S', 14);
insert into POSITION_CODE_TO_TYPE (POSITION_CODE, POS_CODE_TYPE)
values ('1287S', 14);
insert into POSITION_CODE_TO_TYPE (POSITION_CODE, POS_CODE_TYPE)
values ('1288S', 14);
insert into POSITION_CODE_TO_TYPE (POSITION_CODE, POS_CODE_TYPE)
values ('1289S', 14);
insert into POSITION_CODE_TO_TYPE (POSITION_CODE, POS_CODE_TYPE)
values ('1297S', 14);
insert into POSITION_CODE_TO_TYPE (POSITION_CODE, POS_CODE_TYPE)
values ('1298S', 14);
insert into POSITION_CODE_TO_TYPE (POSITION_CODE, POS_CODE_TYPE)
values ('1299S', 14);
insert into POSITION_CODE_TO_TYPE (POSITION_CODE, POS_CODE_TYPE)
values ('1306S', 14);
insert into POSITION_CODE_TO_TYPE (POSITION_CODE, POS_CODE_TYPE)
values ('1308S', 14);
insert into POSITION_CODE_TO_TYPE (POSITION_CODE, POS_CODE_TYPE)
values ('1309S', 14);
insert into POSITION_CODE_TO_TYPE (POSITION_CODE, POS_CODE_TYPE)
values ('1316S', 14);
insert into POSITION_CODE_TO_TYPE (POSITION_CODE, POS_CODE_TYPE)
values ('1317S', 14);
insert into POSITION_CODE_TO_TYPE (POSITION_CODE, POS_CODE_TYPE)
values ('1318S', 14);
insert into POSITION_CODE_TO_TYPE (POSITION_CODE, POS_CODE_TYPE)
values ('1326S', 14);
insert into POSITION_CODE_TO_TYPE (POSITION_CODE, POS_CODE_TYPE)
values ('1327S', 14);
insert into POSITION_CODE_TO_TYPE (POSITION_CODE, POS_CODE_TYPE)
values ('1328S', 14);
insert into POSITION_CODE_TO_TYPE (POSITION_CODE, POS_CODE_TYPE)
values ('1329S', 14);
insert into POSITION_CODE_TO_TYPE (POSITION_CODE, POS_CODE_TYPE)
values ('1336S', 14);
insert into POSITION_CODE_TO_TYPE (POSITION_CODE, POS_CODE_TYPE)
values ('1338S', 14);
insert into POSITION_CODE_TO_TYPE (POSITION_CODE, POS_CODE_TYPE)
values ('1339S', 14);
insert into POSITION_CODE_TO_TYPE (POSITION_CODE, POS_CODE_TYPE)
values ('1347S', 14);
insert into POSITION_CODE_TO_TYPE (POSITION_CODE, POS_CODE_TYPE)
values ('1348S', 14);
insert into POSITION_CODE_TO_TYPE (POSITION_CODE, POS_CODE_TYPE)
values ('1356S', 14);
insert into POSITION_CODE_TO_TYPE (POSITION_CODE, POS_CODE_TYPE)
values ('1357S', 14);
insert into POSITION_CODE_TO_TYPE (POSITION_CODE, POS_CODE_TYPE)
values ('1358S', 14);
insert into POSITION_CODE_TO_TYPE (POSITION_CODE, POS_CODE_TYPE)
values ('1359S', 14);
insert into POSITION_CODE_TO_TYPE (POSITION_CODE, POS_CODE_TYPE)
values ('1365S', 14);
insert into POSITION_CODE_TO_TYPE (POSITION_CODE, POS_CODE_TYPE)
values ('1367S', 14);
insert into POSITION_CODE_TO_TYPE (POSITION_CODE, POS_CODE_TYPE)
values ('1368S', 14);
insert into POSITION_CODE_TO_TYPE (POSITION_CODE, POS_CODE_TYPE)
values ('1369S', 14);
insert into POSITION_CODE_TO_TYPE (POSITION_CODE, POS_CODE_TYPE)
values ('1378S', 14);
insert into POSITION_CODE_TO_TYPE (POSITION_CODE, POS_CODE_TYPE)
values ('1379S', 14);
insert into POSITION_CODE_TO_TYPE (POSITION_CODE, POS_CODE_TYPE)
values ('1398S', 14);
insert into POSITION_CODE_TO_TYPE (POSITION_CODE, POS_CODE_TYPE)
values ('1406S', 14);
insert into POSITION_CODE_TO_TYPE (POSITION_CODE, POS_CODE_TYPE)
values ('1407S', 14);
insert into POSITION_CODE_TO_TYPE (POSITION_CODE, POS_CODE_TYPE)
values ('1408S', 14);
insert into POSITION_CODE_TO_TYPE (POSITION_CODE, POS_CODE_TYPE)
values ('1455S', 14);
insert into POSITION_CODE_TO_TYPE (POSITION_CODE, POS_CODE_TYPE)
values ('1457S', 14);
insert into POSITION_CODE_TO_TYPE (POSITION_CODE, POS_CODE_TYPE)
values ('1497S', 14);
insert into POSITION_CODE_TO_TYPE (POSITION_CODE, POS_CODE_TYPE)
values ('1498S', 14);
insert into POSITION_CODE_TO_TYPE (POSITION_CODE, POS_CODE_TYPE)
values ('1504S', 14);
insert into POSITION_CODE_TO_TYPE (POSITION_CODE, POS_CODE_TYPE)
values ('1506S', 14);
insert into POSITION_CODE_TO_TYPE (POSITION_CODE, POS_CODE_TYPE)
values ('1507S', 14);
insert into POSITION_CODE_TO_TYPE (POSITION_CODE, POS_CODE_TYPE)
values ('1508S', 14);
insert into POSITION_CODE_TO_TYPE (POSITION_CODE, POS_CODE_TYPE)
values ('1523S', 14);
insert into POSITION_CODE_TO_TYPE (POSITION_CODE, POS_CODE_TYPE)
values ('1524S', 14);
insert into POSITION_CODE_TO_TYPE (POSITION_CODE, POS_CODE_TYPE)
values ('1526S', 14);
insert into POSITION_CODE_TO_TYPE (POSITION_CODE, POS_CODE_TYPE)
values ('1527S', 14);
insert into POSITION_CODE_TO_TYPE (POSITION_CODE, POS_CODE_TYPE)
values ('1528S', 14);
insert into POSITION_CODE_TO_TYPE (POSITION_CODE, POS_CODE_TYPE)
values ('1529S', 14);
insert into POSITION_CODE_TO_TYPE (POSITION_CODE, POS_CODE_TYPE)
values ('1546S', 14);
insert into POSITION_CODE_TO_TYPE (POSITION_CODE, POS_CODE_TYPE)
values ('1547S', 14);
insert into POSITION_CODE_TO_TYPE (POSITION_CODE, POS_CODE_TYPE)
values ('1548S', 14);
insert into POSITION_CODE_TO_TYPE (POSITION_CODE, POS_CODE_TYPE)
values ('1549S', 14);
insert into POSITION_CODE_TO_TYPE (POSITION_CODE, POS_CODE_TYPE)
values ('1595S', 14);
insert into POSITION_CODE_TO_TYPE (POSITION_CODE, POS_CODE_TYPE)
values ('1597S', 14);
insert into POSITION_CODE_TO_TYPE (POSITION_CODE, POS_CODE_TYPE)
values ('1687S', 14);
insert into POSITION_CODE_TO_TYPE (POSITION_CODE, POS_CODE_TYPE)
values ('1688S', 14);
insert into POSITION_CODE_TO_TYPE (POSITION_CODE, POS_CODE_TYPE)
values ('1696S', 14);
insert into POSITION_CODE_TO_TYPE (POSITION_CODE, POS_CODE_TYPE)
values ('1697S', 14);
insert into POSITION_CODE_TO_TYPE (POSITION_CODE, POS_CODE_TYPE)
values ('1699S', 14);
insert into POSITION_CODE_TO_TYPE (POSITION_CODE, POS_CODE_TYPE)
values ('1706S', 14);
insert into POSITION_CODE_TO_TYPE (POSITION_CODE, POS_CODE_TYPE)
values ('1707S', 14);
insert into POSITION_CODE_TO_TYPE (POSITION_CODE, POS_CODE_TYPE)
values ('1708S', 14);
insert into POSITION_CODE_TO_TYPE (POSITION_CODE, POS_CODE_TYPE)
values ('1717S', 14);
insert into POSITION_CODE_TO_TYPE (POSITION_CODE, POS_CODE_TYPE)
values ('1718S', 14);
insert into POSITION_CODE_TO_TYPE (POSITION_CODE, POS_CODE_TYPE)
values ('1726S', 14);
insert into POSITION_CODE_TO_TYPE (POSITION_CODE, POS_CODE_TYPE)
values ('1727S', 14);
insert into POSITION_CODE_TO_TYPE (POSITION_CODE, POS_CODE_TYPE)
values ('1737S', 14);
insert into POSITION_CODE_TO_TYPE (POSITION_CODE, POS_CODE_TYPE)
values ('1777S', 14);
insert into POSITION_CODE_TO_TYPE (POSITION_CODE, POS_CODE_TYPE)
values ('1778S', 14);
insert into POSITION_CODE_TO_TYPE (POSITION_CODE, POS_CODE_TYPE)
values ('1816S', 14);
insert into POSITION_CODE_TO_TYPE (POSITION_CODE, POS_CODE_TYPE)
values ('1835S', 14);
insert into POSITION_CODE_TO_TYPE (POSITION_CODE, POS_CODE_TYPE)
values ('1836S', 14);
commit;
prompt 500 records committed...
insert into POSITION_CODE_TO_TYPE (POSITION_CODE, POS_CODE_TYPE)
values ('1838S', 14);
insert into POSITION_CODE_TO_TYPE (POSITION_CODE, POS_CODE_TYPE)
values ('1847S', 14);
insert into POSITION_CODE_TO_TYPE (POSITION_CODE, POS_CODE_TYPE)
values ('1848S', 14);
insert into POSITION_CODE_TO_TYPE (POSITION_CODE, POS_CODE_TYPE)
values ('1849S', 14);
insert into POSITION_CODE_TO_TYPE (POSITION_CODE, POS_CODE_TYPE)
values ('1867S', 14);
insert into POSITION_CODE_TO_TYPE (POSITION_CODE, POS_CODE_TYPE)
values ('1909S', 14);
insert into POSITION_CODE_TO_TYPE (POSITION_CODE, POS_CODE_TYPE)
values ('2006S', 14);
insert into POSITION_CODE_TO_TYPE (POSITION_CODE, POS_CODE_TYPE)
values ('2011S', 14);
insert into POSITION_CODE_TO_TYPE (POSITION_CODE, POS_CODE_TYPE)
values ('2012S', 14);
insert into POSITION_CODE_TO_TYPE (POSITION_CODE, POS_CODE_TYPE)
values ('2022S', 14);
insert into POSITION_CODE_TO_TYPE (POSITION_CODE, POS_CODE_TYPE)
values ('2023S', 14);
insert into POSITION_CODE_TO_TYPE (POSITION_CODE, POS_CODE_TYPE)
values ('2024S', 14);
insert into POSITION_CODE_TO_TYPE (POSITION_CODE, POS_CODE_TYPE)
values ('2025S', 14);
insert into POSITION_CODE_TO_TYPE (POSITION_CODE, POS_CODE_TYPE)
values ('2039S', 14);
insert into POSITION_CODE_TO_TYPE (POSITION_CODE, POS_CODE_TYPE)
values ('2042S', 14);
insert into POSITION_CODE_TO_TYPE (POSITION_CODE, POS_CODE_TYPE)
values ('2043S', 14);
insert into POSITION_CODE_TO_TYPE (POSITION_CODE, POS_CODE_TYPE)
values ('2044S', 14);
insert into POSITION_CODE_TO_TYPE (POSITION_CODE, POS_CODE_TYPE)
values ('2045S', 14);
insert into POSITION_CODE_TO_TYPE (POSITION_CODE, POS_CODE_TYPE)
values ('2047S', 14);
insert into POSITION_CODE_TO_TYPE (POSITION_CODE, POS_CODE_TYPE)
values ('2048S', 14);
insert into POSITION_CODE_TO_TYPE (POSITION_CODE, POS_CODE_TYPE)
values ('2049S', 14);
insert into POSITION_CODE_TO_TYPE (POSITION_CODE, POS_CODE_TYPE)
values ('2053S', 14);
insert into POSITION_CODE_TO_TYPE (POSITION_CODE, POS_CODE_TYPE)
values ('2055S', 14);
insert into POSITION_CODE_TO_TYPE (POSITION_CODE, POS_CODE_TYPE)
values ('2063S', 14);
insert into POSITION_CODE_TO_TYPE (POSITION_CODE, POS_CODE_TYPE)
values ('2064S', 14);
insert into POSITION_CODE_TO_TYPE (POSITION_CODE, POS_CODE_TYPE)
values ('2065S', 14);
insert into POSITION_CODE_TO_TYPE (POSITION_CODE, POS_CODE_TYPE)
values ('2066S', 14);
insert into POSITION_CODE_TO_TYPE (POSITION_CODE, POS_CODE_TYPE)
values ('2067S', 14);
insert into POSITION_CODE_TO_TYPE (POSITION_CODE, POS_CODE_TYPE)
values ('2073S', 14);
insert into POSITION_CODE_TO_TYPE (POSITION_CODE, POS_CODE_TYPE)
values ('2074S', 14);
insert into POSITION_CODE_TO_TYPE (POSITION_CODE, POS_CODE_TYPE)
values ('2075S', 14);
insert into POSITION_CODE_TO_TYPE (POSITION_CODE, POS_CODE_TYPE)
values ('2076S', 14);
insert into POSITION_CODE_TO_TYPE (POSITION_CODE, POS_CODE_TYPE)
values ('2081S', 14);
insert into POSITION_CODE_TO_TYPE (POSITION_CODE, POS_CODE_TYPE)
values ('2085S', 14);
insert into POSITION_CODE_TO_TYPE (POSITION_CODE, POS_CODE_TYPE)
values ('2091S', 14);
insert into POSITION_CODE_TO_TYPE (POSITION_CODE, POS_CODE_TYPE)
values ('2094S', 14);
insert into POSITION_CODE_TO_TYPE (POSITION_CODE, POS_CODE_TYPE)
values ('2096S', 14);
insert into POSITION_CODE_TO_TYPE (POSITION_CODE, POS_CODE_TYPE)
values ('2097S', 14);
insert into POSITION_CODE_TO_TYPE (POSITION_CODE, POS_CODE_TYPE)
values ('2101S', 14);
insert into POSITION_CODE_TO_TYPE (POSITION_CODE, POS_CODE_TYPE)
values ('2103S', 14);
insert into POSITION_CODE_TO_TYPE (POSITION_CODE, POS_CODE_TYPE)
values ('2115S', 14);
insert into POSITION_CODE_TO_TYPE (POSITION_CODE, POS_CODE_TYPE)
values ('2116S', 14);
insert into POSITION_CODE_TO_TYPE (POSITION_CODE, POS_CODE_TYPE)
values ('2121S', 14);
insert into POSITION_CODE_TO_TYPE (POSITION_CODE, POS_CODE_TYPE)
values ('2122S', 14);
insert into POSITION_CODE_TO_TYPE (POSITION_CODE, POS_CODE_TYPE)
values ('2125S', 14);
insert into POSITION_CODE_TO_TYPE (POSITION_CODE, POS_CODE_TYPE)
values ('2126S', 14);
insert into POSITION_CODE_TO_TYPE (POSITION_CODE, POS_CODE_TYPE)
values ('2127S', 14);
insert into POSITION_CODE_TO_TYPE (POSITION_CODE, POS_CODE_TYPE)
values ('0000C', 13);
insert into POSITION_CODE_TO_TYPE (POSITION_CODE, POS_CODE_TYPE)
values ('0002C', 13);
insert into POSITION_CODE_TO_TYPE (POSITION_CODE, POS_CODE_TYPE)
values ('0011C', 13);
insert into POSITION_CODE_TO_TYPE (POSITION_CODE, POS_CODE_TYPE)
values ('0012C', 13);
insert into POSITION_CODE_TO_TYPE (POSITION_CODE, POS_CODE_TYPE)
values ('0013C', 13);
insert into POSITION_CODE_TO_TYPE (POSITION_CODE, POS_CODE_TYPE)
values ('0014C', 13);
insert into POSITION_CODE_TO_TYPE (POSITION_CODE, POS_CODE_TYPE)
values ('0015C', 13);
insert into POSITION_CODE_TO_TYPE (POSITION_CODE, POS_CODE_TYPE)
values ('0113C', 13);
insert into POSITION_CODE_TO_TYPE (POSITION_CODE, POS_CODE_TYPE)
values ('0114C', 13);
insert into POSITION_CODE_TO_TYPE (POSITION_CODE, POS_CODE_TYPE)
values ('0134C', 13);
insert into POSITION_CODE_TO_TYPE (POSITION_CODE, POS_CODE_TYPE)
values ('0211C', 13);
insert into POSITION_CODE_TO_TYPE (POSITION_CODE, POS_CODE_TYPE)
values ('0212C', 13);
insert into POSITION_CODE_TO_TYPE (POSITION_CODE, POS_CODE_TYPE)
values ('0213C', 13);
insert into POSITION_CODE_TO_TYPE (POSITION_CODE, POS_CODE_TYPE)
values ('0214C', 13);
insert into POSITION_CODE_TO_TYPE (POSITION_CODE, POS_CODE_TYPE)
values ('0215C', 13);
insert into POSITION_CODE_TO_TYPE (POSITION_CODE, POS_CODE_TYPE)
values ('0233C', 13);
insert into POSITION_CODE_TO_TYPE (POSITION_CODE, POS_CODE_TYPE)
values ('0234C', 13);
insert into POSITION_CODE_TO_TYPE (POSITION_CODE, POS_CODE_TYPE)
values ('0312C', 13);
insert into POSITION_CODE_TO_TYPE (POSITION_CODE, POS_CODE_TYPE)
values ('0313C', 13);
insert into POSITION_CODE_TO_TYPE (POSITION_CODE, POS_CODE_TYPE)
values ('0314C', 13);
insert into POSITION_CODE_TO_TYPE (POSITION_CODE, POS_CODE_TYPE)
values ('0315C', 13);
insert into POSITION_CODE_TO_TYPE (POSITION_CODE, POS_CODE_TYPE)
values ('0342C', 13);
insert into POSITION_CODE_TO_TYPE (POSITION_CODE, POS_CODE_TYPE)
values ('0343C', 13);
insert into POSITION_CODE_TO_TYPE (POSITION_CODE, POS_CODE_TYPE)
values ('0344C', 13);
insert into POSITION_CODE_TO_TYPE (POSITION_CODE, POS_CODE_TYPE)
values ('0345C', 13);
insert into POSITION_CODE_TO_TYPE (POSITION_CODE, POS_CODE_TYPE)
values ('0522C', 13);
insert into POSITION_CODE_TO_TYPE (POSITION_CODE, POS_CODE_TYPE)
values ('0523C', 13);
insert into POSITION_CODE_TO_TYPE (POSITION_CODE, POS_CODE_TYPE)
values ('0524C', 13);
insert into POSITION_CODE_TO_TYPE (POSITION_CODE, POS_CODE_TYPE)
values ('0525C', 13);
insert into POSITION_CODE_TO_TYPE (POSITION_CODE, POS_CODE_TYPE)
values ('0572C', 13);
insert into POSITION_CODE_TO_TYPE (POSITION_CODE, POS_CODE_TYPE)
values ('0573C', 13);
insert into POSITION_CODE_TO_TYPE (POSITION_CODE, POS_CODE_TYPE)
values ('0574C', 13);
insert into POSITION_CODE_TO_TYPE (POSITION_CODE, POS_CODE_TYPE)
values ('0602C', 13);
insert into POSITION_CODE_TO_TYPE (POSITION_CODE, POS_CODE_TYPE)
values ('060SC', 13);
insert into POSITION_CODE_TO_TYPE (POSITION_CODE, POS_CODE_TYPE)
values ('0623C', 13);
insert into POSITION_CODE_TO_TYPE (POSITION_CODE, POS_CODE_TYPE)
values ('0624C', 13);
insert into POSITION_CODE_TO_TYPE (POSITION_CODE, POS_CODE_TYPE)
values ('0802C', 13);
insert into POSITION_CODE_TO_TYPE (POSITION_CODE, POS_CODE_TYPE)
values ('0803C', 13);
insert into POSITION_CODE_TO_TYPE (POSITION_CODE, POS_CODE_TYPE)
values ('0902C', 13);
insert into POSITION_CODE_TO_TYPE (POSITION_CODE, POS_CODE_TYPE)
values ('0903C', 13);
insert into POSITION_CODE_TO_TYPE (POSITION_CODE, POS_CODE_TYPE)
values ('0904C', 13);
insert into POSITION_CODE_TO_TYPE (POSITION_CODE, POS_CODE_TYPE)
values ('0905C', 13);
insert into POSITION_CODE_TO_TYPE (POSITION_CODE, POS_CODE_TYPE)
values ('0912C', 13);
insert into POSITION_CODE_TO_TYPE (POSITION_CODE, POS_CODE_TYPE)
values ('0913C', 13);
insert into POSITION_CODE_TO_TYPE (POSITION_CODE, POS_CODE_TYPE)
values ('0914C', 13);
insert into POSITION_CODE_TO_TYPE (POSITION_CODE, POS_CODE_TYPE)
values ('0922C', 13);
insert into POSITION_CODE_TO_TYPE (POSITION_CODE, POS_CODE_TYPE)
values ('0923C', 13);
insert into POSITION_CODE_TO_TYPE (POSITION_CODE, POS_CODE_TYPE)
values ('0924C', 13);
insert into POSITION_CODE_TO_TYPE (POSITION_CODE, POS_CODE_TYPE)
values ('1002C', 13);
insert into POSITION_CODE_TO_TYPE (POSITION_CODE, POS_CODE_TYPE)
values ('1003C', 13);
insert into POSITION_CODE_TO_TYPE (POSITION_CODE, POS_CODE_TYPE)
values ('1012C', 13);
insert into POSITION_CODE_TO_TYPE (POSITION_CODE, POS_CODE_TYPE)
values ('1013C', 13);
insert into POSITION_CODE_TO_TYPE (POSITION_CODE, POS_CODE_TYPE)
values ('1104C', 13);
commit;
prompt 600 records committed...
insert into POSITION_CODE_TO_TYPE (POSITION_CODE, POS_CODE_TYPE)
values ('4022C', 13);
insert into POSITION_CODE_TO_TYPE (POSITION_CODE, POS_CODE_TYPE)
values ('5022C', 13);
insert into POSITION_CODE_TO_TYPE (POSITION_CODE, POS_CODE_TYPE)
values ('5054C', 13);
insert into POSITION_CODE_TO_TYPE (POSITION_CODE, POS_CODE_TYPE)
values ('P002C', 13);
insert into POSITION_CODE_TO_TYPE (POSITION_CODE, POS_CODE_TYPE)
values ('P995C', 13);
insert into POSITION_CODE_TO_TYPE (POSITION_CODE, POS_CODE_TYPE)
values ('S006C', 13);
insert into POSITION_CODE_TO_TYPE (POSITION_CODE, POS_CODE_TYPE)
values ('T005C', 13);
insert into POSITION_CODE_TO_TYPE (POSITION_CODE, POS_CODE_TYPE)
values ('0217S', 14);
insert into POSITION_CODE_TO_TYPE (POSITION_CODE, POS_CODE_TYPE)
values ('0509S', 14);
insert into POSITION_CODE_TO_TYPE (POSITION_CODE, POS_CODE_TYPE)
values ('0626S', 14);
insert into POSITION_CODE_TO_TYPE (POSITION_CODE, POS_CODE_TYPE)
values ('0638S', 14);
insert into POSITION_CODE_TO_TYPE (POSITION_CODE, POS_CODE_TYPE)
values ('0648S', 14);
insert into POSITION_CODE_TO_TYPE (POSITION_CODE, POS_CODE_TYPE)
values ('1007S', 14);
insert into POSITION_CODE_TO_TYPE (POSITION_CODE, POS_CODE_TYPE)
values ('1111S', 14);
insert into POSITION_CODE_TO_TYPE (POSITION_CODE, POS_CODE_TYPE)
values ('1127S', 14);
insert into POSITION_CODE_TO_TYPE (POSITION_CODE, POS_CODE_TYPE)
values ('1138S', 14);
insert into POSITION_CODE_TO_TYPE (POSITION_CODE, POS_CODE_TYPE)
values ('1149S', 14);
insert into POSITION_CODE_TO_TYPE (POSITION_CODE, POS_CODE_TYPE)
values ('1176S', 14);
insert into POSITION_CODE_TO_TYPE (POSITION_CODE, POS_CODE_TYPE)
values ('1188S', 14);
insert into POSITION_CODE_TO_TYPE (POSITION_CODE, POS_CODE_TYPE)
values ('1199S', 14);
insert into POSITION_CODE_TO_TYPE (POSITION_CODE, POS_CODE_TYPE)
values ('1218S', 14);
insert into POSITION_CODE_TO_TYPE (POSITION_CODE, POS_CODE_TYPE)
values ('1234S', 14);
insert into POSITION_CODE_TO_TYPE (POSITION_CODE, POS_CODE_TYPE)
values ('1239S', 14);
insert into POSITION_CODE_TO_TYPE (POSITION_CODE, POS_CODE_TYPE)
values ('1267S', 14);
insert into POSITION_CODE_TO_TYPE (POSITION_CODE, POS_CODE_TYPE)
values ('1296S', 14);
insert into POSITION_CODE_TO_TYPE (POSITION_CODE, POS_CODE_TYPE)
values ('1307S', 14);
insert into POSITION_CODE_TO_TYPE (POSITION_CODE, POS_CODE_TYPE)
values ('1319S', 14);
insert into POSITION_CODE_TO_TYPE (POSITION_CODE, POS_CODE_TYPE)
values ('1337S', 14);
insert into POSITION_CODE_TO_TYPE (POSITION_CODE, POS_CODE_TYPE)
values ('1349S', 14);
insert into POSITION_CODE_TO_TYPE (POSITION_CODE, POS_CODE_TYPE)
values ('1366S', 14);
insert into POSITION_CODE_TO_TYPE (POSITION_CODE, POS_CODE_TYPE)
values ('1397S', 14);
insert into POSITION_CODE_TO_TYPE (POSITION_CODE, POS_CODE_TYPE)
values ('1409S', 14);
insert into POSITION_CODE_TO_TYPE (POSITION_CODE, POS_CODE_TYPE)
values ('1505S', 14);
insert into POSITION_CODE_TO_TYPE (POSITION_CODE, POS_CODE_TYPE)
values ('1525S', 14);
insert into POSITION_CODE_TO_TYPE (POSITION_CODE, POS_CODE_TYPE)
values ('1537S', 14);
insert into POSITION_CODE_TO_TYPE (POSITION_CODE, POS_CODE_TYPE)
values ('1596S', 14);
insert into POSITION_CODE_TO_TYPE (POSITION_CODE, POS_CODE_TYPE)
values ('1698S', 14);
insert into POSITION_CODE_TO_TYPE (POSITION_CODE, POS_CODE_TYPE)
values ('1709S', 14);
insert into POSITION_CODE_TO_TYPE (POSITION_CODE, POS_CODE_TYPE)
values ('1738S', 14);
insert into POSITION_CODE_TO_TYPE (POSITION_CODE, POS_CODE_TYPE)
values ('1837S', 14);
insert into POSITION_CODE_TO_TYPE (POSITION_CODE, POS_CODE_TYPE)
values ('1859S', 14);
insert into POSITION_CODE_TO_TYPE (POSITION_CODE, POS_CODE_TYPE)
values ('2017S', 14);
insert into POSITION_CODE_TO_TYPE (POSITION_CODE, POS_CODE_TYPE)
values ('2041S', 14);
insert into POSITION_CODE_TO_TYPE (POSITION_CODE, POS_CODE_TYPE)
values ('2046S', 14);
insert into POSITION_CODE_TO_TYPE (POSITION_CODE, POS_CODE_TYPE)
values ('2061S', 14);
insert into POSITION_CODE_TO_TYPE (POSITION_CODE, POS_CODE_TYPE)
values ('2071S', 14);
insert into POSITION_CODE_TO_TYPE (POSITION_CODE, POS_CODE_TYPE)
values ('2077S', 14);
insert into POSITION_CODE_TO_TYPE (POSITION_CODE, POS_CODE_TYPE)
values ('2095S', 14);
insert into POSITION_CODE_TO_TYPE (POSITION_CODE, POS_CODE_TYPE)
values ('2105S', 14);
insert into POSITION_CODE_TO_TYPE (POSITION_CODE, POS_CODE_TYPE)
values ('2123S', 14);
insert into POSITION_CODE_TO_TYPE (POSITION_CODE, POS_CODE_TYPE)
values ('2134S', 14);
insert into POSITION_CODE_TO_TYPE (POSITION_CODE, POS_CODE_TYPE)
values ('2144S', 14);
insert into POSITION_CODE_TO_TYPE (POSITION_CODE, POS_CODE_TYPE)
values ('2153S', 14);
insert into POSITION_CODE_TO_TYPE (POSITION_CODE, POS_CODE_TYPE)
values ('2165S', 14);
insert into POSITION_CODE_TO_TYPE (POSITION_CODE, POS_CODE_TYPE)
values ('2182S', 14);
insert into POSITION_CODE_TO_TYPE (POSITION_CODE, POS_CODE_TYPE)
values ('2197S', 14);
insert into POSITION_CODE_TO_TYPE (POSITION_CODE, POS_CODE_TYPE)
values ('2203S', 14);
insert into POSITION_CODE_TO_TYPE (POSITION_CODE, POS_CODE_TYPE)
values ('2209S', 14);
insert into POSITION_CODE_TO_TYPE (POSITION_CODE, POS_CODE_TYPE)
values ('2225S', 14);
insert into POSITION_CODE_TO_TYPE (POSITION_CODE, POS_CODE_TYPE)
values ('2345S', 14);
insert into POSITION_CODE_TO_TYPE (POSITION_CODE, POS_CODE_TYPE)
values ('2408S', 14);
insert into POSITION_CODE_TO_TYPE (POSITION_CODE, POS_CODE_TYPE)
values ('2557S', 14);
insert into POSITION_CODE_TO_TYPE (POSITION_CODE, POS_CODE_TYPE)
values ('2659S', 14);
insert into POSITION_CODE_TO_TYPE (POSITION_CODE, POS_CODE_TYPE)
values ('2818S', 14);
insert into POSITION_CODE_TO_TYPE (POSITION_CODE, POS_CODE_TYPE)
values ('3103S', 14);
insert into POSITION_CODE_TO_TYPE (POSITION_CODE, POS_CODE_TYPE)
values ('3202S', 14);
insert into POSITION_CODE_TO_TYPE (POSITION_CODE, POS_CODE_TYPE)
values ('3226S', 14);
insert into POSITION_CODE_TO_TYPE (POSITION_CODE, POS_CODE_TYPE)
values ('3508S', 14);
insert into POSITION_CODE_TO_TYPE (POSITION_CODE, POS_CODE_TYPE)
values ('4268S', 14);
insert into POSITION_CODE_TO_TYPE (POSITION_CODE, POS_CODE_TYPE)
values ('4407S', 14);
insert into POSITION_CODE_TO_TYPE (POSITION_CODE, POS_CODE_TYPE)
values ('4458S', 14);
insert into POSITION_CODE_TO_TYPE (POSITION_CODE, POS_CODE_TYPE)
values ('4729S', 14);
insert into POSITION_CODE_TO_TYPE (POSITION_CODE, POS_CODE_TYPE)
values ('5017S', 14);
insert into POSITION_CODE_TO_TYPE (POSITION_CODE, POS_CODE_TYPE)
values ('5033S', 14);
insert into POSITION_CODE_TO_TYPE (POSITION_CODE, POS_CODE_TYPE)
values ('5045S', 14);
insert into POSITION_CODE_TO_TYPE (POSITION_CODE, POS_CODE_TYPE)
values ('5335S', 14);
insert into POSITION_CODE_TO_TYPE (POSITION_CODE, POS_CODE_TYPE)
values ('5415S', 14);
insert into POSITION_CODE_TO_TYPE (POSITION_CODE, POS_CODE_TYPE)
values ('5425S', 14);
insert into POSITION_CODE_TO_TYPE (POSITION_CODE, POS_CODE_TYPE)
values ('5436S', 14);
insert into POSITION_CODE_TO_TYPE (POSITION_CODE, POS_CODE_TYPE)
values ('5527S', 14);
insert into POSITION_CODE_TO_TYPE (POSITION_CODE, POS_CODE_TYPE)
values ('5707S', 14);
insert into POSITION_CODE_TO_TYPE (POSITION_CODE, POS_CODE_TYPE)
values ('5803S', 14);
insert into POSITION_CODE_TO_TYPE (POSITION_CODE, POS_CODE_TYPE)
values ('5804S', 14);
insert into POSITION_CODE_TO_TYPE (POSITION_CODE, POS_CODE_TYPE)
values ('5805S', 14);
insert into POSITION_CODE_TO_TYPE (POSITION_CODE, POS_CODE_TYPE)
values ('5806S', 14);
insert into POSITION_CODE_TO_TYPE (POSITION_CODE, POS_CODE_TYPE)
values ('6023S', 14);
insert into POSITION_CODE_TO_TYPE (POSITION_CODE, POS_CODE_TYPE)
values ('6026S', 14);
insert into POSITION_CODE_TO_TYPE (POSITION_CODE, POS_CODE_TYPE)
values ('6027S', 14);
insert into POSITION_CODE_TO_TYPE (POSITION_CODE, POS_CODE_TYPE)
values ('6076S', 14);
insert into POSITION_CODE_TO_TYPE (POSITION_CODE, POS_CODE_TYPE)
values ('6078S', 14);
insert into POSITION_CODE_TO_TYPE (POSITION_CODE, POS_CODE_TYPE)
values ('6079S', 14);
insert into POSITION_CODE_TO_TYPE (POSITION_CODE, POS_CODE_TYPE)
values ('6107S', 14);
insert into POSITION_CODE_TO_TYPE (POSITION_CODE, POS_CODE_TYPE)
values ('6206S', 14);
insert into POSITION_CODE_TO_TYPE (POSITION_CODE, POS_CODE_TYPE)
values ('6207S', 14);
insert into POSITION_CODE_TO_TYPE (POSITION_CODE, POS_CODE_TYPE)
values ('6307S', 14);
insert into POSITION_CODE_TO_TYPE (POSITION_CODE, POS_CODE_TYPE)
values ('6308S', 14);
insert into POSITION_CODE_TO_TYPE (POSITION_CODE, POS_CODE_TYPE)
values ('6309S', 14);
insert into POSITION_CODE_TO_TYPE (POSITION_CODE, POS_CODE_TYPE)
values ('6317S', 14);
insert into POSITION_CODE_TO_TYPE (POSITION_CODE, POS_CODE_TYPE)
values ('6406S', 14);
insert into POSITION_CODE_TO_TYPE (POSITION_CODE, POS_CODE_TYPE)
values ('6407S', 14);
commit;
prompt 700 records committed...
insert into POSITION_CODE_TO_TYPE (POSITION_CODE, POS_CODE_TYPE)
values ('6408S', 14);
insert into POSITION_CODE_TO_TYPE (POSITION_CODE, POS_CODE_TYPE)
values ('6409S', 14);
insert into POSITION_CODE_TO_TYPE (POSITION_CODE, POS_CODE_TYPE)
values ('6417S', 14);
insert into POSITION_CODE_TO_TYPE (POSITION_CODE, POS_CODE_TYPE)
values ('6418S', 14);
insert into POSITION_CODE_TO_TYPE (POSITION_CODE, POS_CODE_TYPE)
values ('6419S', 14);
insert into POSITION_CODE_TO_TYPE (POSITION_CODE, POS_CODE_TYPE)
values ('6487S', 14);
insert into POSITION_CODE_TO_TYPE (POSITION_CODE, POS_CODE_TYPE)
values ('6488S', 14);
insert into POSITION_CODE_TO_TYPE (POSITION_CODE, POS_CODE_TYPE)
values ('6489S', 14);
insert into POSITION_CODE_TO_TYPE (POSITION_CODE, POS_CODE_TYPE)
values ('6516S', 14);
insert into POSITION_CODE_TO_TYPE (POSITION_CODE, POS_CODE_TYPE)
values ('6517S', 14);
insert into POSITION_CODE_TO_TYPE (POSITION_CODE, POS_CODE_TYPE)
values ('6518S', 14);
insert into POSITION_CODE_TO_TYPE (POSITION_CODE, POS_CODE_TYPE)
values ('6519S', 14);
insert into POSITION_CODE_TO_TYPE (POSITION_CODE, POS_CODE_TYPE)
values ('6586S', 14);
insert into POSITION_CODE_TO_TYPE (POSITION_CODE, POS_CODE_TYPE)
values ('6587S', 14);
insert into POSITION_CODE_TO_TYPE (POSITION_CODE, POS_CODE_TYPE)
values ('6588S', 14);
insert into POSITION_CODE_TO_TYPE (POSITION_CODE, POS_CODE_TYPE)
values ('6589S', 14);
insert into POSITION_CODE_TO_TYPE (POSITION_CODE, POS_CODE_TYPE)
values ('6646S', 14);
insert into POSITION_CODE_TO_TYPE (POSITION_CODE, POS_CODE_TYPE)
values ('6647S', 14);
insert into POSITION_CODE_TO_TYPE (POSITION_CODE, POS_CODE_TYPE)
values ('6648S', 14);
insert into POSITION_CODE_TO_TYPE (POSITION_CODE, POS_CODE_TYPE)
values ('6649S', 14);
insert into POSITION_CODE_TO_TYPE (POSITION_CODE, POS_CODE_TYPE)
values ('6706S', 14);
insert into POSITION_CODE_TO_TYPE (POSITION_CODE, POS_CODE_TYPE)
values ('6707S', 14);
insert into POSITION_CODE_TO_TYPE (POSITION_CODE, POS_CODE_TYPE)
values ('6708S', 14);
insert into POSITION_CODE_TO_TYPE (POSITION_CODE, POS_CODE_TYPE)
values ('6709S', 14);
insert into POSITION_CODE_TO_TYPE (POSITION_CODE, POS_CODE_TYPE)
values ('6807S', 14);
insert into POSITION_CODE_TO_TYPE (POSITION_CODE, POS_CODE_TYPE)
values ('6858S', 14);
insert into POSITION_CODE_TO_TYPE (POSITION_CODE, POS_CODE_TYPE)
values ('7117S', 14);
insert into POSITION_CODE_TO_TYPE (POSITION_CODE, POS_CODE_TYPE)
values ('7118S', 14);
insert into POSITION_CODE_TO_TYPE (POSITION_CODE, POS_CODE_TYPE)
values ('7126S', 14);
insert into POSITION_CODE_TO_TYPE (POSITION_CODE, POS_CODE_TYPE)
values ('7127S', 14);
insert into POSITION_CODE_TO_TYPE (POSITION_CODE, POS_CODE_TYPE)
values ('7128S', 14);
insert into POSITION_CODE_TO_TYPE (POSITION_CODE, POS_CODE_TYPE)
values ('7129S', 14);
insert into POSITION_CODE_TO_TYPE (POSITION_CODE, POS_CODE_TYPE)
values ('7136S', 14);
insert into POSITION_CODE_TO_TYPE (POSITION_CODE, POS_CODE_TYPE)
values ('7137S', 14);
insert into POSITION_CODE_TO_TYPE (POSITION_CODE, POS_CODE_TYPE)
values ('7138S', 14);
insert into POSITION_CODE_TO_TYPE (POSITION_CODE, POS_CODE_TYPE)
values ('7144S', 14);
insert into POSITION_CODE_TO_TYPE (POSITION_CODE, POS_CODE_TYPE)
values ('7145S', 14);
insert into POSITION_CODE_TO_TYPE (POSITION_CODE, POS_CODE_TYPE)
values ('7146S', 14);
insert into POSITION_CODE_TO_TYPE (POSITION_CODE, POS_CODE_TYPE)
values ('7154S', 14);
insert into POSITION_CODE_TO_TYPE (POSITION_CODE, POS_CODE_TYPE)
values ('7168S', 14);
insert into POSITION_CODE_TO_TYPE (POSITION_CODE, POS_CODE_TYPE)
values ('7178S', 14);
insert into POSITION_CODE_TO_TYPE (POSITION_CODE, POS_CODE_TYPE)
values ('7206S', 14);
insert into POSITION_CODE_TO_TYPE (POSITION_CODE, POS_CODE_TYPE)
values ('7236S', 14);
insert into POSITION_CODE_TO_TYPE (POSITION_CODE, POS_CODE_TYPE)
values ('7326S', 14);
insert into POSITION_CODE_TO_TYPE (POSITION_CODE, POS_CODE_TYPE)
values ('7424S', 14);
insert into POSITION_CODE_TO_TYPE (POSITION_CODE, POS_CODE_TYPE)
values ('7468S', 14);
insert into POSITION_CODE_TO_TYPE (POSITION_CODE, POS_CODE_TYPE)
values ('7477S', 14);
insert into POSITION_CODE_TO_TYPE (POSITION_CODE, POS_CODE_TYPE)
values ('7548S', 14);
insert into POSITION_CODE_TO_TYPE (POSITION_CODE, POS_CODE_TYPE)
values ('7578S', 14);
insert into POSITION_CODE_TO_TYPE (POSITION_CODE, POS_CODE_TYPE)
values ('7605S', 14);
insert into POSITION_CODE_TO_TYPE (POSITION_CODE, POS_CODE_TYPE)
values ('7618S', 14);
insert into POSITION_CODE_TO_TYPE (POSITION_CODE, POS_CODE_TYPE)
values ('7638S', 14);
insert into POSITION_CODE_TO_TYPE (POSITION_CODE, POS_CODE_TYPE)
values ('7697S', 14);
insert into POSITION_CODE_TO_TYPE (POSITION_CODE, POS_CODE_TYPE)
values ('7717S', 14);
insert into POSITION_CODE_TO_TYPE (POSITION_CODE, POS_CODE_TYPE)
values ('7917S', 14);
insert into POSITION_CODE_TO_TYPE (POSITION_CODE, POS_CODE_TYPE)
values ('7928S', 14);
insert into POSITION_CODE_TO_TYPE (POSITION_CODE, POS_CODE_TYPE)
values ('8018S', 14);
insert into POSITION_CODE_TO_TYPE (POSITION_CODE, POS_CODE_TYPE)
values ('8037S', 14);
insert into POSITION_CODE_TO_TYPE (POSITION_CODE, POS_CODE_TYPE)
values ('8056S', 14);
insert into POSITION_CODE_TO_TYPE (POSITION_CODE, POS_CODE_TYPE)
values ('8085S', 14);
insert into POSITION_CODE_TO_TYPE (POSITION_CODE, POS_CODE_TYPE)
values ('8098S', 14);
insert into POSITION_CODE_TO_TYPE (POSITION_CODE, POS_CODE_TYPE)
values ('8118S', 14);
insert into POSITION_CODE_TO_TYPE (POSITION_CODE, POS_CODE_TYPE)
values ('8136S', 14);
insert into POSITION_CODE_TO_TYPE (POSITION_CODE, POS_CODE_TYPE)
values ('8177S', 14);
insert into POSITION_CODE_TO_TYPE (POSITION_CODE, POS_CODE_TYPE)
values ('8205S', 14);
insert into POSITION_CODE_TO_TYPE (POSITION_CODE, POS_CODE_TYPE)
values ('8269S', 14);
insert into POSITION_CODE_TO_TYPE (POSITION_CODE, POS_CODE_TYPE)
values ('8287S', 14);
insert into POSITION_CODE_TO_TYPE (POSITION_CODE, POS_CODE_TYPE)
values ('8293S', 14);
insert into POSITION_CODE_TO_TYPE (POSITION_CODE, POS_CODE_TYPE)
values ('8308S', 14);
insert into POSITION_CODE_TO_TYPE (POSITION_CODE, POS_CODE_TYPE)
values ('8388S', 14);
insert into POSITION_CODE_TO_TYPE (POSITION_CODE, POS_CODE_TYPE)
values ('8454S', 14);
insert into POSITION_CODE_TO_TYPE (POSITION_CODE, POS_CODE_TYPE)
values ('8468S', 14);
insert into POSITION_CODE_TO_TYPE (POSITION_CODE, POS_CODE_TYPE)
values ('8479S', 14);
insert into POSITION_CODE_TO_TYPE (POSITION_CODE, POS_CODE_TYPE)
values ('8526S', 14);
insert into POSITION_CODE_TO_TYPE (POSITION_CODE, POS_CODE_TYPE)
values ('8576S', 14);
insert into POSITION_CODE_TO_TYPE (POSITION_CODE, POS_CODE_TYPE)
values ('8597S', 14);
insert into POSITION_CODE_TO_TYPE (POSITION_CODE, POS_CODE_TYPE)
values ('8619S', 14);
insert into POSITION_CODE_TO_TYPE (POSITION_CODE, POS_CODE_TYPE)
values ('8658S', 14);
insert into POSITION_CODE_TO_TYPE (POSITION_CODE, POS_CODE_TYPE)
values ('8689S', 14);
insert into POSITION_CODE_TO_TYPE (POSITION_CODE, POS_CODE_TYPE)
values ('8699S', 14);
insert into POSITION_CODE_TO_TYPE (POSITION_CODE, POS_CODE_TYPE)
values ('8717S', 14);
insert into POSITION_CODE_TO_TYPE (POSITION_CODE, POS_CODE_TYPE)
values ('8728S', 14);
insert into POSITION_CODE_TO_TYPE (POSITION_CODE, POS_CODE_TYPE)
values ('8738S', 14);
insert into POSITION_CODE_TO_TYPE (POSITION_CODE, POS_CODE_TYPE)
values ('8749S', 14);
insert into POSITION_CODE_TO_TYPE (POSITION_CODE, POS_CODE_TYPE)
values ('8765S', 14);
insert into POSITION_CODE_TO_TYPE (POSITION_CODE, POS_CODE_TYPE)
values ('8777S', 14);
insert into POSITION_CODE_TO_TYPE (POSITION_CODE, POS_CODE_TYPE)
values ('8805S', 14);
insert into POSITION_CODE_TO_TYPE (POSITION_CODE, POS_CODE_TYPE)
values ('8816S', 14);
insert into POSITION_CODE_TO_TYPE (POSITION_CODE, POS_CODE_TYPE)
values ('8837S', 14);
insert into POSITION_CODE_TO_TYPE (POSITION_CODE, POS_CODE_TYPE)
values ('8857S', 14);
insert into POSITION_CODE_TO_TYPE (POSITION_CODE, POS_CODE_TYPE)
values ('8875S', 14);
insert into POSITION_CODE_TO_TYPE (POSITION_CODE, POS_CODE_TYPE)
values ('8886S', 14);
insert into POSITION_CODE_TO_TYPE (POSITION_CODE, POS_CODE_TYPE)
values ('8938S', 14);
insert into POSITION_CODE_TO_TYPE (POSITION_CODE, POS_CODE_TYPE)
values ('8985S', 14);
insert into POSITION_CODE_TO_TYPE (POSITION_CODE, POS_CODE_TYPE)
values ('9037S', 14);
insert into POSITION_CODE_TO_TYPE (POSITION_CODE, POS_CODE_TYPE)
values ('9078S', 14);
insert into POSITION_CODE_TO_TYPE (POSITION_CODE, POS_CODE_TYPE)
values ('9153S', 14);
insert into POSITION_CODE_TO_TYPE (POSITION_CODE, POS_CODE_TYPE)
values ('P000S', 14);
insert into POSITION_CODE_TO_TYPE (POSITION_CODE, POS_CODE_TYPE)
values ('P006S', 14);
insert into POSITION_CODE_TO_TYPE (POSITION_CODE, POS_CODE_TYPE)
values ('P053S', 14);
commit;
prompt 800 records committed...
insert into POSITION_CODE_TO_TYPE (POSITION_CODE, POS_CODE_TYPE)
values ('P256S', 14);
insert into POSITION_CODE_TO_TYPE (POSITION_CODE, POS_CODE_TYPE)
values ('P333S', 14);
insert into POSITION_CODE_TO_TYPE (POSITION_CODE, POS_CODE_TYPE)
values ('P415S', 14);
insert into POSITION_CODE_TO_TYPE (POSITION_CODE, POS_CODE_TYPE)
values ('P993S', 14);
insert into POSITION_CODE_TO_TYPE (POSITION_CODE, POS_CODE_TYPE)
values ('S001S', 14);
insert into POSITION_CODE_TO_TYPE (POSITION_CODE, POS_CODE_TYPE)
values ('S007S', 14);
insert into POSITION_CODE_TO_TYPE (POSITION_CODE, POS_CODE_TYPE)
values ('T004S', 14);
insert into POSITION_CODE_TO_TYPE (POSITION_CODE, POS_CODE_TYPE)
values ('0000A', 18);
insert into POSITION_CODE_TO_TYPE (POSITION_CODE, POS_CODE_TYPE)
values ('0030A', 18);
insert into POSITION_CODE_TO_TYPE (POSITION_CODE, POS_CODE_TYPE)
values ('9999A', 18);
insert into POSITION_CODE_TO_TYPE (POSITION_CODE, POS_CODE_TYPE)
values ('0042G', 11);
insert into POSITION_CODE_TO_TYPE (POSITION_CODE, POS_CODE_TYPE)
values ('0002F', 8);
insert into POSITION_CODE_TO_TYPE (POSITION_CODE, POS_CODE_TYPE)
values ('0007F', 1);
insert into POSITION_CODE_TO_TYPE (POSITION_CODE, POS_CODE_TYPE)
values ('0108F', 1);
insert into POSITION_CODE_TO_TYPE (POSITION_CODE, POS_CODE_TYPE)
values ('02C3F', 5);
insert into POSITION_CODE_TO_TYPE (POSITION_CODE, POS_CODE_TYPE)
values ('0207F', 1);
insert into POSITION_CODE_TO_TYPE (POSITION_CODE, POS_CODE_TYPE)
values ('2273F', 9);
insert into POSITION_CODE_TO_TYPE (POSITION_CODE, POS_CODE_TYPE)
values ('0256F', 8);
insert into POSITION_CODE_TO_TYPE (POSITION_CODE, POS_CODE_TYPE)
values ('2254F', 8);
insert into POSITION_CODE_TO_TYPE (POSITION_CODE, POS_CODE_TYPE)
values ('2258F', 8);
insert into POSITION_CODE_TO_TYPE (POSITION_CODE, POS_CODE_TYPE)
values ('2246F', 8);
insert into POSITION_CODE_TO_TYPE (POSITION_CODE, POS_CODE_TYPE)
values ('9951F', 8);
insert into POSITION_CODE_TO_TYPE (POSITION_CODE, POS_CODE_TYPE)
values ('0107F', 1);
insert into POSITION_CODE_TO_TYPE (POSITION_CODE, POS_CODE_TYPE)
values ('0001Z', 15);
insert into POSITION_CODE_TO_TYPE (POSITION_CODE, POS_CODE_TYPE)
values ('8117S', 14);
insert into POSITION_CODE_TO_TYPE (POSITION_CODE, POS_CODE_TYPE)
values ('8119S', 14);
insert into POSITION_CODE_TO_TYPE (POSITION_CODE, POS_CODE_TYPE)
values ('8126S', 14);
insert into POSITION_CODE_TO_TYPE (POSITION_CODE, POS_CODE_TYPE)
values ('8127S', 14);
insert into POSITION_CODE_TO_TYPE (POSITION_CODE, POS_CODE_TYPE)
values ('8128S', 14);
insert into POSITION_CODE_TO_TYPE (POSITION_CODE, POS_CODE_TYPE)
values ('8129S', 14);
insert into POSITION_CODE_TO_TYPE (POSITION_CODE, POS_CODE_TYPE)
values ('8137S', 14);
insert into POSITION_CODE_TO_TYPE (POSITION_CODE, POS_CODE_TYPE)
values ('8138S', 14);
insert into POSITION_CODE_TO_TYPE (POSITION_CODE, POS_CODE_TYPE)
values ('8144S', 14);
insert into POSITION_CODE_TO_TYPE (POSITION_CODE, POS_CODE_TYPE)
values ('8154S', 14);
insert into POSITION_CODE_TO_TYPE (POSITION_CODE, POS_CODE_TYPE)
values ('8178S', 14);
insert into POSITION_CODE_TO_TYPE (POSITION_CODE, POS_CODE_TYPE)
values ('8202S', 14);
insert into POSITION_CODE_TO_TYPE (POSITION_CODE, POS_CODE_TYPE)
values ('8203S', 14);
insert into POSITION_CODE_TO_TYPE (POSITION_CODE, POS_CODE_TYPE)
values ('8206S', 14);
insert into POSITION_CODE_TO_TYPE (POSITION_CODE, POS_CODE_TYPE)
values ('8207S', 14);
insert into POSITION_CODE_TO_TYPE (POSITION_CODE, POS_CODE_TYPE)
values ('8266S', 14);
insert into POSITION_CODE_TO_TYPE (POSITION_CODE, POS_CODE_TYPE)
values ('8267S', 14);
insert into POSITION_CODE_TO_TYPE (POSITION_CODE, POS_CODE_TYPE)
values ('8276S', 14);
insert into POSITION_CODE_TO_TYPE (POSITION_CODE, POS_CODE_TYPE)
values ('8277S', 14);
insert into POSITION_CODE_TO_TYPE (POSITION_CODE, POS_CODE_TYPE)
values ('8278S', 14);
insert into POSITION_CODE_TO_TYPE (POSITION_CODE, POS_CODE_TYPE)
values ('8279S', 14);
insert into POSITION_CODE_TO_TYPE (POSITION_CODE, POS_CODE_TYPE)
values ('8286S', 14);
insert into POSITION_CODE_TO_TYPE (POSITION_CODE, POS_CODE_TYPE)
values ('8288S', 14);
insert into POSITION_CODE_TO_TYPE (POSITION_CODE, POS_CODE_TYPE)
values ('8289S', 14);
insert into POSITION_CODE_TO_TYPE (POSITION_CODE, POS_CODE_TYPE)
values ('8291S', 14);
insert into POSITION_CODE_TO_TYPE (POSITION_CODE, POS_CODE_TYPE)
values ('8292S', 14);
insert into POSITION_CODE_TO_TYPE (POSITION_CODE, POS_CODE_TYPE)
values ('8302S', 14);
insert into POSITION_CODE_TO_TYPE (POSITION_CODE, POS_CODE_TYPE)
values ('8303S', 14);
insert into POSITION_CODE_TO_TYPE (POSITION_CODE, POS_CODE_TYPE)
values ('8305S', 14);
insert into POSITION_CODE_TO_TYPE (POSITION_CODE, POS_CODE_TYPE)
values ('8306S', 14);
insert into POSITION_CODE_TO_TYPE (POSITION_CODE, POS_CODE_TYPE)
values ('8307S', 14);
insert into POSITION_CODE_TO_TYPE (POSITION_CODE, POS_CODE_TYPE)
values ('8309S', 14);
insert into POSITION_CODE_TO_TYPE (POSITION_CODE, POS_CODE_TYPE)
values ('8317S', 14);
insert into POSITION_CODE_TO_TYPE (POSITION_CODE, POS_CODE_TYPE)
values ('8318S', 14);
insert into POSITION_CODE_TO_TYPE (POSITION_CODE, POS_CODE_TYPE)
values ('8319S', 14);
insert into POSITION_CODE_TO_TYPE (POSITION_CODE, POS_CODE_TYPE)
values ('8386S', 14);
insert into POSITION_CODE_TO_TYPE (POSITION_CODE, POS_CODE_TYPE)
values ('8399S', 14);
insert into POSITION_CODE_TO_TYPE (POSITION_CODE, POS_CODE_TYPE)
values ('8408S', 14);
insert into POSITION_CODE_TO_TYPE (POSITION_CODE, POS_CODE_TYPE)
values ('8409S', 14);
insert into POSITION_CODE_TO_TYPE (POSITION_CODE, POS_CODE_TYPE)
values ('8453S', 14);
insert into POSITION_CODE_TO_TYPE (POSITION_CODE, POS_CODE_TYPE)
values ('8456S', 14);
insert into POSITION_CODE_TO_TYPE (POSITION_CODE, POS_CODE_TYPE)
values ('8457S', 14);
insert into POSITION_CODE_TO_TYPE (POSITION_CODE, POS_CODE_TYPE)
values ('8458S', 14);
insert into POSITION_CODE_TO_TYPE (POSITION_CODE, POS_CODE_TYPE)
values ('8466S', 14);
insert into POSITION_CODE_TO_TYPE (POSITION_CODE, POS_CODE_TYPE)
values ('8467S', 14);
insert into POSITION_CODE_TO_TYPE (POSITION_CODE, POS_CODE_TYPE)
values ('8469S', 14);
insert into POSITION_CODE_TO_TYPE (POSITION_CODE, POS_CODE_TYPE)
values ('8471S', 14);
insert into POSITION_CODE_TO_TYPE (POSITION_CODE, POS_CODE_TYPE)
values ('8476S', 14);
insert into POSITION_CODE_TO_TYPE (POSITION_CODE, POS_CODE_TYPE)
values ('8477S', 14);
insert into POSITION_CODE_TO_TYPE (POSITION_CODE, POS_CODE_TYPE)
values ('8478S', 14);
insert into POSITION_CODE_TO_TYPE (POSITION_CODE, POS_CODE_TYPE)
values ('8507S', 14);
insert into POSITION_CODE_TO_TYPE (POSITION_CODE, POS_CODE_TYPE)
values ('8517S', 14);
insert into POSITION_CODE_TO_TYPE (POSITION_CODE, POS_CODE_TYPE)
values ('8518S', 14);
insert into POSITION_CODE_TO_TYPE (POSITION_CODE, POS_CODE_TYPE)
values ('8525S', 14);
insert into POSITION_CODE_TO_TYPE (POSITION_CODE, POS_CODE_TYPE)
values ('8527S', 14);
insert into POSITION_CODE_TO_TYPE (POSITION_CODE, POS_CODE_TYPE)
values ('8528S', 14);
insert into POSITION_CODE_TO_TYPE (POSITION_CODE, POS_CODE_TYPE)
values ('8529S', 14);
insert into POSITION_CODE_TO_TYPE (POSITION_CODE, POS_CODE_TYPE)
values ('8567S', 14);
insert into POSITION_CODE_TO_TYPE (POSITION_CODE, POS_CODE_TYPE)
values ('8568S', 14);
insert into POSITION_CODE_TO_TYPE (POSITION_CODE, POS_CODE_TYPE)
values ('8577S', 14);
insert into POSITION_CODE_TO_TYPE (POSITION_CODE, POS_CODE_TYPE)
values ('8578S', 14);
insert into POSITION_CODE_TO_TYPE (POSITION_CODE, POS_CODE_TYPE)
values ('8594S', 14);
insert into POSITION_CODE_TO_TYPE (POSITION_CODE, POS_CODE_TYPE)
values ('8595S', 14);
insert into POSITION_CODE_TO_TYPE (POSITION_CODE, POS_CODE_TYPE)
values ('8596S', 14);
insert into POSITION_CODE_TO_TYPE (POSITION_CODE, POS_CODE_TYPE)
values ('8598S', 14);
insert into POSITION_CODE_TO_TYPE (POSITION_CODE, POS_CODE_TYPE)
values ('8616S', 14);
insert into POSITION_CODE_TO_TYPE (POSITION_CODE, POS_CODE_TYPE)
values ('8617S', 14);
insert into POSITION_CODE_TO_TYPE (POSITION_CODE, POS_CODE_TYPE)
values ('8618S', 14);
insert into POSITION_CODE_TO_TYPE (POSITION_CODE, POS_CODE_TYPE)
values ('8624S', 14);
insert into POSITION_CODE_TO_TYPE (POSITION_CODE, POS_CODE_TYPE)
values ('8625S', 14);
insert into POSITION_CODE_TO_TYPE (POSITION_CODE, POS_CODE_TYPE)
values ('8626S', 14);
insert into POSITION_CODE_TO_TYPE (POSITION_CODE, POS_CODE_TYPE)
values ('8627S', 14);
insert into POSITION_CODE_TO_TYPE (POSITION_CODE, POS_CODE_TYPE)
values ('8628S', 14);
insert into POSITION_CODE_TO_TYPE (POSITION_CODE, POS_CODE_TYPE)
values ('8667S', 14);
insert into POSITION_CODE_TO_TYPE (POSITION_CODE, POS_CODE_TYPE)
values ('8668S', 14);
insert into POSITION_CODE_TO_TYPE (POSITION_CODE, POS_CODE_TYPE)
values ('8686S', 14);
commit;
prompt 900 records committed...
insert into POSITION_CODE_TO_TYPE (POSITION_CODE, POS_CODE_TYPE)
values ('8687S', 14);
insert into POSITION_CODE_TO_TYPE (POSITION_CODE, POS_CODE_TYPE)
values ('8688S', 14);
insert into POSITION_CODE_TO_TYPE (POSITION_CODE, POS_CODE_TYPE)
values ('8695S', 14);
insert into POSITION_CODE_TO_TYPE (POSITION_CODE, POS_CODE_TYPE)
values ('8696S', 14);
insert into POSITION_CODE_TO_TYPE (POSITION_CODE, POS_CODE_TYPE)
values ('8697S', 14);
insert into POSITION_CODE_TO_TYPE (POSITION_CODE, POS_CODE_TYPE)
values ('8698S', 14);
insert into POSITION_CODE_TO_TYPE (POSITION_CODE, POS_CODE_TYPE)
values ('8706S', 14);
insert into POSITION_CODE_TO_TYPE (POSITION_CODE, POS_CODE_TYPE)
values ('8707S', 14);
insert into POSITION_CODE_TO_TYPE (POSITION_CODE, POS_CODE_TYPE)
values ('8708S', 14);
insert into POSITION_CODE_TO_TYPE (POSITION_CODE, POS_CODE_TYPE)
values ('8715S', 14);
insert into POSITION_CODE_TO_TYPE (POSITION_CODE, POS_CODE_TYPE)
values ('8716S', 14);
insert into POSITION_CODE_TO_TYPE (POSITION_CODE, POS_CODE_TYPE)
values ('8718S', 14);
insert into POSITION_CODE_TO_TYPE (POSITION_CODE, POS_CODE_TYPE)
values ('8719S', 14);
insert into POSITION_CODE_TO_TYPE (POSITION_CODE, POS_CODE_TYPE)
values ('8725S', 14);
insert into POSITION_CODE_TO_TYPE (POSITION_CODE, POS_CODE_TYPE)
values ('8726S', 14);
insert into POSITION_CODE_TO_TYPE (POSITION_CODE, POS_CODE_TYPE)
values ('8727S', 14);
insert into POSITION_CODE_TO_TYPE (POSITION_CODE, POS_CODE_TYPE)
values ('8729S', 14);
insert into POSITION_CODE_TO_TYPE (POSITION_CODE, POS_CODE_TYPE)
values ('8735S', 14);
insert into POSITION_CODE_TO_TYPE (POSITION_CODE, POS_CODE_TYPE)
values ('8736S', 14);
insert into POSITION_CODE_TO_TYPE (POSITION_CODE, POS_CODE_TYPE)
values ('8737S', 14);
insert into POSITION_CODE_TO_TYPE (POSITION_CODE, POS_CODE_TYPE)
values ('8739S', 14);
insert into POSITION_CODE_TO_TYPE (POSITION_CODE, POS_CODE_TYPE)
values ('8745S', 14);
insert into POSITION_CODE_TO_TYPE (POSITION_CODE, POS_CODE_TYPE)
values ('8746S', 14);
insert into POSITION_CODE_TO_TYPE (POSITION_CODE, POS_CODE_TYPE)
values ('8747S', 14);
insert into POSITION_CODE_TO_TYPE (POSITION_CODE, POS_CODE_TYPE)
values ('8748S', 14);
insert into POSITION_CODE_TO_TYPE (POSITION_CODE, POS_CODE_TYPE)
values ('8754S', 14);
insert into POSITION_CODE_TO_TYPE (POSITION_CODE, POS_CODE_TYPE)
values ('8756S', 14);
insert into POSITION_CODE_TO_TYPE (POSITION_CODE, POS_CODE_TYPE)
values ('8757S', 14);
insert into POSITION_CODE_TO_TYPE (POSITION_CODE, POS_CODE_TYPE)
values ('8758S', 14);
insert into POSITION_CODE_TO_TYPE (POSITION_CODE, POS_CODE_TYPE)
values ('8759S', 14);
insert into POSITION_CODE_TO_TYPE (POSITION_CODE, POS_CODE_TYPE)
values ('8766S', 14);
insert into POSITION_CODE_TO_TYPE (POSITION_CODE, POS_CODE_TYPE)
values ('8767S', 14);
insert into POSITION_CODE_TO_TYPE (POSITION_CODE, POS_CODE_TYPE)
values ('8775S', 14);
insert into POSITION_CODE_TO_TYPE (POSITION_CODE, POS_CODE_TYPE)
values ('8776S', 14);
insert into POSITION_CODE_TO_TYPE (POSITION_CODE, POS_CODE_TYPE)
values ('8787S', 14);
insert into POSITION_CODE_TO_TYPE (POSITION_CODE, POS_CODE_TYPE)
values ('8788S', 14);
insert into POSITION_CODE_TO_TYPE (POSITION_CODE, POS_CODE_TYPE)
values ('8789S', 14);
insert into POSITION_CODE_TO_TYPE (POSITION_CODE, POS_CODE_TYPE)
values ('8797S', 14);
insert into POSITION_CODE_TO_TYPE (POSITION_CODE, POS_CODE_TYPE)
values ('8798S', 14);
insert into POSITION_CODE_TO_TYPE (POSITION_CODE, POS_CODE_TYPE)
values ('8806S', 14);
insert into POSITION_CODE_TO_TYPE (POSITION_CODE, POS_CODE_TYPE)
values ('8807S', 14);
insert into POSITION_CODE_TO_TYPE (POSITION_CODE, POS_CODE_TYPE)
values ('8808S', 14);
insert into POSITION_CODE_TO_TYPE (POSITION_CODE, POS_CODE_TYPE)
values ('8809S', 14);
insert into POSITION_CODE_TO_TYPE (POSITION_CODE, POS_CODE_TYPE)
values ('8815S', 14);
insert into POSITION_CODE_TO_TYPE (POSITION_CODE, POS_CODE_TYPE)
values ('8817S', 14);
insert into POSITION_CODE_TO_TYPE (POSITION_CODE, POS_CODE_TYPE)
values ('8827S', 14);
insert into POSITION_CODE_TO_TYPE (POSITION_CODE, POS_CODE_TYPE)
values ('8828S', 14);
insert into POSITION_CODE_TO_TYPE (POSITION_CODE, POS_CODE_TYPE)
values ('8829S', 14);
insert into POSITION_CODE_TO_TYPE (POSITION_CODE, POS_CODE_TYPE)
values ('8838S', 14);
insert into POSITION_CODE_TO_TYPE (POSITION_CODE, POS_CODE_TYPE)
values ('8848S', 14);
insert into POSITION_CODE_TO_TYPE (POSITION_CODE, POS_CODE_TYPE)
values ('8849S', 14);
insert into POSITION_CODE_TO_TYPE (POSITION_CODE, POS_CODE_TYPE)
values ('8855S', 14);
insert into POSITION_CODE_TO_TYPE (POSITION_CODE, POS_CODE_TYPE)
values ('8856S', 14);
insert into POSITION_CODE_TO_TYPE (POSITION_CODE, POS_CODE_TYPE)
values ('8858S', 14);
insert into POSITION_CODE_TO_TYPE (POSITION_CODE, POS_CODE_TYPE)
values ('8859S', 14);
insert into POSITION_CODE_TO_TYPE (POSITION_CODE, POS_CODE_TYPE)
values ('8866S', 14);
insert into POSITION_CODE_TO_TYPE (POSITION_CODE, POS_CODE_TYPE)
values ('8867S', 14);
insert into POSITION_CODE_TO_TYPE (POSITION_CODE, POS_CODE_TYPE)
values ('8874S', 14);
insert into POSITION_CODE_TO_TYPE (POSITION_CODE, POS_CODE_TYPE)
values ('8876S', 14);
insert into POSITION_CODE_TO_TYPE (POSITION_CODE, POS_CODE_TYPE)
values ('8877S', 14);
insert into POSITION_CODE_TO_TYPE (POSITION_CODE, POS_CODE_TYPE)
values ('8878S', 14);
insert into POSITION_CODE_TO_TYPE (POSITION_CODE, POS_CODE_TYPE)
values ('8879S', 14);
insert into POSITION_CODE_TO_TYPE (POSITION_CODE, POS_CODE_TYPE)
values ('8895S', 14);
insert into POSITION_CODE_TO_TYPE (POSITION_CODE, POS_CODE_TYPE)
values ('8897S', 14);
insert into POSITION_CODE_TO_TYPE (POSITION_CODE, POS_CODE_TYPE)
values ('8898S', 14);
insert into POSITION_CODE_TO_TYPE (POSITION_CODE, POS_CODE_TYPE)
values ('8927S', 14);
insert into POSITION_CODE_TO_TYPE (POSITION_CODE, POS_CODE_TYPE)
values ('8929S', 14);
insert into POSITION_CODE_TO_TYPE (POSITION_CODE, POS_CODE_TYPE)
values ('8957S', 14);
insert into POSITION_CODE_TO_TYPE (POSITION_CODE, POS_CODE_TYPE)
values ('8958S', 14);
insert into POSITION_CODE_TO_TYPE (POSITION_CODE, POS_CODE_TYPE)
values ('8959S', 14);
insert into POSITION_CODE_TO_TYPE (POSITION_CODE, POS_CODE_TYPE)
values ('8965S', 14);
insert into POSITION_CODE_TO_TYPE (POSITION_CODE, POS_CODE_TYPE)
values ('8975S', 14);
insert into POSITION_CODE_TO_TYPE (POSITION_CODE, POS_CODE_TYPE)
values ('9017S', 14);
insert into POSITION_CODE_TO_TYPE (POSITION_CODE, POS_CODE_TYPE)
values ('9019S', 14);
insert into POSITION_CODE_TO_TYPE (POSITION_CODE, POS_CODE_TYPE)
values ('9027S', 14);
insert into POSITION_CODE_TO_TYPE (POSITION_CODE, POS_CODE_TYPE)
values ('9029S', 14);
insert into POSITION_CODE_TO_TYPE (POSITION_CODE, POS_CODE_TYPE)
values ('9039S', 14);
insert into POSITION_CODE_TO_TYPE (POSITION_CODE, POS_CODE_TYPE)
values ('9055S', 14);
insert into POSITION_CODE_TO_TYPE (POSITION_CODE, POS_CODE_TYPE)
values ('9056S', 14);
insert into POSITION_CODE_TO_TYPE (POSITION_CODE, POS_CODE_TYPE)
values ('9066S', 14);
insert into POSITION_CODE_TO_TYPE (POSITION_CODE, POS_CODE_TYPE)
values ('9067S', 14);
insert into POSITION_CODE_TO_TYPE (POSITION_CODE, POS_CODE_TYPE)
values ('9106S', 14);
insert into POSITION_CODE_TO_TYPE (POSITION_CODE, POS_CODE_TYPE)
values ('9116S', 14);
insert into POSITION_CODE_TO_TYPE (POSITION_CODE, POS_CODE_TYPE)
values ('9127S', 14);
insert into POSITION_CODE_TO_TYPE (POSITION_CODE, POS_CODE_TYPE)
values ('9137S', 14);
insert into POSITION_CODE_TO_TYPE (POSITION_CODE, POS_CODE_TYPE)
values ('9148S', 14);
insert into POSITION_CODE_TO_TYPE (POSITION_CODE, POS_CODE_TYPE)
values ('9154S', 14);
insert into POSITION_CODE_TO_TYPE (POSITION_CODE, POS_CODE_TYPE)
values ('9155S', 14);
insert into POSITION_CODE_TO_TYPE (POSITION_CODE, POS_CODE_TYPE)
values ('9168S', 14);
insert into POSITION_CODE_TO_TYPE (POSITION_CODE, POS_CODE_TYPE)
values ('9999S', 14);
insert into POSITION_CODE_TO_TYPE (POSITION_CODE, POS_CODE_TYPE)
values ('P001S', 14);
insert into POSITION_CODE_TO_TYPE (POSITION_CODE, POS_CODE_TYPE)
values ('P002S', 14);
insert into POSITION_CODE_TO_TYPE (POSITION_CODE, POS_CODE_TYPE)
values ('P003S', 14);
insert into POSITION_CODE_TO_TYPE (POSITION_CODE, POS_CODE_TYPE)
values ('P004S', 14);
insert into POSITION_CODE_TO_TYPE (POSITION_CODE, POS_CODE_TYPE)
values ('P005S', 14);
insert into POSITION_CODE_TO_TYPE (POSITION_CODE, POS_CODE_TYPE)
values ('P007S', 14);
insert into POSITION_CODE_TO_TYPE (POSITION_CODE, POS_CODE_TYPE)
values ('P008S', 14);
insert into POSITION_CODE_TO_TYPE (POSITION_CODE, POS_CODE_TYPE)
values ('P009S', 14);
insert into POSITION_CODE_TO_TYPE (POSITION_CODE, POS_CODE_TYPE)
values ('P046S', 14);
insert into POSITION_CODE_TO_TYPE (POSITION_CODE, POS_CODE_TYPE)
values ('P047S', 14);
commit;
prompt 1000 records committed...
insert into POSITION_CODE_TO_TYPE (POSITION_CODE, POS_CODE_TYPE)
values ('P206S', 14);
insert into POSITION_CODE_TO_TYPE (POSITION_CODE, POS_CODE_TYPE)
values ('P225S', 14);
insert into POSITION_CODE_TO_TYPE (POSITION_CODE, POS_CODE_TYPE)
values ('P226S', 14);
insert into POSITION_CODE_TO_TYPE (POSITION_CODE, POS_CODE_TYPE)
values ('P255S', 14);
insert into POSITION_CODE_TO_TYPE (POSITION_CODE, POS_CODE_TYPE)
values ('P276S', 14);
insert into POSITION_CODE_TO_TYPE (POSITION_CODE, POS_CODE_TYPE)
values ('P303S', 14);
insert into POSITION_CODE_TO_TYPE (POSITION_CODE, POS_CODE_TYPE)
values ('P304S', 14);
insert into POSITION_CODE_TO_TYPE (POSITION_CODE, POS_CODE_TYPE)
values ('P313S', 14);
insert into POSITION_CODE_TO_TYPE (POSITION_CODE, POS_CODE_TYPE)
values ('P323S', 14);
insert into POSITION_CODE_TO_TYPE (POSITION_CODE, POS_CODE_TYPE)
values ('P343S', 14);
insert into POSITION_CODE_TO_TYPE (POSITION_CODE, POS_CODE_TYPE)
values ('P353S', 14);
insert into POSITION_CODE_TO_TYPE (POSITION_CODE, POS_CODE_TYPE)
values ('P354S', 14);
insert into POSITION_CODE_TO_TYPE (POSITION_CODE, POS_CODE_TYPE)
values ('P363S', 14);
insert into POSITION_CODE_TO_TYPE (POSITION_CODE, POS_CODE_TYPE)
values ('P414S', 14);
insert into POSITION_CODE_TO_TYPE (POSITION_CODE, POS_CODE_TYPE)
values ('P525S', 14);
insert into POSITION_CODE_TO_TYPE (POSITION_CODE, POS_CODE_TYPE)
values ('P526S', 14);
insert into POSITION_CODE_TO_TYPE (POSITION_CODE, POS_CODE_TYPE)
values ('P654S', 14);
insert into POSITION_CODE_TO_TYPE (POSITION_CODE, POS_CODE_TYPE)
values ('P725S', 14);
insert into POSITION_CODE_TO_TYPE (POSITION_CODE, POS_CODE_TYPE)
values ('P994S', 14);
insert into POSITION_CODE_TO_TYPE (POSITION_CODE, POS_CODE_TYPE)
values ('P995S', 14);
insert into POSITION_CODE_TO_TYPE (POSITION_CODE, POS_CODE_TYPE)
values ('P996S', 14);
insert into POSITION_CODE_TO_TYPE (POSITION_CODE, POS_CODE_TYPE)
values ('P997S', 14);
insert into POSITION_CODE_TO_TYPE (POSITION_CODE, POS_CODE_TYPE)
values ('P998S', 14);
insert into POSITION_CODE_TO_TYPE (POSITION_CODE, POS_CODE_TYPE)
values ('S002S', 14);
insert into POSITION_CODE_TO_TYPE (POSITION_CODE, POS_CODE_TYPE)
values ('S003S', 14);
insert into POSITION_CODE_TO_TYPE (POSITION_CODE, POS_CODE_TYPE)
values ('S004S', 14);
insert into POSITION_CODE_TO_TYPE (POSITION_CODE, POS_CODE_TYPE)
values ('S005S', 14);
insert into POSITION_CODE_TO_TYPE (POSITION_CODE, POS_CODE_TYPE)
values ('S006S', 14);
insert into POSITION_CODE_TO_TYPE (POSITION_CODE, POS_CODE_TYPE)
values ('S008S', 14);
insert into POSITION_CODE_TO_TYPE (POSITION_CODE, POS_CODE_TYPE)
values ('T001S', 14);
insert into POSITION_CODE_TO_TYPE (POSITION_CODE, POS_CODE_TYPE)
values ('T002S', 14);
insert into POSITION_CODE_TO_TYPE (POSITION_CODE, POS_CODE_TYPE)
values ('T003S', 14);
insert into POSITION_CODE_TO_TYPE (POSITION_CODE, POS_CODE_TYPE)
values ('T005S', 14);
insert into POSITION_CODE_TO_TYPE (POSITION_CODE, POS_CODE_TYPE)
values ('T006S', 14);
insert into POSITION_CODE_TO_TYPE (POSITION_CODE, POS_CODE_TYPE)
values ('T007S', 14);
insert into POSITION_CODE_TO_TYPE (POSITION_CODE, POS_CODE_TYPE)
values ('T008S', 14);
insert into POSITION_CODE_TO_TYPE (POSITION_CODE, POS_CODE_TYPE)
values ('T009S', 14);
insert into POSITION_CODE_TO_TYPE (POSITION_CODE, POS_CODE_TYPE)
values ('0001A', 18);
insert into POSITION_CODE_TO_TYPE (POSITION_CODE, POS_CODE_TYPE)
values ('0010A', 18);
insert into POSITION_CODE_TO_TYPE (POSITION_CODE, POS_CODE_TYPE)
values ('0020A', 18);
insert into POSITION_CODE_TO_TYPE (POSITION_CODE, POS_CODE_TYPE)
values ('0050A', 18);
insert into POSITION_CODE_TO_TYPE (POSITION_CODE, POS_CODE_TYPE)
values ('0060A', 18);
insert into POSITION_CODE_TO_TYPE (POSITION_CODE, POS_CODE_TYPE)
values ('0080A', 18);
insert into POSITION_CODE_TO_TYPE (POSITION_CODE, POS_CODE_TYPE)
values ('0090A', 18);
insert into POSITION_CODE_TO_TYPE (POSITION_CODE, POS_CODE_TYPE)
values ('0001G', 11);
insert into POSITION_CODE_TO_TYPE (POSITION_CODE, POS_CODE_TYPE)
values ('0002G', 11);
insert into POSITION_CODE_TO_TYPE (POSITION_CODE, POS_CODE_TYPE)
values ('0003G', 11);
insert into POSITION_CODE_TO_TYPE (POSITION_CODE, POS_CODE_TYPE)
values ('0012G', 11);
insert into POSITION_CODE_TO_TYPE (POSITION_CODE, POS_CODE_TYPE)
values ('0022G', 11);
insert into POSITION_CODE_TO_TYPE (POSITION_CODE, POS_CODE_TYPE)
values ('0032G', 11);
insert into POSITION_CODE_TO_TYPE (POSITION_CODE, POS_CODE_TYPE)
values ('0052G', 11);
insert into POSITION_CODE_TO_TYPE (POSITION_CODE, POS_CODE_TYPE)
values ('0063G', 11);
insert into POSITION_CODE_TO_TYPE (POSITION_CODE, POS_CODE_TYPE)
values ('0072G', 11);
insert into POSITION_CODE_TO_TYPE (POSITION_CODE, POS_CODE_TYPE)
values ('0074G', 11);
insert into POSITION_CODE_TO_TYPE (POSITION_CODE, POS_CODE_TYPE)
values ('9999G', 11);
insert into POSITION_CODE_TO_TYPE (POSITION_CODE, POS_CODE_TYPE)
values ('0036F', 1);
insert into POSITION_CODE_TO_TYPE (POSITION_CODE, POS_CODE_TYPE)
values ('0065F', 7);
insert into POSITION_CODE_TO_TYPE (POSITION_CODE, POS_CODE_TYPE)
values ('02C6F', 5);
insert into POSITION_CODE_TO_TYPE (POSITION_CODE, POS_CODE_TYPE)
values ('02C5F', 5);
insert into POSITION_CODE_TO_TYPE (POSITION_CODE, POS_CODE_TYPE)
values ('02C4F', 5);
insert into POSITION_CODE_TO_TYPE (POSITION_CODE, POS_CODE_TYPE)
values ('0008F', 1);
insert into POSITION_CODE_TO_TYPE (POSITION_CODE, POS_CODE_TYPE)
values ('0035F', 2);
insert into POSITION_CODE_TO_TYPE (POSITION_CODE, POS_CODE_TYPE)
values ('0046F', 1);
insert into POSITION_CODE_TO_TYPE (POSITION_CODE, POS_CODE_TYPE)
values ('0066F', 7);
insert into POSITION_CODE_TO_TYPE (POSITION_CODE, POS_CODE_TYPE)
values ('2274F', 9);
insert into POSITION_CODE_TO_TYPE (POSITION_CODE, POS_CODE_TYPE)
values ('0253F', 8);
insert into POSITION_CODE_TO_TYPE (POSITION_CODE, POS_CODE_TYPE)
values ('0254F', 8);
insert into POSITION_CODE_TO_TYPE (POSITION_CODE, POS_CODE_TYPE)
values ('0255F', 8);
insert into POSITION_CODE_TO_TYPE (POSITION_CODE, POS_CODE_TYPE)
values ('1253F', 8);
insert into POSITION_CODE_TO_TYPE (POSITION_CODE, POS_CODE_TYPE)
values ('2252F', 8);
insert into POSITION_CODE_TO_TYPE (POSITION_CODE, POS_CODE_TYPE)
values ('2253F', 8);
insert into POSITION_CODE_TO_TYPE (POSITION_CODE, POS_CODE_TYPE)
values ('2255F', 8);
insert into POSITION_CODE_TO_TYPE (POSITION_CODE, POS_CODE_TYPE)
values ('2256F', 8);
insert into POSITION_CODE_TO_TYPE (POSITION_CODE, POS_CODE_TYPE)
values ('2257F', 8);
insert into POSITION_CODE_TO_TYPE (POSITION_CODE, POS_CODE_TYPE)
values ('22C4F', 8);
insert into POSITION_CODE_TO_TYPE (POSITION_CODE, POS_CODE_TYPE)
values ('2243F', 8);
insert into POSITION_CODE_TO_TYPE (POSITION_CODE, POS_CODE_TYPE)
values ('2244F', 8);
insert into POSITION_CODE_TO_TYPE (POSITION_CODE, POS_CODE_TYPE)
values ('2245F', 8);
insert into POSITION_CODE_TO_TYPE (POSITION_CODE, POS_CODE_TYPE)
values ('0075F', 9);
insert into POSITION_CODE_TO_TYPE (POSITION_CODE, POS_CODE_TYPE)
values ('1263F', 6);
commit;
prompt 1080 records loaded
prompt Loading POS_MAJOR...
prompt Table is empty
prompt Loading POS_ACAD_AREA_MAJOR...
prompt Table is empty
prompt Loading POS_MINOR...
prompt Table is empty
prompt Loading POS_ACAD_AREA_MINOR...
prompt Table is empty
prompt Loading POS_RESERVATION...
prompt Table is empty
prompt Loading ROLES...
insert into ROLES (ROLE_ID, REFERENCE, ABBV)
values (1, 'Administrator', 'Administrator');
insert into ROLES (ROLE_ID, REFERENCE, ABBV)
values (21, 'Dept Sched Mgr', 'Department Schedule Manager');
insert into ROLES (ROLE_ID, REFERENCE, ABBV)
values (41, 'View All', 'View All User');
commit;
prompt 3 records loaded
prompt Loading ROOM...
insert into ROOM (UNIQUEID, EXTERNAL_UID, SESSION_ID, BUILDING_ID, ROOM_NUMBER, CAPACITY, COORDINATE_X, COORDINATE_Y, SCHEDULED_ROOM_TYPE, IGNORE_TOO_FAR, MANAGER_IDS, PATTERN, IGNORE_ROOM_CHECK, CLASSIFICATION, DISPLAY_NAME)
values (7986, null, 223206, 1761, '101', 4, 1, 1, 'departmental', 0, '226199,223207', 'FFFFFFFFFFFFFFF0000000000000000000000FFFFFFFFFFFFFFFFFFFFFFFFFF0000000000001111000000FFFFFFFFFFFFFFFFFFFFFFFFFF0000000000000000000000FFFFFFFFFFFFFFFFFFFFFFFFFF0000000000001111000000FFFFFFFFFFFFFFFFFFFFFFFFFF0000000000000000000000FFFFFFFFFFFFFFFFFFFFFFFFFFFFFFFFFFFFFFFFFFFFFFFFFFFFFFFFFFFFFFFFFFFFFFFFFFFFFFFFFFFFFFFFFFFFFFFFFFFFFFFFFFF', 0, null, null);
insert into ROOM (UNIQUEID, EXTERNAL_UID, SESSION_ID, BUILDING_ID, ROOM_NUMBER, CAPACITY, COORDINATE_X, COORDINATE_Y, SCHEDULED_ROOM_TYPE, IGNORE_TOO_FAR, MANAGER_IDS, PATTERN, IGNORE_ROOM_CHECK, CLASSIFICATION, DISPLAY_NAME)
values (7987, null, 223206, 1761, '102', 2, 1, 1, 'departmental', 0, '223207', 'FFFFFFFFFFFFFFFFFFFFFFFFFFFFFFFFFFFFFFFFFFFFFFFFFFFFFFFFFFFFFFFFFFFFFFFFFFFFFFFFFFFFFFFFFFFFFFFFFFFFFFFFFFFFFFFFFFFFFFFFFFFFFFFFFFFFFFFFFFFFFFFFFFFFFFFFFFFFFFFFFFFFFFFFFFFFFFFFFFFFFFFFFFFFFFFFFFFFFFFFFFFFFFFFFFFFFFFFFFFFFFFFFFFFFFFFFFFFFFFFFFFFFFFFFFFFFFFFFFFFFFFFFFFFFFFFFFFFFFFFFFFFFFFFFFFFFFFFFFFFFFFFFFFFFFFFFFFFFFFFFFFFFFFFFFFFFFFF', 0, null, null);
insert into ROOM (UNIQUEID, EXTERNAL_UID, SESSION_ID, BUILDING_ID, ROOM_NUMBER, CAPACITY, COORDINATE_X, COORDINATE_Y, SCHEDULED_ROOM_TYPE, IGNORE_TOO_FAR, MANAGER_IDS, PATTERN, IGNORE_ROOM_CHECK, CLASSIFICATION, DISPLAY_NAME)
values (7988, null, 223206, 1761, '103', 2, 1, 1, 'departmental', 0, '223207', 'FFFFFFFFFFFFFFFFFFFFFFFFFFFFFFFFFFFFFFFFFFFFFFFFFFFFFFFFFFFFFFFFFFFFFFFFFFFFFFFFFFFFFFFFFFFFFFFFFFFFFFFFFFFFFFFFFFFFFFFFFFFFFFFFFFFFFFFFFFFFFFFFFFFFFFFFFFFFFFFFFFFFFFFFFFFFFFFFFFFFFFFFFFFFFFFFFFFFFFFFFFFFFFFFFFFFFFFFFFFFFFFFFFFFFFFFFFFFFFFFFFFFFFFFFFFFFFFFFFFFFFFFFFFFFFFFFFFFFFFFFFFFFFFFFFFFFFFFFFFFFFFFFFFFFFFFFFFFFFFFFFFFFFFFFFFFFFFF', 0, null, null);
insert into ROOM (UNIQUEID, EXTERNAL_UID, SESSION_ID, BUILDING_ID, ROOM_NUMBER, CAPACITY, COORDINATE_X, COORDINATE_Y, SCHEDULED_ROOM_TYPE, IGNORE_TOO_FAR, MANAGER_IDS, PATTERN, IGNORE_ROOM_CHECK, CLASSIFICATION, DISPLAY_NAME)
values (7989, null, 223206, 1761, '104', 1, 1, 1, 'departmental', 0, '223207', 'FFFFFFFFFFFFFFFFFFFFFFFFFFFFFFFFFFFFFFFFFFFFFFFFFFFFFFFFFFFFFFFFFFFFFFFFFFFFFFFFFFFFFFFFFFFFFFFFFFFFFFFFFFFFFFFFFFFFFFFFFFFFFFFFFFFFFFFFFFFFFFFFFFFFFFFFFFFFFFFFFFFFFFFFFFFFFFFFFFFFFFFFFFFFFFFFFFFFFFFFFFFFFFFFFFFFFFFFFFFFFFFFFFFFFFFFFFFFFFFFFFFFFFFFFFFFFFFFFFFFFFFFFFFFFFFFFFFFFFFFFFFFFFFFFFFFFFFFFFFFFFFFFFFFFFFFFFFFFFFFFFFFFFFFFFFFFFFF', 0, null, null);
insert into ROOM (UNIQUEID, EXTERNAL_UID, SESSION_ID, BUILDING_ID, ROOM_NUMBER, CAPACITY, COORDINATE_X, COORDINATE_Y, SCHEDULED_ROOM_TYPE, IGNORE_TOO_FAR, MANAGER_IDS, PATTERN, IGNORE_ROOM_CHECK, CLASSIFICATION, DISPLAY_NAME)
values (7990, null, 223206, 1761, '105', 1, 1, 1, 'departmental', 0, '223207', 'FFFFFFFFFFFFFFFFFFFFFFFFFFFFFFFFFFFFFFFFFFFFFFFFFFFFFFFFFFFFFFFFFFFFFFFFFFFFFFFFFFFFFFFFFFFFFFFFFFFFFFFFFFFFFFFFFFFFFFFFFFFFFFFFFFFFFFFFFFFFFFFFFFFFFFFFFFFFFFFFFFFFFFFFFFFFFFFFFFFFFFFFFFFFFFFFFFFFFFFFFFFFFFFFFFFFFFFFFFFFFFFFFFFFFFFFFFFFFFFFFFFFFFFFFFFFFFFFFFFFFFFFFFFFFFFFFFFFFFFFFFFFFFFFFFFFFFFFFFFFFFFFFFFFFFFFFFFFFFFFFFFFFFFFFFFFFFFF', 0, null, null);
insert into ROOM (UNIQUEID, EXTERNAL_UID, SESSION_ID, BUILDING_ID, ROOM_NUMBER, CAPACITY, COORDINATE_X, COORDINATE_Y, SCHEDULED_ROOM_TYPE, IGNORE_TOO_FAR, MANAGER_IDS, PATTERN, IGNORE_ROOM_CHECK, CLASSIFICATION, DISPLAY_NAME)
values (7991, null, 223206, 1761, '106', 1, 1, 1, 'departmental', 0, '223207', 'FFFFFFFFFFFFFFFFFFFFFFFFFFFFFFFFFFFFFFFFFFFFFFFFFFFFFFFFFFFFFFFFFFFFFFFFFFFFFFFFFFFFFFFFFFFFFFFFFFFFFFFFFFFFFFFFFFFFFFFFFFFFFFFFFFFFFFFFFFFFFFFFFFFFFFFFFFFFFFFFFFFFFFFFFFFFFFFFFFFFFFFFFFFFFFFFFFFFFFFFFFFFFFFFFFFFFFFFFFFFFFFFFFFFFFFFFFFFFFFFFFFFFFFFFFFFFFFFFFFFFFFFFFFFFFFFFFFFFFFFFFFFFFFFFFFFFFFFFFFFFFFFFFFFFFFFFFFFFFFFFFFFFFFFFFFFFFFF', 0, null, null);
insert into ROOM (UNIQUEID, EXTERNAL_UID, SESSION_ID, BUILDING_ID, ROOM_NUMBER, CAPACITY, COORDINATE_X, COORDINATE_Y, SCHEDULED_ROOM_TYPE, IGNORE_TOO_FAR, MANAGER_IDS, PATTERN, IGNORE_ROOM_CHECK, CLASSIFICATION, DISPLAY_NAME)
values (7992, null, 223206, 1761, '107', 1, 1, 1, 'departmental', 0, '223207', 'FFFFFFFFFFFFFFFFFFFFFFFFFFFFFFFFFFFFFFFFFFFFFFFFFFFFFFFFFFFFFFFFFFFFFFFFFFFFFFFFFFFFFFFFFFFFFFFFFFFFFFFFFFFFFFFFFFFFFFFFFFFFFFFFFFFFFFFFFFFFFFFFFFFFFFFFFFFFFFFFFFFFFFFFFFFFFFFFFFFFFFFFFFFFFFFFFFFFFFFFFFFFFFFFFFFFFFFFFFFFFFFFFFFFFFFFFFFFFFFFFFFFFFFFFFFFFFFFFFFFFFFFFFFFFFFFFFFFFFFFFFFFFFFFFFFFFFFFFFFFFFFFFFFFFFFFFFFFFFFFFFFFFFFFFFFFFFFF', 0, null, null);
insert into ROOM (UNIQUEID, EXTERNAL_UID, SESSION_ID, BUILDING_ID, ROOM_NUMBER, CAPACITY, COORDINATE_X, COORDINATE_Y, SCHEDULED_ROOM_TYPE, IGNORE_TOO_FAR, MANAGER_IDS, PATTERN, IGNORE_ROOM_CHECK, CLASSIFICATION, DISPLAY_NAME)
values (7993, null, 223206, 1761, '108', 1, 1, 1, 'departmental', 0, '223207', 'FFFFFFFFFFFFFFFFFFFFFFFFFFFFFFFFFFFFFFFFFFFFFFFFFFFFFFFFFFFFFFFFFFFFFFFFFFFFFFFFFFFFFFFFFFFFFFFFFFFFFFFFFFFFFFFFFFFFFFFFFFFFFFFFFFFFFFFFFFFFFFFFFFFFFFFFFFFFFFFFFFFFFFFFFFFFFFFFFFFFFFFFFFFFFFFFFFFFFFFFFFFFFFFFFFFFFFFFFFFFFFFFFFFFFFFFFFFFFFFFFFFFFFFFFFFFFFFFFFFFFFFFFFFFFFFFFFFFFFFFFFFFFFFFFFFFFFFFFFFFFFFFFFFFFFFFFFFFFFFFFFFFFFFFFFFFFFFF', 0, null, null);
insert into ROOM (UNIQUEID, EXTERNAL_UID, SESSION_ID, BUILDING_ID, ROOM_NUMBER, CAPACITY, COORDINATE_X, COORDINATE_Y, SCHEDULED_ROOM_TYPE, IGNORE_TOO_FAR, MANAGER_IDS, PATTERN, IGNORE_ROOM_CHECK, CLASSIFICATION, DISPLAY_NAME)
values (7994, null, 223206, 1762, '101', 4, 1, 1, 'departmental', 0, '226199,223207', 'FFFFFFFFFFFFFFFXXXXXXXXXXX111110000XXFFFFFFFFFFFFFFFFFFFFFFFFFFXXXXXXXXXXX111110000XXFFFFFFFFFFFFFFFFFFFFFFFFFFXXXXXXXXXXX111110000XXFFFFFFFFFFFFFFFFFFFFFFFFFFXXXXXXXXXXX111110000XXFFFFFFFFFFFFFFFFFFFFFFFFFFXXXXXXXXXXX111110000XXFFFFFFFFFFFFFFFFFFFFFFFFFFFFFFFFFFFFFFFFFFFFFFFFFFFFFFFFFFFFFFFFFFFFFFFFFFFFFFFFFFFFFFFFFFFFFFFFFFFFFFFFFFF', 0, null, null);
commit;
prompt 9 records loaded
prompt Loading ROOM_DEPT...
insert into ROOM_DEPT (UNIQUEID, ROOM_ID, DEPARTMENT_ID, IS_CONTROL)
values (12607, 7986, 226199, 1);
insert into ROOM_DEPT (UNIQUEID, ROOM_ID, DEPARTMENT_ID, IS_CONTROL)
values (12608, 7994, 226199, 1);
insert into ROOM_DEPT (UNIQUEID, ROOM_ID, DEPARTMENT_ID, IS_CONTROL)
values (12609, 7986, 223207, 0);
insert into ROOM_DEPT (UNIQUEID, ROOM_ID, DEPARTMENT_ID, IS_CONTROL)
values (12600, 7988, 223207, 1);
insert into ROOM_DEPT (UNIQUEID, ROOM_ID, DEPARTMENT_ID, IS_CONTROL)
values (12601, 7989, 223207, 1);
insert into ROOM_DEPT (UNIQUEID, ROOM_ID, DEPARTMENT_ID, IS_CONTROL)
values (12603, 7991, 223207, 1);
insert into ROOM_DEPT (UNIQUEID, ROOM_ID, DEPARTMENT_ID, IS_CONTROL)
values (12606, 7994, 223207, 0);
insert into ROOM_DEPT (UNIQUEID, ROOM_ID, DEPARTMENT_ID, IS_CONTROL)
values (223697, 7987, 223207, 1);
insert into ROOM_DEPT (UNIQUEID, ROOM_ID, DEPARTMENT_ID, IS_CONTROL)
values (223700, 7990, 223207, 1);
insert into ROOM_DEPT (UNIQUEID, ROOM_ID, DEPARTMENT_ID, IS_CONTROL)
values (223702, 7992, 223207, 1);
insert into ROOM_DEPT (UNIQUEID, ROOM_ID, DEPARTMENT_ID, IS_CONTROL)
values (223703, 7993, 223207, 1);
commit;
prompt 11 records loaded
prompt Loading ROOM_FEATURE...
insert into ROOM_FEATURE (UNIQUEID, DISCRIMINATOR, LABEL, SIS_REFERENCE, SIS_VALUE, DEPARTMENT_ID, ABBV)
values (468, 'global', 'Chalkboard < 20 Ft.', 'feetOfChalkboard', '< 20', null, 'Ch<20F');
insert into ROOM_FEATURE (UNIQUEID, DISCRIMINATOR, LABEL, SIS_REFERENCE, SIS_VALUE, DEPARTMENT_ID, ABBV)
values (469, 'global', 'Chalkboard >= 20 Ft.', 'feetOfChalkboard', '>= 20', null, 'Ch>=20F');
insert into ROOM_FEATURE (UNIQUEID, DISCRIMINATOR, LABEL, SIS_REFERENCE, SIS_VALUE, DEPARTMENT_ID, ABBV)
values (123, 'global', 'Audio Recording', 'audioRecording', null, null, 'AudRec');
insert into ROOM_FEATURE (UNIQUEID, DISCRIMINATOR, LABEL, SIS_REFERENCE, SIS_VALUE, DEPARTMENT_ID, ABBV)
values (125, 'global', 'Computer', 'puccComputer', null, null, 'Comp');
insert into ROOM_FEATURE (UNIQUEID, DISCRIMINATOR, LABEL, SIS_REFERENCE, SIS_VALUE, DEPARTMENT_ID, ABBV)
values (437, 'global', 'Fixed Seating', 'fixedSeating', null, null, 'FixSeat');
insert into ROOM_FEATURE (UNIQUEID, DISCRIMINATOR, LABEL, SIS_REFERENCE, SIS_VALUE, DEPARTMENT_ID, ABBV)
values (438, 'global', 'Computer Projection', 'computerProjection', null, null, 'CompPr');
insert into ROOM_FEATURE (UNIQUEID, DISCRIMINATOR, LABEL, SIS_REFERENCE, SIS_VALUE, DEPARTMENT_ID, ABBV)
values (440, 'global', 'Tables and Chairs', 'seatingType', 'tablesAndChairs', null, 'Tbls&Chrs');
insert into ROOM_FEATURE (UNIQUEID, DISCRIMINATOR, LABEL, SIS_REFERENCE, SIS_VALUE, DEPARTMENT_ID, ABBV)
values (441, 'global', 'Tablet Arm Chairs', 'seatingType', 'tabletArmChairs', null, 'TblArmChr');
insert into ROOM_FEATURE (UNIQUEID, DISCRIMINATOR, LABEL, SIS_REFERENCE, SIS_VALUE, DEPARTMENT_ID, ABBV)
values (442, 'global', 'Theater Seats', 'seatingType', 'theaterSeats', null, 'ThtrSeat');
commit;
prompt 9 records loaded
prompt Loading ROOM_FEATURE_PREF...
insert into ROOM_FEATURE_PREF (UNIQUEID, OWNER_ID, PREF_LEVEL_ID, ROOM_FEATURE_ID, LAST_MODIFIED_TIME)
values (121508, 226242, 2, 125, null);
insert into ROOM_FEATURE_PREF (UNIQUEID, OWNER_ID, PREF_LEVEL_ID, ROOM_FEATURE_ID, LAST_MODIFIED_TIME)
values (121514, 226240, 7, 442, null);
commit;
prompt 2 records loaded
prompt Loading ROOM_GROUP...
insert into ROOM_GROUP (UNIQUEID, SESSION_ID, NAME, DESCRIPTION, GLOBAL, DEFAULT_GROUP, DEPARTMENT_ID, ABBV)
values (6225, 223206, 'Biology Labs', null, 0, 0, 223207, 'Biol Labs');
insert into ROOM_GROUP (UNIQUEID, SESSION_ID, NAME, DESCRIPTION, GLOBAL, DEFAULT_GROUP, DEPARTMENT_ID, ABBV)
values (6226, 223206, 'Computing Labs', null, 0, 0, 223207, 'Comp Labs');
insert into ROOM_GROUP (UNIQUEID, SESSION_ID, NAME, DESCRIPTION, GLOBAL, DEFAULT_GROUP, DEPARTMENT_ID, ABBV)
values (6227, 223206, 'Hall of Music', null, 1, 0, null, 'Hall of Music');
insert into ROOM_GROUP (UNIQUEID, SESSION_ID, NAME, DESCRIPTION, GLOBAL, DEFAULT_GROUP, DEPARTMENT_ID, ABBV)
values (6223, 223206, 'Chemistry Labs', 'Chemistry Laboratories', 1, 0, null, 'Chem Labs');
insert into ROOM_GROUP (UNIQUEID, SESSION_ID, NAME, DESCRIPTION, GLOBAL, DEFAULT_GROUP, DEPARTMENT_ID, ABBV)
values (6224, 223206, 'Classroom', null, 1, 1, null, 'Classroom');
commit;
prompt 5 records loaded
prompt Loading ROOM_GROUP_PREF...
insert into ROOM_GROUP_PREF (UNIQUEID, OWNER_ID, PREF_LEVEL_ID, ROOM_GROUP_ID, LAST_MODIFIED_TIME)
values (121335, 223377, 1, 6224, null);
insert into ROOM_GROUP_PREF (UNIQUEID, OWNER_ID, PREF_LEVEL_ID, ROOM_GROUP_ID, LAST_MODIFIED_TIME)
values (121329, 223367, 1, 6224, null);
insert into ROOM_GROUP_PREF (UNIQUEID, OWNER_ID, PREF_LEVEL_ID, ROOM_GROUP_ID, LAST_MODIFIED_TIME)
values (121330, 223790, 1, 6224, null);
insert into ROOM_GROUP_PREF (UNIQUEID, OWNER_ID, PREF_LEVEL_ID, ROOM_GROUP_ID, LAST_MODIFIED_TIME)
values (121345, 223355, 1, 6224, null);
insert into ROOM_GROUP_PREF (UNIQUEID, OWNER_ID, PREF_LEVEL_ID, ROOM_GROUP_ID, LAST_MODIFIED_TIME)
values (121480, 223255, 1, 6223, null);
insert into ROOM_GROUP_PREF (UNIQUEID, OWNER_ID, PREF_LEVEL_ID, ROOM_GROUP_ID, LAST_MODIFIED_TIME)
values (121343, 223372, 1, 6224, null);
insert into ROOM_GROUP_PREF (UNIQUEID, OWNER_ID, PREF_LEVEL_ID, ROOM_GROUP_ID, LAST_MODIFIED_TIME)
values (121352, 223815, 1, 6224, null);
insert into ROOM_GROUP_PREF (UNIQUEID, OWNER_ID, PREF_LEVEL_ID, ROOM_GROUP_ID, LAST_MODIFIED_TIME)
values (121418, 223323, 1, 6224, null);
insert into ROOM_GROUP_PREF (UNIQUEID, OWNER_ID, PREF_LEVEL_ID, ROOM_GROUP_ID, LAST_MODIFIED_TIME)
values (121408, 223309, 1, 6224, null);
insert into ROOM_GROUP_PREF (UNIQUEID, OWNER_ID, PREF_LEVEL_ID, ROOM_GROUP_ID, LAST_MODIFIED_TIME)
values (121397, 223244, 1, 6224, null);
insert into ROOM_GROUP_PREF (UNIQUEID, OWNER_ID, PREF_LEVEL_ID, ROOM_GROUP_ID, LAST_MODIFIED_TIME)
values (121453, 223799, 1, 6226, null);
insert into ROOM_GROUP_PREF (UNIQUEID, OWNER_ID, PREF_LEVEL_ID, ROOM_GROUP_ID, LAST_MODIFIED_TIME)
values (121372, 223868, 1, 6224, null);
insert into ROOM_GROUP_PREF (UNIQUEID, OWNER_ID, PREF_LEVEL_ID, ROOM_GROUP_ID, LAST_MODIFIED_TIME)
values (121393, 223937, 1, 6224, null);
insert into ROOM_GROUP_PREF (UNIQUEID, OWNER_ID, PREF_LEVEL_ID, ROOM_GROUP_ID, LAST_MODIFIED_TIME)
values (121386, 223901, 1, 6224, null);
insert into ROOM_GROUP_PREF (UNIQUEID, OWNER_ID, PREF_LEVEL_ID, ROOM_GROUP_ID, LAST_MODIFIED_TIME)
values (121461, 223296, 1, 6224, null);
insert into ROOM_GROUP_PREF (UNIQUEID, OWNER_ID, PREF_LEVEL_ID, ROOM_GROUP_ID, LAST_MODIFIED_TIME)
values (121395, 223939, 1, 6224, null);
insert into ROOM_GROUP_PREF (UNIQUEID, OWNER_ID, PREF_LEVEL_ID, ROOM_GROUP_ID, LAST_MODIFIED_TIME)
values (121407, 223848, 1, 6226, null);
insert into ROOM_GROUP_PREF (UNIQUEID, OWNER_ID, PREF_LEVEL_ID, ROOM_GROUP_ID, LAST_MODIFIED_TIME)
values (121412, 223997, 1, 6226, null);
insert into ROOM_GROUP_PREF (UNIQUEID, OWNER_ID, PREF_LEVEL_ID, ROOM_GROUP_ID, LAST_MODIFIED_TIME)
values (121420, 224004, 1, 6226, null);
insert into ROOM_GROUP_PREF (UNIQUEID, OWNER_ID, PREF_LEVEL_ID, ROOM_GROUP_ID, LAST_MODIFIED_TIME)
values (121415, 223995, 1, 6224, null);
insert into ROOM_GROUP_PREF (UNIQUEID, OWNER_ID, PREF_LEVEL_ID, ROOM_GROUP_ID, LAST_MODIFIED_TIME)
values (121425, 224016, 1, 6224, null);
insert into ROOM_GROUP_PREF (UNIQUEID, OWNER_ID, PREF_LEVEL_ID, ROOM_GROUP_ID, LAST_MODIFIED_TIME)
values (121422, 223329, 1, 6224, null);
insert into ROOM_GROUP_PREF (UNIQUEID, OWNER_ID, PREF_LEVEL_ID, ROOM_GROUP_ID, LAST_MODIFIED_TIME)
values (121430, 223343, 1, 6224, null);
insert into ROOM_GROUP_PREF (UNIQUEID, OWNER_ID, PREF_LEVEL_ID, ROOM_GROUP_ID, LAST_MODIFIED_TIME)
values (121451, 223948, 1, 6226, null);
insert into ROOM_GROUP_PREF (UNIQUEID, OWNER_ID, PREF_LEVEL_ID, ROOM_GROUP_ID, LAST_MODIFIED_TIME)
values (121436, 224031, 1, 6226, null);
insert into ROOM_GROUP_PREF (UNIQUEID, OWNER_ID, PREF_LEVEL_ID, ROOM_GROUP_ID, LAST_MODIFIED_TIME)
values (121438, 224030, 1, 6224, null);
insert into ROOM_GROUP_PREF (UNIQUEID, OWNER_ID, PREF_LEVEL_ID, ROOM_GROUP_ID, LAST_MODIFIED_TIME)
values (121440, 223349, 1, 6224, null);
insert into ROOM_GROUP_PREF (UNIQUEID, OWNER_ID, PREF_LEVEL_ID, ROOM_GROUP_ID, LAST_MODIFIED_TIME)
values (121449, 223913, 1, 6225, null);
insert into ROOM_GROUP_PREF (UNIQUEID, OWNER_ID, PREF_LEVEL_ID, ROOM_GROUP_ID, LAST_MODIFIED_TIME)
values (121448, 224058, 1, 6225, null);
insert into ROOM_GROUP_PREF (UNIQUEID, OWNER_ID, PREF_LEVEL_ID, ROOM_GROUP_ID, LAST_MODIFIED_TIME)
values (121522, 223228, 1, 6224, null);
commit;
prompt 30 records loaded
prompt Loading ROOM_GROUP_ROOM...
insert into ROOM_GROUP_ROOM (ROOM_GROUP_ID, ROOM_ID)
values (6223, 7991);
insert into ROOM_GROUP_ROOM (ROOM_GROUP_ID, ROOM_ID)
values (6224, 7986);
insert into ROOM_GROUP_ROOM (ROOM_GROUP_ID, ROOM_ID)
values (6224, 7987);
insert into ROOM_GROUP_ROOM (ROOM_GROUP_ID, ROOM_ID)
values (6224, 7988);
insert into ROOM_GROUP_ROOM (ROOM_GROUP_ID, ROOM_ID)
values (6224, 7989);
insert into ROOM_GROUP_ROOM (ROOM_GROUP_ID, ROOM_ID)
values (6224, 7990);
insert into ROOM_GROUP_ROOM (ROOM_GROUP_ID, ROOM_ID)
values (6225, 7992);
insert into ROOM_GROUP_ROOM (ROOM_GROUP_ID, ROOM_ID)
values (6226, 7993);
insert into ROOM_GROUP_ROOM (ROOM_GROUP_ID, ROOM_ID)
values (6227, 7994);
commit;
prompt 9 records loaded
prompt Loading ROOM_JOIN_ROOM_FEATURE...
insert into ROOM_JOIN_ROOM_FEATURE (ROOM_ID, FEATURE_ID)
values (7986, 438);
insert into ROOM_JOIN_ROOM_FEATURE (ROOM_ID, FEATURE_ID)
values (7994, 442);
insert into ROOM_JOIN_ROOM_FEATURE (ROOM_ID, FEATURE_ID)
values (7994, 123);
insert into ROOM_JOIN_ROOM_FEATURE (ROOM_ID, FEATURE_ID)
values (7994, 468);
insert into ROOM_JOIN_ROOM_FEATURE (ROOM_ID, FEATURE_ID)
values (7986, 437);
insert into ROOM_JOIN_ROOM_FEATURE (ROOM_ID, FEATURE_ID)
values (7986, 125);
insert into ROOM_JOIN_ROOM_FEATURE (ROOM_ID, FEATURE_ID)
values (7987, 125);
insert into ROOM_JOIN_ROOM_FEATURE (ROOM_ID, FEATURE_ID)
values (7988, 125);
insert into ROOM_JOIN_ROOM_FEATURE (ROOM_ID, FEATURE_ID)
values (7989, 125);
insert into ROOM_JOIN_ROOM_FEATURE (ROOM_ID, FEATURE_ID)
values (7990, 125);
insert into ROOM_JOIN_ROOM_FEATURE (ROOM_ID, FEATURE_ID)
values (7991, 125);
insert into ROOM_JOIN_ROOM_FEATURE (ROOM_ID, FEATURE_ID)
values (7992, 125);
insert into ROOM_JOIN_ROOM_FEATURE (ROOM_ID, FEATURE_ID)
values (7993, 125);
insert into ROOM_JOIN_ROOM_FEATURE (ROOM_ID, FEATURE_ID)
values (7987, 437);
insert into ROOM_JOIN_ROOM_FEATURE (ROOM_ID, FEATURE_ID)
values (7988, 437);
insert into ROOM_JOIN_ROOM_FEATURE (ROOM_ID, FEATURE_ID)
values (7989, 440);
insert into ROOM_JOIN_ROOM_FEATURE (ROOM_ID, FEATURE_ID)
values (7990, 440);
insert into ROOM_JOIN_ROOM_FEATURE (ROOM_ID, FEATURE_ID)
values (7991, 440);
insert into ROOM_JOIN_ROOM_FEATURE (ROOM_ID, FEATURE_ID)
values (7992, 440);
insert into ROOM_JOIN_ROOM_FEATURE (ROOM_ID, FEATURE_ID)
values (7993, 441);
insert into ROOM_JOIN_ROOM_FEATURE (ROOM_ID, FEATURE_ID)
values (7986, 469);
insert into ROOM_JOIN_ROOM_FEATURE (ROOM_ID, FEATURE_ID)
values (7987, 468);
insert into ROOM_JOIN_ROOM_FEATURE (ROOM_ID, FEATURE_ID)
values (7988, 468);
insert into ROOM_JOIN_ROOM_FEATURE (ROOM_ID, FEATURE_ID)
values (7989, 468);
insert into ROOM_JOIN_ROOM_FEATURE (ROOM_ID, FEATURE_ID)
values (7990, 468);
insert into ROOM_JOIN_ROOM_FEATURE (ROOM_ID, FEATURE_ID)
values (7991, 468);
insert into ROOM_JOIN_ROOM_FEATURE (ROOM_ID, FEATURE_ID)
values (7992, 468);
insert into ROOM_JOIN_ROOM_FEATURE (ROOM_ID, FEATURE_ID)
values (7993, 468);
insert into ROOM_JOIN_ROOM_FEATURE (ROOM_ID, FEATURE_ID)
values (7988, 438);
insert into ROOM_JOIN_ROOM_FEATURE (ROOM_ID, FEATURE_ID)
values (7990, 438);
commit;
prompt 30 records loaded
prompt Loading ROOM_PREF...
insert into ROOM_PREF (UNIQUEID, OWNER_ID, PREF_LEVEL_ID, ROOM_ID, LAST_MODIFIED_TIME)
values (121505, 226199, 4, 7986, null);
insert into ROOM_PREF (UNIQUEID, OWNER_ID, PREF_LEVEL_ID, ROOM_ID, LAST_MODIFIED_TIME)
values (121502, 223207, 6, 7994, null);
insert into ROOM_PREF (UNIQUEID, OWNER_ID, PREF_LEVEL_ID, ROOM_ID, LAST_MODIFIED_TIME)
values (121503, 226199, 7, 7994, null);
insert into ROOM_PREF (UNIQUEID, OWNER_ID, PREF_LEVEL_ID, ROOM_ID, LAST_MODIFIED_TIME)
values (121504, 223207, 4, 7986, null);
insert into ROOM_PREF (UNIQUEID, OWNER_ID, PREF_LEVEL_ID, ROOM_ID, LAST_MODIFIED_TIME)
values (121471, 223207, 7, 7990, null);
insert into ROOM_PREF (UNIQUEID, OWNER_ID, PREF_LEVEL_ID, ROOM_ID, LAST_MODIFIED_TIME)
values (121474, 223207, 4, 7988, null);
commit;
prompt 6 records loaded
prompt Loading SECTIONING_INFO...
insert into SECTIONING_INFO (UNIQUEID, CLASS_ID, NBR_EXP_STUDENTS, NBR_HOLD_STUDENTS)
values (224879, 223965, 0, 0);
insert into SECTIONING_INFO (UNIQUEID, CLASS_ID, NBR_EXP_STUDENTS, NBR_HOLD_STUDENTS)
values (224880, 223966, 0, 0);
insert into SECTIONING_INFO (UNIQUEID, CLASS_ID, NBR_EXP_STUDENTS, NBR_HOLD_STUDENTS)
values (224881, 223979, 0, 0);
insert into SECTIONING_INFO (UNIQUEID, CLASS_ID, NBR_EXP_STUDENTS, NBR_HOLD_STUDENTS)
values (224882, 224034, 0, 0);
insert into SECTIONING_INFO (UNIQUEID, CLASS_ID, NBR_EXP_STUDENTS, NBR_HOLD_STUDENTS)
values (224883, 223249, 0, 0);
insert into SECTIONING_INFO (UNIQUEID, CLASS_ID, NBR_EXP_STUDENTS, NBR_HOLD_STUDENTS)
values (224884, 224035, 0, 0);
insert into SECTIONING_INFO (UNIQUEID, CLASS_ID, NBR_EXP_STUDENTS, NBR_HOLD_STUDENTS)
values (224885, 224040, 0, 0);
insert into SECTIONING_INFO (UNIQUEID, CLASS_ID, NBR_EXP_STUDENTS, NBR_HOLD_STUDENTS)
values (224886, 224060, 0, 0);
insert into SECTIONING_INFO (UNIQUEID, CLASS_ID, NBR_EXP_STUDENTS, NBR_HOLD_STUDENTS)
values (224887, 223964, 0, 0);
insert into SECTIONING_INFO (UNIQUEID, CLASS_ID, NBR_EXP_STUDENTS, NBR_HOLD_STUDENTS)
values (224888, 224006, 0, 0);
insert into SECTIONING_INFO (UNIQUEID, CLASS_ID, NBR_EXP_STUDENTS, NBR_HOLD_STUDENTS)
values (224889, 223851, 0, 0);
insert into SECTIONING_INFO (UNIQUEID, CLASS_ID, NBR_EXP_STUDENTS, NBR_HOLD_STUDENTS)
values (224890, 223963, 0, 0);
insert into SECTIONING_INFO (UNIQUEID, CLASS_ID, NBR_EXP_STUDENTS, NBR_HOLD_STUDENTS)
values (224891, 223869, 0, 0);
insert into SECTIONING_INFO (UNIQUEID, CLASS_ID, NBR_EXP_STUDENTS, NBR_HOLD_STUDENTS)
values (224892, 223951, 0, 0);
insert into SECTIONING_INFO (UNIQUEID, CLASS_ID, NBR_EXP_STUDENTS, NBR_HOLD_STUDENTS)
values (224893, 223977, 0, 0);
insert into SECTIONING_INFO (UNIQUEID, CLASS_ID, NBR_EXP_STUDENTS, NBR_HOLD_STUDENTS)
values (224894, 223314, 0, 0);
insert into SECTIONING_INFO (UNIQUEID, CLASS_ID, NBR_EXP_STUDENTS, NBR_HOLD_STUDENTS)
values (224895, 224061, 0, 0);
insert into SECTIONING_INFO (UNIQUEID, CLASS_ID, NBR_EXP_STUDENTS, NBR_HOLD_STUDENTS)
values (224896, 223826, 0, 0);
insert into SECTIONING_INFO (UNIQUEID, CLASS_ID, NBR_EXP_STUDENTS, NBR_HOLD_STUDENTS)
values (224897, 224038, 0, 0);
insert into SECTIONING_INFO (UNIQUEID, CLASS_ID, NBR_EXP_STUDENTS, NBR_HOLD_STUDENTS)
values (224898, 224017, 0, 0);
insert into SECTIONING_INFO (UNIQUEID, CLASS_ID, NBR_EXP_STUDENTS, NBR_HOLD_STUDENTS)
values (224899, 223855, 0, 0);
insert into SECTIONING_INFO (UNIQUEID, CLASS_ID, NBR_EXP_STUDENTS, NBR_HOLD_STUDENTS)
values (224900, 223922, 0, 0);
insert into SECTIONING_INFO (UNIQUEID, CLASS_ID, NBR_EXP_STUDENTS, NBR_HOLD_STUDENTS)
values (224901, 223917, 0, 0);
insert into SECTIONING_INFO (UNIQUEID, CLASS_ID, NBR_EXP_STUDENTS, NBR_HOLD_STUDENTS)
values (224902, 223998, 0, 0);
insert into SECTIONING_INFO (UNIQUEID, CLASS_ID, NBR_EXP_STUDENTS, NBR_HOLD_STUDENTS)
values (224903, 224007, 0, 0);
insert into SECTIONING_INFO (UNIQUEID, CLASS_ID, NBR_EXP_STUDENTS, NBR_HOLD_STUDENTS)
values (224904, 224005, 0, 0);
insert into SECTIONING_INFO (UNIQUEID, CLASS_ID, NBR_EXP_STUDENTS, NBR_HOLD_STUDENTS)
values (224905, 223905, 0, 0);
insert into SECTIONING_INFO (UNIQUEID, CLASS_ID, NBR_EXP_STUDENTS, NBR_HOLD_STUDENTS)
values (224906, 223313, 0, 0);
insert into SECTIONING_INFO (UNIQUEID, CLASS_ID, NBR_EXP_STUDENTS, NBR_HOLD_STUDENTS)
values (224907, 223300, 0, 0);
insert into SECTIONING_INFO (UNIQUEID, CLASS_ID, NBR_EXP_STUDENTS, NBR_HOLD_STUDENTS)
values (224908, 223859, 0, 0);
insert into SECTIONING_INFO (UNIQUEID, CLASS_ID, NBR_EXP_STUDENTS, NBR_HOLD_STUDENTS)
values (224909, 223904, 0, 0);
insert into SECTIONING_INFO (UNIQUEID, CLASS_ID, NBR_EXP_STUDENTS, NBR_HOLD_STUDENTS)
values (224910, 223999, 0, 0);
insert into SECTIONING_INFO (UNIQUEID, CLASS_ID, NBR_EXP_STUDENTS, NBR_HOLD_STUDENTS)
values (224911, 223927, 0, 0);
insert into SECTIONING_INFO (UNIQUEID, CLASS_ID, NBR_EXP_STUDENTS, NBR_HOLD_STUDENTS)
values (224912, 223956, 0, 0);
insert into SECTIONING_INFO (UNIQUEID, CLASS_ID, NBR_EXP_STUDENTS, NBR_HOLD_STUDENTS)
values (224913, 223261, 0, 0);
insert into SECTIONING_INFO (UNIQUEID, CLASS_ID, NBR_EXP_STUDENTS, NBR_HOLD_STUDENTS)
values (224914, 223829, 0, 0);
insert into SECTIONING_INFO (UNIQUEID, CLASS_ID, NBR_EXP_STUDENTS, NBR_HOLD_STUDENTS)
values (224915, 223317, 0, 0);
insert into SECTIONING_INFO (UNIQUEID, CLASS_ID, NBR_EXP_STUDENTS, NBR_HOLD_STUDENTS)
values (224916, 223268, 0, 0);
insert into SECTIONING_INFO (UNIQUEID, CLASS_ID, NBR_EXP_STUDENTS, NBR_HOLD_STUDENTS)
values (224917, 224000, 0, 0);
insert into SECTIONING_INFO (UNIQUEID, CLASS_ID, NBR_EXP_STUDENTS, NBR_HOLD_STUDENTS)
values (224918, 223258, 0, 0);
insert into SECTIONING_INFO (UNIQUEID, CLASS_ID, NBR_EXP_STUDENTS, NBR_HOLD_STUDENTS)
values (224919, 223919, 0, 0);
insert into SECTIONING_INFO (UNIQUEID, CLASS_ID, NBR_EXP_STUDENTS, NBR_HOLD_STUDENTS)
values (224920, 223801, 0, 0);
insert into SECTIONING_INFO (UNIQUEID, CLASS_ID, NBR_EXP_STUDENTS, NBR_HOLD_STUDENTS)
values (224921, 223950, 0, 0);
insert into SECTIONING_INFO (UNIQUEID, CLASS_ID, NBR_EXP_STUDENTS, NBR_HOLD_STUDENTS)
values (224922, 223305, 0, 0);
insert into SECTIONING_INFO (UNIQUEID, CLASS_ID, NBR_EXP_STUDENTS, NBR_HOLD_STUDENTS)
values (224923, 223265, 0, 0);
insert into SECTIONING_INFO (UNIQUEID, CLASS_ID, NBR_EXP_STUDENTS, NBR_HOLD_STUDENTS)
values (224924, 223825, 0, 0);
insert into SECTIONING_INFO (UNIQUEID, CLASS_ID, NBR_EXP_STUDENTS, NBR_HOLD_STUDENTS)
values (224925, 223269, 0, 0);
insert into SECTIONING_INFO (UNIQUEID, CLASS_ID, NBR_EXP_STUDENTS, NBR_HOLD_STUDENTS)
values (224926, 223260, 0, 0);
insert into SECTIONING_INFO (UNIQUEID, CLASS_ID, NBR_EXP_STUDENTS, NBR_HOLD_STUDENTS)
values (224927, 223379, 0, 0);
insert into SECTIONING_INFO (UNIQUEID, CLASS_ID, NBR_EXP_STUDENTS, NBR_HOLD_STUDENTS)
values (224928, 223828, 0, 0);
insert into SECTIONING_INFO (UNIQUEID, CLASS_ID, NBR_EXP_STUDENTS, NBR_HOLD_STUDENTS)
values (224929, 223856, 0, 0);
insert into SECTIONING_INFO (UNIQUEID, CLASS_ID, NBR_EXP_STUDENTS, NBR_HOLD_STUDENTS)
values (224930, 223835, 0, 0);
insert into SECTIONING_INFO (UNIQUEID, CLASS_ID, NBR_EXP_STUDENTS, NBR_HOLD_STUDENTS)
values (224931, 223316, 0, 0);
insert into SECTIONING_INFO (UNIQUEID, CLASS_ID, NBR_EXP_STUDENTS, NBR_HOLD_STUDENTS)
values (224932, 223962, 0, 0);
insert into SECTIONING_INFO (UNIQUEID, CLASS_ID, NBR_EXP_STUDENTS, NBR_HOLD_STUDENTS)
values (224933, 223908, 0, 0);
insert into SECTIONING_INFO (UNIQUEID, CLASS_ID, NBR_EXP_STUDENTS, NBR_HOLD_STUDENTS)
values (224934, 223854, 0, 0);
insert into SECTIONING_INFO (UNIQUEID, CLASS_ID, NBR_EXP_STUDENTS, NBR_HOLD_STUDENTS)
values (224935, 223907, 0, 0);
insert into SECTIONING_INFO (UNIQUEID, CLASS_ID, NBR_EXP_STUDENTS, NBR_HOLD_STUDENTS)
values (224936, 223852, 0, 0);
insert into SECTIONING_INFO (UNIQUEID, CLASS_ID, NBR_EXP_STUDENTS, NBR_HOLD_STUDENTS)
values (224937, 223324, 0, 0);
insert into SECTIONING_INFO (UNIQUEID, CLASS_ID, NBR_EXP_STUDENTS, NBR_HOLD_STUDENTS)
values (224938, 223976, 0, 0);
insert into SECTIONING_INFO (UNIQUEID, CLASS_ID, NBR_EXP_STUDENTS, NBR_HOLD_STUDENTS)
values (224939, 224028, 0, 0);
insert into SECTIONING_INFO (UNIQUEID, CLASS_ID, NBR_EXP_STUDENTS, NBR_HOLD_STUDENTS)
values (224940, 224059, 0, 0);
insert into SECTIONING_INFO (UNIQUEID, CLASS_ID, NBR_EXP_STUDENTS, NBR_HOLD_STUDENTS)
values (224941, 223331, 0, 0);
insert into SECTIONING_INFO (UNIQUEID, CLASS_ID, NBR_EXP_STUDENTS, NBR_HOLD_STUDENTS)
values (224942, 224022, 0, 0);
insert into SECTIONING_INFO (UNIQUEID, CLASS_ID, NBR_EXP_STUDENTS, NBR_HOLD_STUDENTS)
values (224943, 223926, 0, 0);
insert into SECTIONING_INFO (UNIQUEID, CLASS_ID, NBR_EXP_STUDENTS, NBR_HOLD_STUDENTS)
values (224944, 223800, 0, 0);
insert into SECTIONING_INFO (UNIQUEID, CLASS_ID, NBR_EXP_STUDENTS, NBR_HOLD_STUDENTS)
values (224945, 223297, 0, 0);
insert into SECTIONING_INFO (UNIQUEID, CLASS_ID, NBR_EXP_STUDENTS, NBR_HOLD_STUDENTS)
values (224946, 223947, 0, 0);
insert into SECTIONING_INFO (UNIQUEID, CLASS_ID, NBR_EXP_STUDENTS, NBR_HOLD_STUDENTS)
values (224947, 223378, 0, 0);
insert into SECTIONING_INFO (UNIQUEID, CLASS_ID, NBR_EXP_STUDENTS, NBR_HOLD_STUDENTS)
values (224948, 223350, 0, 0);
insert into SECTIONING_INFO (UNIQUEID, CLASS_ID, NBR_EXP_STUDENTS, NBR_HOLD_STUDENTS)
values (224949, 223918, 0, 0);
insert into SECTIONING_INFO (UNIQUEID, CLASS_ID, NBR_EXP_STUDENTS, NBR_HOLD_STUDENTS)
values (224950, 223914, 0, 0);
insert into SECTIONING_INFO (UNIQUEID, CLASS_ID, NBR_EXP_STUDENTS, NBR_HOLD_STUDENTS)
values (224951, 223958, 0, 0);
insert into SECTIONING_INFO (UNIQUEID, CLASS_ID, NBR_EXP_STUDENTS, NBR_HOLD_STUDENTS)
values (224952, 223858, 0, 0);
insert into SECTIONING_INFO (UNIQUEID, CLASS_ID, NBR_EXP_STUDENTS, NBR_HOLD_STUDENTS)
values (224953, 223363, 0, 0);
insert into SECTIONING_INFO (UNIQUEID, CLASS_ID, NBR_EXP_STUDENTS, NBR_HOLD_STUDENTS)
values (224954, 223312, 0, 0);
insert into SECTIONING_INFO (UNIQUEID, CLASS_ID, NBR_EXP_STUDENTS, NBR_HOLD_STUDENTS)
values (224955, 223817, 0, 0);
insert into SECTIONING_INFO (UNIQUEID, CLASS_ID, NBR_EXP_STUDENTS, NBR_HOLD_STUDENTS)
values (224956, 223957, 0, 0);
insert into SECTIONING_INFO (UNIQUEID, CLASS_ID, NBR_EXP_STUDENTS, NBR_HOLD_STUDENTS)
values (224957, 223298, 0, 0);
insert into SECTIONING_INFO (UNIQUEID, CLASS_ID, NBR_EXP_STUDENTS, NBR_HOLD_STUDENTS)
values (224958, 223356, 0, 0);
insert into SECTIONING_INFO (UNIQUEID, CLASS_ID, NBR_EXP_STUDENTS, NBR_HOLD_STUDENTS)
values (224959, 223959, 0, 0);
insert into SECTIONING_INFO (UNIQUEID, CLASS_ID, NBR_EXP_STUDENTS, NBR_HOLD_STUDENTS)
values (224960, 223830, 0, 0);
insert into SECTIONING_INFO (UNIQUEID, CLASS_ID, NBR_EXP_STUDENTS, NBR_HOLD_STUDENTS)
values (224961, 223827, 0, 0);
insert into SECTIONING_INFO (UNIQUEID, CLASS_ID, NBR_EXP_STUDENTS, NBR_HOLD_STUDENTS)
values (224962, 223259, 0, 0);
insert into SECTIONING_INFO (UNIQUEID, CLASS_ID, NBR_EXP_STUDENTS, NBR_HOLD_STUDENTS)
values (224963, 223921, 0, 0);
insert into SECTIONING_INFO (UNIQUEID, CLASS_ID, NBR_EXP_STUDENTS, NBR_HOLD_STUDENTS)
values (224964, 223832, 0, 0);
insert into SECTIONING_INFO (UNIQUEID, CLASS_ID, NBR_EXP_STUDENTS, NBR_HOLD_STUDENTS)
values (224965, 223978, 0, 0);
insert into SECTIONING_INFO (UNIQUEID, CLASS_ID, NBR_EXP_STUDENTS, NBR_HOLD_STUDENTS)
values (224966, 223344, 0, 0);
insert into SECTIONING_INFO (UNIQUEID, CLASS_ID, NBR_EXP_STUDENTS, NBR_HOLD_STUDENTS)
values (224967, 223819, 0, 0);
insert into SECTIONING_INFO (UNIQUEID, CLASS_ID, NBR_EXP_STUDENTS, NBR_HOLD_STUDENTS)
values (224968, 223831, 0, 0);
insert into SECTIONING_INFO (UNIQUEID, CLASS_ID, NBR_EXP_STUDENTS, NBR_HOLD_STUDENTS)
values (224969, 224008, 0, 0);
insert into SECTIONING_INFO (UNIQUEID, CLASS_ID, NBR_EXP_STUDENTS, NBR_HOLD_STUDENTS)
values (224970, 223860, 0, 0);
insert into SECTIONING_INFO (UNIQUEID, CLASS_ID, NBR_EXP_STUDENTS, NBR_HOLD_STUDENTS)
values (224971, 223899, 0, 0);
insert into SECTIONING_INFO (UNIQUEID, CLASS_ID, NBR_EXP_STUDENTS, NBR_HOLD_STUDENTS)
values (224972, 223291, 0, 0);
insert into SECTIONING_INFO (UNIQUEID, CLASS_ID, NBR_EXP_STUDENTS, NBR_HOLD_STUDENTS)
values (224973, 223915, 0, 0);
insert into SECTIONING_INFO (UNIQUEID, CLASS_ID, NBR_EXP_STUDENTS, NBR_HOLD_STUDENTS)
values (224974, 224041, 0, 0);
insert into SECTIONING_INFO (UNIQUEID, CLASS_ID, NBR_EXP_STUDENTS, NBR_HOLD_STUDENTS)
values (224975, 223857, 0, 0);
insert into SECTIONING_INFO (UNIQUEID, CLASS_ID, NBR_EXP_STUDENTS, NBR_HOLD_STUDENTS)
values (224976, 223906, 0, 0);
insert into SECTIONING_INFO (UNIQUEID, CLASS_ID, NBR_EXP_STUDENTS, NBR_HOLD_STUDENTS)
values (224977, 223920, 0, 0);
insert into SECTIONING_INFO (UNIQUEID, CLASS_ID, NBR_EXP_STUDENTS, NBR_HOLD_STUDENTS)
values (224978, 223302, 0, 0);
commit;
prompt 100 records committed...
insert into SECTIONING_INFO (UNIQUEID, CLASS_ID, NBR_EXP_STUDENTS, NBR_HOLD_STUDENTS)
values (224979, 223900, 0, 0);
insert into SECTIONING_INFO (UNIQUEID, CLASS_ID, NBR_EXP_STUDENTS, NBR_HOLD_STUDENTS)
values (224980, 223824, 0, 0);
insert into SECTIONING_INFO (UNIQUEID, CLASS_ID, NBR_EXP_STUDENTS, NBR_HOLD_STUDENTS)
values (224981, 223870, 0, 0);
insert into SECTIONING_INFO (UNIQUEID, CLASS_ID, NBR_EXP_STUDENTS, NBR_HOLD_STUDENTS)
values (224982, 223903, 0, 0);
insert into SECTIONING_INFO (UNIQUEID, CLASS_ID, NBR_EXP_STUDENTS, NBR_HOLD_STUDENTS)
values (224983, 223910, 0, 0);
insert into SECTIONING_INFO (UNIQUEID, CLASS_ID, NBR_EXP_STUDENTS, NBR_HOLD_STUDENTS)
values (224984, 223853, 0, 0);
insert into SECTIONING_INFO (UNIQUEID, CLASS_ID, NBR_EXP_STUDENTS, NBR_HOLD_STUDENTS)
values (224985, 223916, 0, 0);
insert into SECTIONING_INFO (UNIQUEID, CLASS_ID, NBR_EXP_STUDENTS, NBR_HOLD_STUDENTS)
values (224986, 223909, 0, 0);
insert into SECTIONING_INFO (UNIQUEID, CLASS_ID, NBR_EXP_STUDENTS, NBR_HOLD_STUDENTS)
values (224987, 223960, 0, 0);
insert into SECTIONING_INFO (UNIQUEID, CLASS_ID, NBR_EXP_STUDENTS, NBR_HOLD_STUDENTS)
values (224988, 224033, 0, 0);
insert into SECTIONING_INFO (UNIQUEID, CLASS_ID, NBR_EXP_STUDENTS, NBR_HOLD_STUDENTS)
values (224989, 223949, 0, 0);
insert into SECTIONING_INFO (UNIQUEID, CLASS_ID, NBR_EXP_STUDENTS, NBR_HOLD_STUDENTS)
values (224990, 223318, 0, 0);
insert into SECTIONING_INFO (UNIQUEID, CLASS_ID, NBR_EXP_STUDENTS, NBR_HOLD_STUDENTS)
values (224991, 223803, 0, 0);
insert into SECTIONING_INFO (UNIQUEID, CLASS_ID, NBR_EXP_STUDENTS, NBR_HOLD_STUDENTS)
values (224992, 223996, 0, 0);
insert into SECTIONING_INFO (UNIQUEID, CLASS_ID, NBR_EXP_STUDENTS, NBR_HOLD_STUDENTS)
values (224993, 223330, 0, 0);
insert into SECTIONING_INFO (UNIQUEID, CLASS_ID, NBR_EXP_STUDENTS, NBR_HOLD_STUDENTS)
values (224994, 223311, 0, 0);
insert into SECTIONING_INFO (UNIQUEID, CLASS_ID, NBR_EXP_STUDENTS, NBR_HOLD_STUDENTS)
values (224995, 223264, 0, 0);
insert into SECTIONING_INFO (UNIQUEID, CLASS_ID, NBR_EXP_STUDENTS, NBR_HOLD_STUDENTS)
values (224996, 223325, 0, 0);
insert into SECTIONING_INFO (UNIQUEID, CLASS_ID, NBR_EXP_STUDENTS, NBR_HOLD_STUDENTS)
values (224997, 223961, 0, 0);
insert into SECTIONING_INFO (UNIQUEID, CLASS_ID, NBR_EXP_STUDENTS, NBR_HOLD_STUDENTS)
values (224998, 224032, 0, 0);
insert into SECTIONING_INFO (UNIQUEID, CLASS_ID, NBR_EXP_STUDENTS, NBR_HOLD_STUDENTS)
values (224999, 223834, 0, 0);
insert into SECTIONING_INFO (UNIQUEID, CLASS_ID, NBR_EXP_STUDENTS, NBR_HOLD_STUDENTS)
values (225000, 223245, 0, 0);
insert into SECTIONING_INFO (UNIQUEID, CLASS_ID, NBR_EXP_STUDENTS, NBR_HOLD_STUDENTS)
values (225001, 223884, 0, 0);
insert into SECTIONING_INFO (UNIQUEID, CLASS_ID, NBR_EXP_STUDENTS, NBR_HOLD_STUDENTS)
values (225002, 223304, 0, 0);
insert into SECTIONING_INFO (UNIQUEID, CLASS_ID, NBR_EXP_STUDENTS, NBR_HOLD_STUDENTS)
values (225003, 224057, 0, 0);
insert into SECTIONING_INFO (UNIQUEID, CLASS_ID, NBR_EXP_STUDENTS, NBR_HOLD_STUDENTS)
values (225004, 223319, 0, 0);
insert into SECTIONING_INFO (UNIQUEID, CLASS_ID, NBR_EXP_STUDENTS, NBR_HOLD_STUDENTS)
values (225005, 223267, 0, 0);
insert into SECTIONING_INFO (UNIQUEID, CLASS_ID, NBR_EXP_STUDENTS, NBR_HOLD_STUDENTS)
values (225006, 223967, 0, 0);
insert into SECTIONING_INFO (UNIQUEID, CLASS_ID, NBR_EXP_STUDENTS, NBR_HOLD_STUDENTS)
values (225007, 223310, 0, 0);
insert into SECTIONING_INFO (UNIQUEID, CLASS_ID, NBR_EXP_STUDENTS, NBR_HOLD_STUDENTS)
values (225008, 223299, 0, 0);
insert into SECTIONING_INFO (UNIQUEID, CLASS_ID, NBR_EXP_STUDENTS, NBR_HOLD_STUDENTS)
values (225009, 223973, 0, 0);
insert into SECTIONING_INFO (UNIQUEID, CLASS_ID, NBR_EXP_STUDENTS, NBR_HOLD_STUDENTS)
values (225010, 224050, 0, 0);
insert into SECTIONING_INFO (UNIQUEID, CLASS_ID, NBR_EXP_STUDENTS, NBR_HOLD_STUDENTS)
values (225011, 223970, 0, 0);
insert into SECTIONING_INFO (UNIQUEID, CLASS_ID, NBR_EXP_STUDENTS, NBR_HOLD_STUDENTS)
values (225012, 223373, 0, 0);
insert into SECTIONING_INFO (UNIQUEID, CLASS_ID, NBR_EXP_STUDENTS, NBR_HOLD_STUDENTS)
values (225013, 223303, 0, 0);
insert into SECTIONING_INFO (UNIQUEID, CLASS_ID, NBR_EXP_STUDENTS, NBR_HOLD_STUDENTS)
values (225014, 223802, 0, 0);
insert into SECTIONING_INFO (UNIQUEID, CLASS_ID, NBR_EXP_STUDENTS, NBR_HOLD_STUDENTS)
values (225015, 223240, 0, 0);
insert into SECTIONING_INFO (UNIQUEID, CLASS_ID, NBR_EXP_STUDENTS, NBR_HOLD_STUDENTS)
values (225016, 224042, 0, 0);
insert into SECTIONING_INFO (UNIQUEID, CLASS_ID, NBR_EXP_STUDENTS, NBR_HOLD_STUDENTS)
values (225017, 223315, 0, 0);
insert into SECTIONING_INFO (UNIQUEID, CLASS_ID, NBR_EXP_STUDENTS, NBR_HOLD_STUDENTS)
values (225018, 224036, 0, 0);
insert into SECTIONING_INFO (UNIQUEID, CLASS_ID, NBR_EXP_STUDENTS, NBR_HOLD_STUDENTS)
values (225019, 224039, 0, 0);
insert into SECTIONING_INFO (UNIQUEID, CLASS_ID, NBR_EXP_STUDENTS, NBR_HOLD_STUDENTS)
values (225020, 223902, 0, 0);
insert into SECTIONING_INFO (UNIQUEID, CLASS_ID, NBR_EXP_STUDENTS, NBR_HOLD_STUDENTS)
values (225021, 223833, 0, 0);
insert into SECTIONING_INFO (UNIQUEID, CLASS_ID, NBR_EXP_STUDENTS, NBR_HOLD_STUDENTS)
values (225022, 223818, 0, 0);
insert into SECTIONING_INFO (UNIQUEID, CLASS_ID, NBR_EXP_STUDENTS, NBR_HOLD_STUDENTS)
values (225023, 223263, 0, 0);
insert into SECTIONING_INFO (UNIQUEID, CLASS_ID, NBR_EXP_STUDENTS, NBR_HOLD_STUDENTS)
values (225024, 223351, 0, 0);
insert into SECTIONING_INFO (UNIQUEID, CLASS_ID, NBR_EXP_STUDENTS, NBR_HOLD_STUDENTS)
values (225025, 223301, 0, 0);
insert into SECTIONING_INFO (UNIQUEID, CLASS_ID, NBR_EXP_STUDENTS, NBR_HOLD_STUDENTS)
values (225026, 223968, 0, 0);
insert into SECTIONING_INFO (UNIQUEID, CLASS_ID, NBR_EXP_STUDENTS, NBR_HOLD_STUDENTS)
values (225027, 223257, 0, 0);
insert into SECTIONING_INFO (UNIQUEID, CLASS_ID, NBR_EXP_STUDENTS, NBR_HOLD_STUDENTS)
values (225028, 223256, 0, 0);
commit;
prompt 150 records loaded
prompt Loading SOLVER_GR_TO_TT_MGR...
insert into SOLVER_GR_TO_TT_MGR (SOLVER_GROUP_ID, TIMETABLE_MGR_ID)
values (344, 473);
insert into SOLVER_GR_TO_TT_MGR (SOLVER_GROUP_ID, TIMETABLE_MGR_ID)
values (345, 472);
commit;
prompt 2 records loaded
prompt Loading SOLVER_INFO_DEF...
insert into SOLVER_INFO_DEF (UNIQUEID, NAME, DESCRIPTION, IMPLEMENTATION)
values (1, 'GlobalInfo', 'Global solution information table', 'org.unitime.timetable.solver.ui.PropertiesInfo');
insert into SOLVER_INFO_DEF (UNIQUEID, NAME, DESCRIPTION, IMPLEMENTATION)
values (2, 'CBSInfo', 'Conflict-based statistics', 'org.unitime.timetable.solver.ui.ConflictStatisticsInfo');
insert into SOLVER_INFO_DEF (UNIQUEID, NAME, DESCRIPTION, IMPLEMENTATION)
values (3, 'AssignmentInfo', 'Preferences of a single assignment', 'org.unitime.timetable.solver.ui.AssignmentPreferenceInfo');
insert into SOLVER_INFO_DEF (UNIQUEID, NAME, DESCRIPTION, IMPLEMENTATION)
values (4, 'DistributionInfo', 'Distribution (group constraint) preferences', 'org.unitime.timetable.solver.ui.GroupConstraintInfo');
insert into SOLVER_INFO_DEF (UNIQUEID, NAME, DESCRIPTION, IMPLEMENTATION)
values (5, 'JenrlInfo', 'Student conflicts', 'org.unitime.timetable.solver.ui.JenrlInfo');
insert into SOLVER_INFO_DEF (UNIQUEID, NAME, DESCRIPTION, IMPLEMENTATION)
values (6, 'LogInfo', 'Solver Log', 'org.unitime.timetable.solver.ui.LogInfo');
insert into SOLVER_INFO_DEF (UNIQUEID, NAME, DESCRIPTION, IMPLEMENTATION)
values (7, 'BtbInstructorInfo', 'Back-to-back instructor preferences', 'org.unitime.timetable.solver.ui.BtbInstructorConstraintInfo');
commit;
prompt 7 records loaded
prompt Loading SOLVER_PARAMETER_GROUP...
insert into SOLVER_PARAMETER_GROUP (UNIQUEID, NAME, DESCRIPTION, CONDITION, ORD)
values (41, 'Distance', 'Distances', null, 14);
insert into SOLVER_PARAMETER_GROUP (UNIQUEID, NAME, DESCRIPTION, CONDITION, ORD)
values (21, 'TimePreferences', 'Default Time Preferences', null, 13);
insert into SOLVER_PARAMETER_GROUP (UNIQUEID, NAME, DESCRIPTION, CONDITION, ORD)
values (1, 'Basic', 'Basic Settings', null, 0);
insert into SOLVER_PARAMETER_GROUP (UNIQUEID, NAME, DESCRIPTION, CONDITION, ORD)
values (2, 'General', 'General Settings', null, 1);
insert into SOLVER_PARAMETER_GROUP (UNIQUEID, NAME, DESCRIPTION, CONDITION, ORD)
values (3, 'MPP', 'Minimal-perturbation Setting', null, 2);
insert into SOLVER_PARAMETER_GROUP (UNIQUEID, NAME, DESCRIPTION, CONDITION, ORD)
values (4, 'Perturbations', 'Perturbation Penalty', null, 3);
insert into SOLVER_PARAMETER_GROUP (UNIQUEID, NAME, DESCRIPTION, CONDITION, ORD)
values (5, 'DepartmentSpread', 'Departmental Balancing', null, 4);
insert into SOLVER_PARAMETER_GROUP (UNIQUEID, NAME, DESCRIPTION, CONDITION, ORD)
values (6, 'ConflictStatistics', 'Conflict-based Statistics', null, 5);
insert into SOLVER_PARAMETER_GROUP (UNIQUEID, NAME, DESCRIPTION, CONDITION, ORD)
values (7, 'Termination', 'Termination Conditions', null, 6);
insert into SOLVER_PARAMETER_GROUP (UNIQUEID, NAME, DESCRIPTION, CONDITION, ORD)
values (8, 'Comparator', 'Solution Comparator Weights', null, 7);
insert into SOLVER_PARAMETER_GROUP (UNIQUEID, NAME, DESCRIPTION, CONDITION, ORD)
values (9, 'Variable', 'Lecture Selection', null, 8);
insert into SOLVER_PARAMETER_GROUP (UNIQUEID, NAME, DESCRIPTION, CONDITION, ORD)
values (10, 'Value', 'Placement Selection', null, 9);
insert into SOLVER_PARAMETER_GROUP (UNIQUEID, NAME, DESCRIPTION, CONDITION, ORD)
values (11, 'Classes', 'Implementations', null, 10);
insert into SOLVER_PARAMETER_GROUP (UNIQUEID, NAME, DESCRIPTION, CONDITION, ORD)
values (12, 'Spread', 'Same Subpart Balancing', null, 11);
insert into SOLVER_PARAMETER_GROUP (UNIQUEID, NAME, DESCRIPTION, CONDITION, ORD)
values (13, 'SearchIntensification', 'Search Intensification', null, 12);
insert into SOLVER_PARAMETER_GROUP (UNIQUEID, NAME, DESCRIPTION, CONDITION, ORD)
values (61, 'Neighbour', 'Neighbour Selection', null, 15);
commit;
prompt 16 records loaded
prompt Loading SOLVER_PARAMETER_DEF...
insert into SOLVER_PARAMETER_DEF (UNIQUEID, NAME, DEFAULT_VALUE, DESCRIPTION, TYPE, ORD, VISIBLE, SOLVER_PARAM_GROUP_ID)
values (109, 'Placement.NrAssignmentsWeight2', '0.0', 'Number of assignments weight (level 2)', 'double', 20, 0, 10);
insert into SOLVER_PARAMETER_DEF (UNIQUEID, NAME, DEFAULT_VALUE, DESCRIPTION, TYPE, ORD, VISIBLE, SOLVER_PARAM_GROUP_ID)
values (110, 'Placement.NrConflictsWeight2', '0.0', 'Number of conflicts weight (level 2)', 'double', 21, 1, 10);
insert into SOLVER_PARAMETER_DEF (UNIQUEID, NAME, DEFAULT_VALUE, DESCRIPTION, TYPE, ORD, VISIBLE, SOLVER_PARAM_GROUP_ID)
values (111, 'Placement.WeightedConflictsWeight2', '0.0', 'Weighted conflicts weight (CBS, level 2)', 'double', 22, 1, 10);
insert into SOLVER_PARAMETER_DEF (UNIQUEID, NAME, DEFAULT_VALUE, DESCRIPTION, TYPE, ORD, VISIBLE, SOLVER_PARAM_GROUP_ID)
values (112, 'Placement.NrPotentialConflictsWeight2', '0.0', 'Number of potential conflicts weight (CBS, level 2)', 'double', 23, 0, 10);
insert into SOLVER_PARAMETER_DEF (UNIQUEID, NAME, DEFAULT_VALUE, DESCRIPTION, TYPE, ORD, VISIBLE, SOLVER_PARAM_GROUP_ID)
values (113, 'Placement.MPP_DeltaInitialAssignmentWeight2', '%Comparator.PerturbationPenaltyWeight%', 'Delta initial assigments weight (MPP, level 2)', 'double', 24, 0, 10);
insert into SOLVER_PARAMETER_DEF (UNIQUEID, NAME, DEFAULT_VALUE, DESCRIPTION, TYPE, ORD, VISIBLE, SOLVER_PARAM_GROUP_ID)
values (114, 'Placement.NrHardStudConfsWeight2', '%Comparator.HardStudentConflictWeight%', 'Hard student conflicts weight (level 2)', 'double', 25, 0, 10);
insert into SOLVER_PARAMETER_DEF (UNIQUEID, NAME, DEFAULT_VALUE, DESCRIPTION, TYPE, ORD, VISIBLE, SOLVER_PARAM_GROUP_ID)
values (115, 'Placement.NrStudConfsWeight2', '%Comparator.StudentConflictWeight%', 'Student conflicts weight (level 2)', 'double', 26, 0, 10);
insert into SOLVER_PARAMETER_DEF (UNIQUEID, NAME, DEFAULT_VALUE, DESCRIPTION, TYPE, ORD, VISIBLE, SOLVER_PARAM_GROUP_ID)
values (116, 'Placement.TimePreferenceWeight2', '%Comparator.TimePreferenceWeight%', 'Time preference weight (level 2)', 'double', 27, 0, 10);
insert into SOLVER_PARAMETER_DEF (UNIQUEID, NAME, DEFAULT_VALUE, DESCRIPTION, TYPE, ORD, VISIBLE, SOLVER_PARAM_GROUP_ID)
values (117, 'Placement.DeltaTimePreferenceWeight2', '0.0', 'Time preference delta weight (level 2)', 'double', 28, 0, 10);
insert into SOLVER_PARAMETER_DEF (UNIQUEID, NAME, DEFAULT_VALUE, DESCRIPTION, TYPE, ORD, VISIBLE, SOLVER_PARAM_GROUP_ID)
values (118, 'Placement.ConstrPreferenceWeight2', '%Comparator.ContrPreferenceWeight%', 'Constraint preference weight (level 2)', 'double', 29, 0, 10);
insert into SOLVER_PARAMETER_DEF (UNIQUEID, NAME, DEFAULT_VALUE, DESCRIPTION, TYPE, ORD, VISIBLE, SOLVER_PARAM_GROUP_ID)
values (119, 'Placement.RoomPreferenceWeight2', '%Comparator.RoomPreferenceWeight%', 'Room preference weight (level 2)', 'double', 30, 0, 10);
insert into SOLVER_PARAMETER_DEF (UNIQUEID, NAME, DEFAULT_VALUE, DESCRIPTION, TYPE, ORD, VISIBLE, SOLVER_PARAM_GROUP_ID)
values (120, 'Placement.UselessSlotsWeight2', '%Comparator.UselessSlotWeight%', 'Useless slot weight (level 2)', 'double', 31, 0, 10);
insert into SOLVER_PARAMETER_DEF (UNIQUEID, NAME, DEFAULT_VALUE, DESCRIPTION, TYPE, ORD, VISIBLE, SOLVER_PARAM_GROUP_ID)
values (121, 'Placement.TooBigRoomWeight2', '%Comparator.TooBigRoomWeight%', 'Too big room weight (level 2)', 'double', 32, 0, 10);
insert into SOLVER_PARAMETER_DEF (UNIQUEID, NAME, DEFAULT_VALUE, DESCRIPTION, TYPE, ORD, VISIBLE, SOLVER_PARAM_GROUP_ID)
values (122, 'Placement.DistanceInstructorPreferenceWeight2', '%Comparator.DistanceInstructorPreferenceWeight%', 'Back-to-back instructor preferences weight (level 2)', 'double', 33, 0, 10);
insert into SOLVER_PARAMETER_DEF (UNIQUEID, NAME, DEFAULT_VALUE, DESCRIPTION, TYPE, ORD, VISIBLE, SOLVER_PARAM_GROUP_ID)
values (123, 'Placement.DeptSpreadPenaltyWeight2', '%Comparator.DeptSpreadPenaltyWeight%', 'Department balancing: penalty of when a slot over initial allowance is used (level 2)', 'double', 34, 0, 10);
insert into SOLVER_PARAMETER_DEF (UNIQUEID, NAME, DEFAULT_VALUE, DESCRIPTION, TYPE, ORD, VISIBLE, SOLVER_PARAM_GROUP_ID)
values (124, 'Placement.ThresholdKoef2', '0.1', 'Threshold koeficient (level 2)', 'double', 35, 0, 10);
insert into SOLVER_PARAMETER_DEF (UNIQUEID, NAME, DEFAULT_VALUE, DESCRIPTION, TYPE, ORD, VISIBLE, SOLVER_PARAM_GROUP_ID)
values (125, 'Placement.NrAssignmentsWeight3', '0.0', 'Number of assignments weight (level 3)', 'double', 36, 0, 10);
insert into SOLVER_PARAMETER_DEF (UNIQUEID, NAME, DEFAULT_VALUE, DESCRIPTION, TYPE, ORD, VISIBLE, SOLVER_PARAM_GROUP_ID)
values (221, 'Neighbour.Class', 'net.sf.cpsolver.coursett.heuristics.NeighbourSelectionWithSuggestions', 'Neighbour Selection', 'text', 7, 0, 11);
insert into SOLVER_PARAMETER_DEF (UNIQUEID, NAME, DEFAULT_VALUE, DESCRIPTION, TYPE, ORD, VISIBLE, SOLVER_PARAM_GROUP_ID)
values (222, 'Neighbour.SuggestionProbability', '0.1', 'Probability of using suggestions', 'double', 0, 1, 61);
insert into SOLVER_PARAMETER_DEF (UNIQUEID, NAME, DEFAULT_VALUE, DESCRIPTION, TYPE, ORD, VISIBLE, SOLVER_PARAM_GROUP_ID)
values (223, 'Neighbour.SuggestionTimeout', '500', 'Suggestions timeout', 'integer', 1, 1, 61);
insert into SOLVER_PARAMETER_DEF (UNIQUEID, NAME, DEFAULT_VALUE, DESCRIPTION, TYPE, ORD, VISIBLE, SOLVER_PARAM_GROUP_ID)
values (224, 'Neighbour.SuggestionDepth', '4', 'Suggestions depth', 'integer', 2, 1, 61);
insert into SOLVER_PARAMETER_DEF (UNIQUEID, NAME, DEFAULT_VALUE, DESCRIPTION, TYPE, ORD, VISIBLE, SOLVER_PARAM_GROUP_ID)
values (225, 'Neighbour.SuggestionProbabilityAllAssigned', '0.5', 'Probability of using suggestions (when all classes are assigned)', 'double', 3, 1, 61);
insert into SOLVER_PARAMETER_DEF (UNIQUEID, NAME, DEFAULT_VALUE, DESCRIPTION, TYPE, ORD, VISIBLE, SOLVER_PARAM_GROUP_ID)
values (241, 'General.IgnoreRoomSharing', 'false', 'Ignore Room Sharing', 'boolean', 12, 1, 2);
insert into SOLVER_PARAMETER_DEF (UNIQUEID, NAME, DEFAULT_VALUE, DESCRIPTION, TYPE, ORD, VISIBLE, SOLVER_PARAM_GROUP_ID)
values (126, 'Placement.NrConflictsWeight3', '0.0', 'Number of conflicts weight (level 3)', 'double', 37, 0, 10);
insert into SOLVER_PARAMETER_DEF (UNIQUEID, NAME, DEFAULT_VALUE, DESCRIPTION, TYPE, ORD, VISIBLE, SOLVER_PARAM_GROUP_ID)
values (127, 'Placement.WeightedConflictsWeight3', '0.0', 'Weighted conflicts weight (CBS, level 3)', 'double', 38, 0, 10);
insert into SOLVER_PARAMETER_DEF (UNIQUEID, NAME, DEFAULT_VALUE, DESCRIPTION, TYPE, ORD, VISIBLE, SOLVER_PARAM_GROUP_ID)
values (128, 'Placement.NrPotentialConflictsWeight3', '0.0', 'Number of potential conflicts weight (CBS, level 3)', 'double', 39, 0, 10);
insert into SOLVER_PARAMETER_DEF (UNIQUEID, NAME, DEFAULT_VALUE, DESCRIPTION, TYPE, ORD, VISIBLE, SOLVER_PARAM_GROUP_ID)
values (129, 'Placement.MPP_DeltaInitialAssignmentWeight3', '0.0', 'Delta initial assigments weight (MPP, level 3)', 'double', 40, 0, 10);
insert into SOLVER_PARAMETER_DEF (UNIQUEID, NAME, DEFAULT_VALUE, DESCRIPTION, TYPE, ORD, VISIBLE, SOLVER_PARAM_GROUP_ID)
values (130, 'Placement.NrHardStudConfsWeight3', '0.0', 'Hard student conflicts weight (level 3)', 'double', 41, 0, 10);
insert into SOLVER_PARAMETER_DEF (UNIQUEID, NAME, DEFAULT_VALUE, DESCRIPTION, TYPE, ORD, VISIBLE, SOLVER_PARAM_GROUP_ID)
values (131, 'Placement.NrStudConfsWeight3', '0.0', 'Student conflicts weight (level 3)', 'double', 42, 0, 10);
insert into SOLVER_PARAMETER_DEF (UNIQUEID, NAME, DEFAULT_VALUE, DESCRIPTION, TYPE, ORD, VISIBLE, SOLVER_PARAM_GROUP_ID)
values (132, 'Placement.TimePreferenceWeight3', '0.0', 'Time preference weight (level 3)', 'double', 43, 0, 10);
insert into SOLVER_PARAMETER_DEF (UNIQUEID, NAME, DEFAULT_VALUE, DESCRIPTION, TYPE, ORD, VISIBLE, SOLVER_PARAM_GROUP_ID)
values (133, 'Placement.DeltaTimePreferenceWeight3', '0.0', 'Time preference delta weight (level 3)', 'double', 44, 0, 10);
insert into SOLVER_PARAMETER_DEF (UNIQUEID, NAME, DEFAULT_VALUE, DESCRIPTION, TYPE, ORD, VISIBLE, SOLVER_PARAM_GROUP_ID)
values (134, 'Placement.ConstrPreferenceWeight3', '0.0', 'Constraint preference weight (level 3)', 'double', 45, 0, 10);
insert into SOLVER_PARAMETER_DEF (UNIQUEID, NAME, DEFAULT_VALUE, DESCRIPTION, TYPE, ORD, VISIBLE, SOLVER_PARAM_GROUP_ID)
values (135, 'Placement.RoomPreferenceWeight3', '0.0', 'Room preference weight (level 3)', 'double', 46, 0, 10);
insert into SOLVER_PARAMETER_DEF (UNIQUEID, NAME, DEFAULT_VALUE, DESCRIPTION, TYPE, ORD, VISIBLE, SOLVER_PARAM_GROUP_ID)
values (136, 'Placement.UselessSlotsWeight3', '0.0', 'Useless slot weight (level 3)', 'double', 47, 0, 10);
insert into SOLVER_PARAMETER_DEF (UNIQUEID, NAME, DEFAULT_VALUE, DESCRIPTION, TYPE, ORD, VISIBLE, SOLVER_PARAM_GROUP_ID)
values (137, 'Placement.TooBigRoomWeight3', '0.0', 'Too big room weight (level 3)', 'double', 48, 0, 10);
insert into SOLVER_PARAMETER_DEF (UNIQUEID, NAME, DEFAULT_VALUE, DESCRIPTION, TYPE, ORD, VISIBLE, SOLVER_PARAM_GROUP_ID)
values (138, 'Placement.DistanceInstructorPreferenceWeight3', '0.0', 'Back-to-back instructor preferences weight (level 3)', 'double', 49, 0, 10);
insert into SOLVER_PARAMETER_DEF (UNIQUEID, NAME, DEFAULT_VALUE, DESCRIPTION, TYPE, ORD, VISIBLE, SOLVER_PARAM_GROUP_ID)
values (139, 'Placement.DeptSpreadPenaltyWeight3', '0.0', 'Department balancing: penalty of when a slot over initial allowance is used (level 3)', 'double', 50, 0, 10);
insert into SOLVER_PARAMETER_DEF (UNIQUEID, NAME, DEFAULT_VALUE, DESCRIPTION, TYPE, ORD, VISIBLE, SOLVER_PARAM_GROUP_ID)
values (140, 'Placement.SpreadPenaltyWeight1', '0.1', 'Same subpart balancing: penalty of when a slot over initial allowance is used (level 1)', 'double', 51, 1, 10);
insert into SOLVER_PARAMETER_DEF (UNIQUEID, NAME, DEFAULT_VALUE, DESCRIPTION, TYPE, ORD, VISIBLE, SOLVER_PARAM_GROUP_ID)
values (141, 'Placement.SpreadPenaltyWeight2', '%Comparator.SpreadPenaltyWeight%', 'Same subpart balancing: penalty of when a slot over initial allowance is used (level 2)', 'double', 52, 0, 10);
insert into SOLVER_PARAMETER_DEF (UNIQUEID, NAME, DEFAULT_VALUE, DESCRIPTION, TYPE, ORD, VISIBLE, SOLVER_PARAM_GROUP_ID)
values (142, 'Placement.SpreadPenaltyWeight3', '0.0', 'Same subpart balancing: penalty of when a slot over initial allowance is used (level 3)', 'double', 53, 0, 10);
insert into SOLVER_PARAMETER_DEF (UNIQUEID, NAME, DEFAULT_VALUE, DESCRIPTION, TYPE, ORD, VISIBLE, SOLVER_PARAM_GROUP_ID)
values (143, 'Placement.NrCommitedStudConfsWeight1', '0.5', 'Commited student conlict weight (level 1)', 'double', 54, 1, 10);
insert into SOLVER_PARAMETER_DEF (UNIQUEID, NAME, DEFAULT_VALUE, DESCRIPTION, TYPE, ORD, VISIBLE, SOLVER_PARAM_GROUP_ID)
values (144, 'Placement.NrCommitedStudConfsWeight2', '%Comparator.CommitedStudentConflictWeight%', 'Commited student conlict weight (level 2)', 'double', 55, 0, 10);
insert into SOLVER_PARAMETER_DEF (UNIQUEID, NAME, DEFAULT_VALUE, DESCRIPTION, TYPE, ORD, VISIBLE, SOLVER_PARAM_GROUP_ID)
values (145, 'Placement.NrCommitedStudConfsWeight3', '0.0', 'Commited student conlict weight (level 3)', 'double', 56, 0, 10);
insert into SOLVER_PARAMETER_DEF (UNIQUEID, NAME, DEFAULT_VALUE, DESCRIPTION, TYPE, ORD, VISIBLE, SOLVER_PARAM_GROUP_ID)
values (146, 'SearchIntensification.IterationLimit', '100', 'Iteration limit (number of iteration after which the search is restarted to the best known solution)', 'integer', 0, 1, 13);
insert into SOLVER_PARAMETER_DEF (UNIQUEID, NAME, DEFAULT_VALUE, DESCRIPTION, TYPE, ORD, VISIBLE, SOLVER_PARAM_GROUP_ID)
values (147, 'SearchIntensification.ResetInterval', '5', 'Number of consecutive restarts to increase iteration limit (if this number of restarts is reached, iteration limit is increased)', 'integer', 1, 1, 13);
insert into SOLVER_PARAMETER_DEF (UNIQUEID, NAME, DEFAULT_VALUE, DESCRIPTION, TYPE, ORD, VISIBLE, SOLVER_PARAM_GROUP_ID)
values (148, 'SearchIntensification.MultiplyInterval', '2', 'Iteration limit incremental coefficient (when a better solution is found, iteration limit is changed back to initial)', 'integer', 2, 1, 13);
insert into SOLVER_PARAMETER_DEF (UNIQUEID, NAME, DEFAULT_VALUE, DESCRIPTION, TYPE, ORD, VISIBLE, SOLVER_PARAM_GROUP_ID)
values (149, 'SearchIntensification.Multiply', '2', 'Reset conflict-based statistics (number of consecutive restarts after which CBS is cleared, zero means no reset of CBS)', 'integer', 3, 1, 13);
insert into SOLVER_PARAMETER_DEF (UNIQUEID, NAME, DEFAULT_VALUE, DESCRIPTION, TYPE, ORD, VISIBLE, SOLVER_PARAM_GROUP_ID)
values (150, 'General.SearchIntensification', 'true', 'Use search intensification', 'boolean', 6, 1, 2);
insert into SOLVER_PARAMETER_DEF (UNIQUEID, NAME, DEFAULT_VALUE, DESCRIPTION, TYPE, ORD, VISIBLE, SOLVER_PARAM_GROUP_ID)
values (162, 'General.SettingsId', '-1', 'Settings Id', 'integer', 8, 0, 2);
insert into SOLVER_PARAMETER_DEF (UNIQUEID, NAME, DEFAULT_VALUE, DESCRIPTION, TYPE, ORD, VISIBLE, SOLVER_PARAM_GROUP_ID)
values (201, 'General.SolverWarnings', null, 'Solver Warnings', 'text', 10, 0, 2);
insert into SOLVER_PARAMETER_DEF (UNIQUEID, NAME, DEFAULT_VALUE, DESCRIPTION, TYPE, ORD, VISIBLE, SOLVER_PARAM_GROUP_ID)
values (202, 'General.AutoSameStudentsConstraint', 'SAME_STUDENTS', 'Automatic same student constraint', 'enum(SAME_STUDENTS,DIFF_TIME)', 11, 1, 2);
insert into SOLVER_PARAMETER_DEF (UNIQUEID, NAME, DEFAULT_VALUE, DESCRIPTION, TYPE, ORD, VISIBLE, SOLVER_PARAM_GROUP_ID)
values (203, 'Instructor.NoPreferenceLimit', '0.0', 'Instructor Constraint: No Preference Limit', 'double', 0, 1, 41);
insert into SOLVER_PARAMETER_DEF (UNIQUEID, NAME, DEFAULT_VALUE, DESCRIPTION, TYPE, ORD, VISIBLE, SOLVER_PARAM_GROUP_ID)
values (204, 'Instructor.DiscouragedLimit', '5.0', 'Instructor Constraint: Discouraged Limit', 'double', 1, 1, 41);
insert into SOLVER_PARAMETER_DEF (UNIQUEID, NAME, DEFAULT_VALUE, DESCRIPTION, TYPE, ORD, VISIBLE, SOLVER_PARAM_GROUP_ID)
values (205, 'Instructor.ProhibitedLimit', '20.0', 'Instructor Constraint: Prohibited Limit', 'double', 2, 1, 41);
insert into SOLVER_PARAMETER_DEF (UNIQUEID, NAME, DEFAULT_VALUE, DESCRIPTION, TYPE, ORD, VISIBLE, SOLVER_PARAM_GROUP_ID)
values (206, 'Student.DistanceLimit', '67.0', 'Student Conflict: Distance Limit', 'double', 3, 1, 41);
insert into SOLVER_PARAMETER_DEF (UNIQUEID, NAME, DEFAULT_VALUE, DESCRIPTION, TYPE, ORD, VISIBLE, SOLVER_PARAM_GROUP_ID)
values (207, 'Student.DistanceLimit75min', '100.0', 'Student Conflict: Distance Limit (after 75min class)', 'double', 4, 1, 41);
insert into SOLVER_PARAMETER_DEF (UNIQUEID, NAME, DEFAULT_VALUE, DESCRIPTION, TYPE, ORD, VISIBLE, SOLVER_PARAM_GROUP_ID)
values (161, 'Placement.CanUnassingSingleton', 'true', 'Can unassign a singleton value', 'boolean', 57, 1, 10);
insert into SOLVER_PARAMETER_DEF (UNIQUEID, NAME, DEFAULT_VALUE, DESCRIPTION, TYPE, ORD, VISIBLE, SOLVER_PARAM_GROUP_ID)
values (181, 'TimePreferences.Weight', '0.0', 'Time preferences weight', 'double', 0, 1, 21);
insert into SOLVER_PARAMETER_DEF (UNIQUEID, NAME, DEFAULT_VALUE, DESCRIPTION, TYPE, ORD, VISIBLE, SOLVER_PARAM_GROUP_ID)
values (182, 'TimePreferences.Pref', '2222222222222224222222222222222223333222222222222222222222222224222222222222222223333222222222222222222222222224222222222222222223333222222222222222222222222224222222222222222223333222222222222222222222222224222222222222222223333222222222222222222222', 'Time preferences', 'timepref', 1, 1, 21);
insert into SOLVER_PARAMETER_DEF (UNIQUEID, NAME, DEFAULT_VALUE, DESCRIPTION, TYPE, ORD, VISIBLE, SOLVER_PARAM_GROUP_ID)
values (1, 'Basic.Mode', 'Initial', 'Solver mode', 'enum(Initial,MPP)', 0, 1, 1);
insert into SOLVER_PARAMETER_DEF (UNIQUEID, NAME, DEFAULT_VALUE, DESCRIPTION, TYPE, ORD, VISIBLE, SOLVER_PARAM_GROUP_ID)
values (2, 'Basic.WhenFinished', 'No Action', 'When finished', 'enum(No Action,Save,Save as New,Save and Unload,Save as New and Unload)', 1, 1, 1);
insert into SOLVER_PARAMETER_DEF (UNIQUEID, NAME, DEFAULT_VALUE, DESCRIPTION, TYPE, ORD, VISIBLE, SOLVER_PARAM_GROUP_ID)
values (3, 'Basic.DisobeyHard', 'false', 'Allow breaking of hard constraints', 'boolean', 2, 1, 1);
insert into SOLVER_PARAMETER_DEF (UNIQUEID, NAME, DEFAULT_VALUE, DESCRIPTION, TYPE, ORD, VISIBLE, SOLVER_PARAM_GROUP_ID)
values (4, 'General.SwitchStudents', 'true', 'Student final sectioning', 'boolean', 3, 1, 1);
insert into SOLVER_PARAMETER_DEF (UNIQUEID, NAME, DEFAULT_VALUE, DESCRIPTION, TYPE, ORD, VISIBLE, SOLVER_PARAM_GROUP_ID)
values (5, 'General.DeptBalancing', 'false', 'Use departmental balancing', 'boolean', 9, 1, 2);
insert into SOLVER_PARAMETER_DEF (UNIQUEID, NAME, DEFAULT_VALUE, DESCRIPTION, TYPE, ORD, VISIBLE, SOLVER_PARAM_GROUP_ID)
values (6, 'General.CBS', 'true', 'Use conflict-based statistics', 'boolean', 0, 1, 2);
insert into SOLVER_PARAMETER_DEF (UNIQUEID, NAME, DEFAULT_VALUE, DESCRIPTION, TYPE, ORD, VISIBLE, SOLVER_PARAM_GROUP_ID)
values (7, 'General.SaveBestUnassigned', '-1', 'Minimal number of unassigned variables to save best solution found (-1 always save)', 'integer', 1, 0, 2);
insert into SOLVER_PARAMETER_DEF (UNIQUEID, NAME, DEFAULT_VALUE, DESCRIPTION, TYPE, ORD, VISIBLE, SOLVER_PARAM_GROUP_ID)
values (9, 'General.UseDistanceConstraints', 'true', 'Use building distances', 'boolean', 2, 0, 2);
insert into SOLVER_PARAMETER_DEF (UNIQUEID, NAME, DEFAULT_VALUE, DESCRIPTION, TYPE, ORD, VISIBLE, SOLVER_PARAM_GROUP_ID)
values (10, 'General.Spread', 'true', 'Use same subpart balancing', 'boolean', 3, 1, 2);
insert into SOLVER_PARAMETER_DEF (UNIQUEID, NAME, DEFAULT_VALUE, DESCRIPTION, TYPE, ORD, VISIBLE, SOLVER_PARAM_GROUP_ID)
values (11, 'General.AutoSameStudents', 'true', 'Use automatic same_students constraints', 'boolean', 4, 1, 2);
insert into SOLVER_PARAMETER_DEF (UNIQUEID, NAME, DEFAULT_VALUE, DESCRIPTION, TYPE, ORD, VISIBLE, SOLVER_PARAM_GROUP_ID)
values (12, 'General.NormalizedPrefDecreaseFactor', '0.77', 'Time preference normalization decrease factor', 'double', 5, 1, 2);
insert into SOLVER_PARAMETER_DEF (UNIQUEID, NAME, DEFAULT_VALUE, DESCRIPTION, TYPE, ORD, VISIBLE, SOLVER_PARAM_GROUP_ID)
values (13, 'Global.LoadStudentEnrlsFromSolution', 'false', 'Load student enrollments from solution<BR>(faster, but it ignores new classes)', 'boolean', 7, 1, 2);
insert into SOLVER_PARAMETER_DEF (UNIQUEID, NAME, DEFAULT_VALUE, DESCRIPTION, TYPE, ORD, VISIBLE, SOLVER_PARAM_GROUP_ID)
values (14, 'DeptBalancing.SpreadFactor', '1.2', 'Initial allowance of the slots for a particular time', 'double', 0, 1, 5);
insert into SOLVER_PARAMETER_DEF (UNIQUEID, NAME, DEFAULT_VALUE, DESCRIPTION, TYPE, ORD, VISIBLE, SOLVER_PARAM_GROUP_ID)
values (15, 'DeptBalancing.Unassignments2Weaken', '0', 'Increase the initial allowance when it causes the given number of unassignments', 'integer', 1, 1, 5);
insert into SOLVER_PARAMETER_DEF (UNIQUEID, NAME, DEFAULT_VALUE, DESCRIPTION, TYPE, ORD, VISIBLE, SOLVER_PARAM_GROUP_ID)
values (16, 'Spread.SpreadFactor', '1.2', 'Initial allowance of the slots for a particular time', 'double', 0, 1, 12);
insert into SOLVER_PARAMETER_DEF (UNIQUEID, NAME, DEFAULT_VALUE, DESCRIPTION, TYPE, ORD, VISIBLE, SOLVER_PARAM_GROUP_ID)
values (17, 'Spread.Unassignments2Weaken', '50', 'Increase the initial allowance when it causes the given number of unassignments', 'integer', 1, 1, 12);
insert into SOLVER_PARAMETER_DEF (UNIQUEID, NAME, DEFAULT_VALUE, DESCRIPTION, TYPE, ORD, VISIBLE, SOLVER_PARAM_GROUP_ID)
values (18, 'ConflictStatistics.Ageing', '1.0', 'Ageing (koef)', 'double', 0, 0, 6);
insert into SOLVER_PARAMETER_DEF (UNIQUEID, NAME, DEFAULT_VALUE, DESCRIPTION, TYPE, ORD, VISIBLE, SOLVER_PARAM_GROUP_ID)
values (19, 'ConflictStatistics.AgeingHalfTime', '0', 'Ageing -- half time (number of iteration)', 'integer', 1, 0, 6);
insert into SOLVER_PARAMETER_DEF (UNIQUEID, NAME, DEFAULT_VALUE, DESCRIPTION, TYPE, ORD, VISIBLE, SOLVER_PARAM_GROUP_ID)
values (20, 'ConflictStatistics.Print', 'true', 'Print conflict statistics', 'boolean', 2, 0, 6);
insert into SOLVER_PARAMETER_DEF (UNIQUEID, NAME, DEFAULT_VALUE, DESCRIPTION, TYPE, ORD, VISIBLE, SOLVER_PARAM_GROUP_ID)
values (21, 'ConflictStatistics.PrintInterval', '-1', 'Number of iterations to print CBS (-1 just keep in memory and save within the solution)', 'integer', 3, 0, 6);
insert into SOLVER_PARAMETER_DEF (UNIQUEID, NAME, DEFAULT_VALUE, DESCRIPTION, TYPE, ORD, VISIBLE, SOLVER_PARAM_GROUP_ID)
values (22, 'PerturbationCounter.Class', 'net.sf.cpsolver.coursett.heuristics.UniversalPerturbationsCounter', 'Perturbations counter', 'text', 0, 0, 11);
insert into SOLVER_PARAMETER_DEF (UNIQUEID, NAME, DEFAULT_VALUE, DESCRIPTION, TYPE, ORD, VISIBLE, SOLVER_PARAM_GROUP_ID)
values (23, 'Termination.Class', 'net.sf.cpsolver.ifs.termination.MPPTerminationCondition', 'Termination condition', 'text', 1, 0, 11);
insert into SOLVER_PARAMETER_DEF (UNIQUEID, NAME, DEFAULT_VALUE, DESCRIPTION, TYPE, ORD, VISIBLE, SOLVER_PARAM_GROUP_ID)
values (24, 'Comparator.Class', 'net.sf.cpsolver.coursett.heuristics.TimetableComparator', 'Solution comparator', 'text', 2, 0, 11);
insert into SOLVER_PARAMETER_DEF (UNIQUEID, NAME, DEFAULT_VALUE, DESCRIPTION, TYPE, ORD, VISIBLE, SOLVER_PARAM_GROUP_ID)
values (25, 'Variable.Class', 'net.sf.cpsolver.coursett.heuristics.LectureSelection', 'Lecture selection', 'text', 3, 0, 11);
insert into SOLVER_PARAMETER_DEF (UNIQUEID, NAME, DEFAULT_VALUE, DESCRIPTION, TYPE, ORD, VISIBLE, SOLVER_PARAM_GROUP_ID)
values (26, 'Value.Class', 'net.sf.cpsolver.coursett.heuristics.PlacementSelection', 'Placement selection', 'text', 4, 0, 11);
insert into SOLVER_PARAMETER_DEF (UNIQUEID, NAME, DEFAULT_VALUE, DESCRIPTION, TYPE, ORD, VISIBLE, SOLVER_PARAM_GROUP_ID)
values (27, 'TimetableLoader', 'org.unitime.timetable.solver.TimetableDatabaseLoader', 'Loader class', 'text', 5, 0, 11);
insert into SOLVER_PARAMETER_DEF (UNIQUEID, NAME, DEFAULT_VALUE, DESCRIPTION, TYPE, ORD, VISIBLE, SOLVER_PARAM_GROUP_ID)
values (28, 'TimetableSaver', 'org.unitime.timetable.solver.TimetableDatabaseSaver', 'Saver class', 'text', 6, 0, 11);
insert into SOLVER_PARAMETER_DEF (UNIQUEID, NAME, DEFAULT_VALUE, DESCRIPTION, TYPE, ORD, VISIBLE, SOLVER_PARAM_GROUP_ID)
values (29, 'Perturbations.DifferentPlacement', '0.0', 'Different value than initial is assigned', 'double', 0, 1, 4);
insert into SOLVER_PARAMETER_DEF (UNIQUEID, NAME, DEFAULT_VALUE, DESCRIPTION, TYPE, ORD, VISIBLE, SOLVER_PARAM_GROUP_ID)
values (30, 'Perturbations.AffectedStudentWeight', '0.1', 'Number of students which are enrolled in a class which is placed to a different location than initial', 'double', 1, 1, 4);
insert into SOLVER_PARAMETER_DEF (UNIQUEID, NAME, DEFAULT_VALUE, DESCRIPTION, TYPE, ORD, VISIBLE, SOLVER_PARAM_GROUP_ID)
values (32, 'Perturbations.AffectedInstructorWeight', '0.0', 'Number of classes which are placed to a different room than initial', 'double', 3, 1, 4);
insert into SOLVER_PARAMETER_DEF (UNIQUEID, NAME, DEFAULT_VALUE, DESCRIPTION, TYPE, ORD, VISIBLE, SOLVER_PARAM_GROUP_ID)
values (33, 'Perturbations.AffectedInstructorWeight', '0.0', 'Number of classes which are placed to a different room than initial', 'double', 4, 1, 4);
insert into SOLVER_PARAMETER_DEF (UNIQUEID, NAME, DEFAULT_VALUE, DESCRIPTION, TYPE, ORD, VISIBLE, SOLVER_PARAM_GROUP_ID)
values (34, 'Perturbations.DifferentRoomWeight', '0.0', 'Number of classes which are placed to a different room than initial', 'double', 5, 1, 4);
insert into SOLVER_PARAMETER_DEF (UNIQUEID, NAME, DEFAULT_VALUE, DESCRIPTION, TYPE, ORD, VISIBLE, SOLVER_PARAM_GROUP_ID)
values (35, 'Perturbations.DifferentBuildingWeight', '0.0', 'Number of classes which are placed to a different building than initial', 'double', 6, 1, 4);
insert into SOLVER_PARAMETER_DEF (UNIQUEID, NAME, DEFAULT_VALUE, DESCRIPTION, TYPE, ORD, VISIBLE, SOLVER_PARAM_GROUP_ID)
values (36, 'Perturbations.DifferentTimeWeight', '0.0', 'Number of classes which are placed in a different time than initial', 'double', 7, 1, 4);
insert into SOLVER_PARAMETER_DEF (UNIQUEID, NAME, DEFAULT_VALUE, DESCRIPTION, TYPE, ORD, VISIBLE, SOLVER_PARAM_GROUP_ID)
values (37, 'Perturbations.DifferentDayWeight', '0.0', 'Number of classes which are placed in a different days than initial', 'double', 8, 1, 4);
insert into SOLVER_PARAMETER_DEF (UNIQUEID, NAME, DEFAULT_VALUE, DESCRIPTION, TYPE, ORD, VISIBLE, SOLVER_PARAM_GROUP_ID)
values (38, 'Perturbations.DifferentHourWeight', '0.0', 'Number of classes which are placed in a different hours than initial', 'double', 9, 1, 4);
insert into SOLVER_PARAMETER_DEF (UNIQUEID, NAME, DEFAULT_VALUE, DESCRIPTION, TYPE, ORD, VISIBLE, SOLVER_PARAM_GROUP_ID)
values (39, 'Perturbations.DeltaStudentConflictsWeight', '0.0', 'Difference of student conflicts of classes assigned to current placements instead of initial placements', 'double', 10, 1, 4);
insert into SOLVER_PARAMETER_DEF (UNIQUEID, NAME, DEFAULT_VALUE, DESCRIPTION, TYPE, ORD, VISIBLE, SOLVER_PARAM_GROUP_ID)
values (40, 'Perturbations.NewStudentConflictsWeight', '0.0', 'New created student conflicts -- particular students are taken into account', 'double', 11, 1, 4);
insert into SOLVER_PARAMETER_DEF (UNIQUEID, NAME, DEFAULT_VALUE, DESCRIPTION, TYPE, ORD, VISIBLE, SOLVER_PARAM_GROUP_ID)
values (41, 'Perturbations.TooFarForInstructorsWeight', '0.0', 'New placement of a class is too far from the intial placement (instructor-wise)', 'double', 12, 1, 4);
insert into SOLVER_PARAMETER_DEF (UNIQUEID, NAME, DEFAULT_VALUE, DESCRIPTION, TYPE, ORD, VISIBLE, SOLVER_PARAM_GROUP_ID)
values (42, 'Perturbations.TooFarForStudentsWeight', '0.0', 'New placement of a class is too far from the intial placement (student-wise)', 'double', 13, 1, 4);
insert into SOLVER_PARAMETER_DEF (UNIQUEID, NAME, DEFAULT_VALUE, DESCRIPTION, TYPE, ORD, VISIBLE, SOLVER_PARAM_GROUP_ID)
values (43, 'Perturbations.DeltaInstructorDistancePreferenceWeight', '0.0', 'Difference between number of instructor distance preferences of the initial ', 'double', 14, 1, 4);
commit;
prompt 100 records committed...
insert into SOLVER_PARAMETER_DEF (UNIQUEID, NAME, DEFAULT_VALUE, DESCRIPTION, TYPE, ORD, VISIBLE, SOLVER_PARAM_GROUP_ID)
values (44, 'Perturbations.DeltaRoomPreferenceWeight', '0.0', 'Difference between room preferences of the initial and the current solution', 'double', 15, 1, 4);
insert into SOLVER_PARAMETER_DEF (UNIQUEID, NAME, DEFAULT_VALUE, DESCRIPTION, TYPE, ORD, VISIBLE, SOLVER_PARAM_GROUP_ID)
values (45, 'Perturbations.DeltaTimePreferenceWeight', '0.0', 'Difference between time preferences of the initial and the current solution', 'double', 16, 1, 4);
insert into SOLVER_PARAMETER_DEF (UNIQUEID, NAME, DEFAULT_VALUE, DESCRIPTION, TYPE, ORD, VISIBLE, SOLVER_PARAM_GROUP_ID)
values (46, 'Perturbations.AffectedStudentByTimeWeight', '0.0', 'Number of students which are enrolled in a class which is placed to a different time than initial', 'double', 17, 1, 4);
insert into SOLVER_PARAMETER_DEF (UNIQUEID, NAME, DEFAULT_VALUE, DESCRIPTION, TYPE, ORD, VISIBLE, SOLVER_PARAM_GROUP_ID)
values (47, 'Perturbations.AffectedInstructorByTimeWeight', '0.0', 'Number of instructors which are assigned to classes which are placed to different time than initial', 'double', 18, 1, 4);
insert into SOLVER_PARAMETER_DEF (UNIQUEID, NAME, DEFAULT_VALUE, DESCRIPTION, TYPE, ORD, VISIBLE, SOLVER_PARAM_GROUP_ID)
values (48, 'Perturbations.AffectedStudentByRoomWeight', '0.0', 'Number of students which are enrolled in a class which is placed to a different room than initial', 'double', 19, 1, 4);
insert into SOLVER_PARAMETER_DEF (UNIQUEID, NAME, DEFAULT_VALUE, DESCRIPTION, TYPE, ORD, VISIBLE, SOLVER_PARAM_GROUP_ID)
values (49, 'Perturbations.AffectedInstructorByRoomWeight', '0.0', 'Number of instructors which are assigned to classes which are placed to different room than initial', 'double', 20, 1, 4);
insert into SOLVER_PARAMETER_DEF (UNIQUEID, NAME, DEFAULT_VALUE, DESCRIPTION, TYPE, ORD, VISIBLE, SOLVER_PARAM_GROUP_ID)
values (50, 'Perturbations.AffectedStudentByBldgWeight', '0.0', 'Number of students which are enrolled in a class which is placed to a different building than initial', 'double', 21, 1, 4);
insert into SOLVER_PARAMETER_DEF (UNIQUEID, NAME, DEFAULT_VALUE, DESCRIPTION, TYPE, ORD, VISIBLE, SOLVER_PARAM_GROUP_ID)
values (51, 'Perturbations.AffectedInstructorByBldgWeight', '0.0', 'Number of instructors which are assigned to classes which are placed to different building than initial', 'double', 22, 1, 4);
insert into SOLVER_PARAMETER_DEF (UNIQUEID, NAME, DEFAULT_VALUE, DESCRIPTION, TYPE, ORD, VISIBLE, SOLVER_PARAM_GROUP_ID)
values (52, 'Termination.MinPerturbances', '-1', 'Minimal allowed number of perturbances (-1 not use)', 'integer', 0, 0, 7);
insert into SOLVER_PARAMETER_DEF (UNIQUEID, NAME, DEFAULT_VALUE, DESCRIPTION, TYPE, ORD, VISIBLE, SOLVER_PARAM_GROUP_ID)
values (53, 'Termination.MaxIters', '-1', 'Maximal number of iteration', 'integer', 1, 0, 7);
insert into SOLVER_PARAMETER_DEF (UNIQUEID, NAME, DEFAULT_VALUE, DESCRIPTION, TYPE, ORD, VISIBLE, SOLVER_PARAM_GROUP_ID)
values (54, 'Termination.TimeOut', '1800', 'Maximal solver time (in sec)', 'integer', 2, 1, 7);
insert into SOLVER_PARAMETER_DEF (UNIQUEID, NAME, DEFAULT_VALUE, DESCRIPTION, TYPE, ORD, VISIBLE, SOLVER_PARAM_GROUP_ID)
values (55, 'Termination.StopWhenComplete', 'false', 'Stop computation when a complete solution is found', 'boolean', 3, 1, 7);
insert into SOLVER_PARAMETER_DEF (UNIQUEID, NAME, DEFAULT_VALUE, DESCRIPTION, TYPE, ORD, VISIBLE, SOLVER_PARAM_GROUP_ID)
values (56, 'Comparator.HardStudentConflictWeight', '0.8', 'Weight of hard student conflict', 'double', 0, 1, 8);
insert into SOLVER_PARAMETER_DEF (UNIQUEID, NAME, DEFAULT_VALUE, DESCRIPTION, TYPE, ORD, VISIBLE, SOLVER_PARAM_GROUP_ID)
values (57, 'Comparator.StudentConflictWeight', '0.2', 'Weight of student conflict', 'double', 1, 1, 8);
insert into SOLVER_PARAMETER_DEF (UNIQUEID, NAME, DEFAULT_VALUE, DESCRIPTION, TYPE, ORD, VISIBLE, SOLVER_PARAM_GROUP_ID)
values (58, 'Comparator.TimePreferenceWeight', '0.3', 'Time preferences weight', 'double', 2, 1, 8);
insert into SOLVER_PARAMETER_DEF (UNIQUEID, NAME, DEFAULT_VALUE, DESCRIPTION, TYPE, ORD, VISIBLE, SOLVER_PARAM_GROUP_ID)
values (59, 'Comparator.ContrPreferenceWeight', '2.0', 'Distribution preferences weight', 'double', 3, 1, 8);
insert into SOLVER_PARAMETER_DEF (UNIQUEID, NAME, DEFAULT_VALUE, DESCRIPTION, TYPE, ORD, VISIBLE, SOLVER_PARAM_GROUP_ID)
values (60, 'Comparator.RoomPreferenceWeight', '1.0', 'Room preferences weight', 'double', 4, 1, 8);
insert into SOLVER_PARAMETER_DEF (UNIQUEID, NAME, DEFAULT_VALUE, DESCRIPTION, TYPE, ORD, VISIBLE, SOLVER_PARAM_GROUP_ID)
values (61, 'Comparator.UselessSlotWeight', '0.1', 'Useless slots weight', 'double', 5, 1, 8);
insert into SOLVER_PARAMETER_DEF (UNIQUEID, NAME, DEFAULT_VALUE, DESCRIPTION, TYPE, ORD, VISIBLE, SOLVER_PARAM_GROUP_ID)
values (62, 'Comparator.TooBigRoomWeight', '0.1', 'Too big room weight', 'double', 6, 1, 8);
insert into SOLVER_PARAMETER_DEF (UNIQUEID, NAME, DEFAULT_VALUE, DESCRIPTION, TYPE, ORD, VISIBLE, SOLVER_PARAM_GROUP_ID)
values (63, 'Comparator.DistanceInstructorPreferenceWeight', '1.0', 'Back-to-back instructor preferences weight', 'double', 7, 1, 8);
insert into SOLVER_PARAMETER_DEF (UNIQUEID, NAME, DEFAULT_VALUE, DESCRIPTION, TYPE, ORD, VISIBLE, SOLVER_PARAM_GROUP_ID)
values (64, 'Comparator.PerturbationPenaltyWeight', '1.0', 'Perturbation penalty weight', 'double', 8, 1, 8);
insert into SOLVER_PARAMETER_DEF (UNIQUEID, NAME, DEFAULT_VALUE, DESCRIPTION, TYPE, ORD, VISIBLE, SOLVER_PARAM_GROUP_ID)
values (65, 'Comparator.DeptSpreadPenaltyWeight', '1.0', 'Department balancing weight', 'double', 9, 1, 8);
insert into SOLVER_PARAMETER_DEF (UNIQUEID, NAME, DEFAULT_VALUE, DESCRIPTION, TYPE, ORD, VISIBLE, SOLVER_PARAM_GROUP_ID)
values (66, 'Comparator.SpreadPenaltyWeight', '1.0', 'Same subpart balancing weight', 'double', 10, 1, 8);
insert into SOLVER_PARAMETER_DEF (UNIQUEID, NAME, DEFAULT_VALUE, DESCRIPTION, TYPE, ORD, VISIBLE, SOLVER_PARAM_GROUP_ID)
values (67, 'Comparator.CommitedStudentConflictWeight', '1.0', 'Commited student conflict weight', 'double', 11, 1, 8);
insert into SOLVER_PARAMETER_DEF (UNIQUEID, NAME, DEFAULT_VALUE, DESCRIPTION, TYPE, ORD, VISIBLE, SOLVER_PARAM_GROUP_ID)
values (68, 'Lecture.RouletteWheelSelection', 'true', 'Roulette wheel selection', 'boolean', 0, 0, 9);
insert into SOLVER_PARAMETER_DEF (UNIQUEID, NAME, DEFAULT_VALUE, DESCRIPTION, TYPE, ORD, VISIBLE, SOLVER_PARAM_GROUP_ID)
values (69, 'Lecture.RandomWalkProb', '1.0', 'Random walk probability', 'double', 1, 0, 9);
insert into SOLVER_PARAMETER_DEF (UNIQUEID, NAME, DEFAULT_VALUE, DESCRIPTION, TYPE, ORD, VISIBLE, SOLVER_PARAM_GROUP_ID)
values (70, 'Lecture.DomainSizeWeight', '30.0', 'Domain size weight', 'double', 2, 0, 9);
insert into SOLVER_PARAMETER_DEF (UNIQUEID, NAME, DEFAULT_VALUE, DESCRIPTION, TYPE, ORD, VISIBLE, SOLVER_PARAM_GROUP_ID)
values (71, 'Lecture.NrAssignmentsWeight', '10.0', 'Number of assignments weight', 'double', 3, 0, 9);
insert into SOLVER_PARAMETER_DEF (UNIQUEID, NAME, DEFAULT_VALUE, DESCRIPTION, TYPE, ORD, VISIBLE, SOLVER_PARAM_GROUP_ID)
values (72, 'Lecture.InitialAssignmentWeight', '20.0', 'Initial assignment weight', 'double', 4, 0, 9);
insert into SOLVER_PARAMETER_DEF (UNIQUEID, NAME, DEFAULT_VALUE, DESCRIPTION, TYPE, ORD, VISIBLE, SOLVER_PARAM_GROUP_ID)
values (73, 'Lecture.NrConstraintsWeight', '0.0', 'Number of constraint weight', 'double', 5, 0, 9);
insert into SOLVER_PARAMETER_DEF (UNIQUEID, NAME, DEFAULT_VALUE, DESCRIPTION, TYPE, ORD, VISIBLE, SOLVER_PARAM_GROUP_ID)
values (74, 'Lecture.HardStudentConflictWeight', '%Comparator.HardStudentConflictWeight%', 'Hard student conflict weight', 'double', 6, 0, 9);
insert into SOLVER_PARAMETER_DEF (UNIQUEID, NAME, DEFAULT_VALUE, DESCRIPTION, TYPE, ORD, VISIBLE, SOLVER_PARAM_GROUP_ID)
values (75, 'Lecture.StudentConflictWeight', '%Comparator.StudentConflictWeight%', 'Student conflict weight', 'double', 7, 0, 9);
insert into SOLVER_PARAMETER_DEF (UNIQUEID, NAME, DEFAULT_VALUE, DESCRIPTION, TYPE, ORD, VISIBLE, SOLVER_PARAM_GROUP_ID)
values (76, 'Lecture.TimePreferenceWeight', '%Comparator.TimePreferenceWeight%', 'Time preference weight', 'double', 8, 0, 9);
insert into SOLVER_PARAMETER_DEF (UNIQUEID, NAME, DEFAULT_VALUE, DESCRIPTION, TYPE, ORD, VISIBLE, SOLVER_PARAM_GROUP_ID)
values (77, 'Lecture.ContrPreferenceWeight', '%Comparator.ContrPreferenceWeight%', 'Constraint preference weight', 'double', 9, 0, 9);
insert into SOLVER_PARAMETER_DEF (UNIQUEID, NAME, DEFAULT_VALUE, DESCRIPTION, TYPE, ORD, VISIBLE, SOLVER_PARAM_GROUP_ID)
values (78, 'Lecture.RoomPreferenceWeight', '%Comparator.RoomPreferenceWeight%', 'Room preference weight', 'double', 10, 0, 9);
insert into SOLVER_PARAMETER_DEF (UNIQUEID, NAME, DEFAULT_VALUE, DESCRIPTION, TYPE, ORD, VISIBLE, SOLVER_PARAM_GROUP_ID)
values (79, 'Lecture.UselessSlotWeight', '%Comparator.UselessSlotWeight%', 'Useless slot weight', 'double', 11, 0, 9);
insert into SOLVER_PARAMETER_DEF (UNIQUEID, NAME, DEFAULT_VALUE, DESCRIPTION, TYPE, ORD, VISIBLE, SOLVER_PARAM_GROUP_ID)
values (81, 'Lecture.TooBigRoomWeight', '%Comparator.TooBigRoomWeight%', 'Too big room weight', 'double', 12, 0, 9);
insert into SOLVER_PARAMETER_DEF (UNIQUEID, NAME, DEFAULT_VALUE, DESCRIPTION, TYPE, ORD, VISIBLE, SOLVER_PARAM_GROUP_ID)
values (82, 'Lecture.DistanceInstructorPreferenceWeight', '%Comparator.DistanceInstructorPreferenceWeight%', 'Back-to-back instructor preferences weight', 'double', 13, 0, 9);
insert into SOLVER_PARAMETER_DEF (UNIQUEID, NAME, DEFAULT_VALUE, DESCRIPTION, TYPE, ORD, VISIBLE, SOLVER_PARAM_GROUP_ID)
values (83, 'Lecture.DeptSpreadPenaltyWeight', '%Comparator.DeptSpreadPenaltyWeight%', 'Department balancing weight', 'double', 14, 0, 9);
insert into SOLVER_PARAMETER_DEF (UNIQUEID, NAME, DEFAULT_VALUE, DESCRIPTION, TYPE, ORD, VISIBLE, SOLVER_PARAM_GROUP_ID)
values (84, 'Lecture.SelectionSubSet', 'true', 'Selection among subset of lectures (faster)', 'boolean', 15, 0, 9);
insert into SOLVER_PARAMETER_DEF (UNIQUEID, NAME, DEFAULT_VALUE, DESCRIPTION, TYPE, ORD, VISIBLE, SOLVER_PARAM_GROUP_ID)
values (85, 'Lecture.SelectionSubSetMinSize', '10', 'Minimal subset size', 'integer', 16, 0, 9);
insert into SOLVER_PARAMETER_DEF (UNIQUEID, NAME, DEFAULT_VALUE, DESCRIPTION, TYPE, ORD, VISIBLE, SOLVER_PARAM_GROUP_ID)
values (86, 'Lecture.SelectionSubSetPart', '0.2', 'Subset size in percentage of all lectures available for selection', 'double', 17, 0, 9);
insert into SOLVER_PARAMETER_DEF (UNIQUEID, NAME, DEFAULT_VALUE, DESCRIPTION, TYPE, ORD, VISIBLE, SOLVER_PARAM_GROUP_ID)
values (87, 'Lecture.SpreadPenaltyWeight', '%Comparator.SpreadPenaltyWeight%', 'Same subpart balancing weight', 'double', 18, 0, 9);
insert into SOLVER_PARAMETER_DEF (UNIQUEID, NAME, DEFAULT_VALUE, DESCRIPTION, TYPE, ORD, VISIBLE, SOLVER_PARAM_GROUP_ID)
values (88, 'Lecture.CommitedStudentConflictWeight', '%Comparator.CommitedStudentConflictWeight%', 'Commited student conflict weight', 'double', 19, 0, 9);
insert into SOLVER_PARAMETER_DEF (UNIQUEID, NAME, DEFAULT_VALUE, DESCRIPTION, TYPE, ORD, VISIBLE, SOLVER_PARAM_GROUP_ID)
values (89, 'Placement.RandomWalkProb', '0.00', 'Random walk probability', 'double', 0, 1, 10);
insert into SOLVER_PARAMETER_DEF (UNIQUEID, NAME, DEFAULT_VALUE, DESCRIPTION, TYPE, ORD, VISIBLE, SOLVER_PARAM_GROUP_ID)
values (90, 'Placement.MPP_InitialProb', '0.20', 'MPP initial selection probability ', 'double', 1, 1, 10);
insert into SOLVER_PARAMETER_DEF (UNIQUEID, NAME, DEFAULT_VALUE, DESCRIPTION, TYPE, ORD, VISIBLE, SOLVER_PARAM_GROUP_ID)
values (91, 'Placement.MPP_Limit', '-1', 'MPP limit (-1 for no limit)', 'integer', 2, 1, 10);
insert into SOLVER_PARAMETER_DEF (UNIQUEID, NAME, DEFAULT_VALUE, DESCRIPTION, TYPE, ORD, VISIBLE, SOLVER_PARAM_GROUP_ID)
values (92, 'Placement.MPP_PenaltyLimit', '-1.0', 'Limit of the perturbations penalty (-1 for no limit)', 'double', 3, 1, 10);
insert into SOLVER_PARAMETER_DEF (UNIQUEID, NAME, DEFAULT_VALUE, DESCRIPTION, TYPE, ORD, VISIBLE, SOLVER_PARAM_GROUP_ID)
values (93, 'Placement.NrAssignmentsWeight1', '0.0', 'Number of assignments weight (level 1)', 'double', 4, 0, 10);
insert into SOLVER_PARAMETER_DEF (UNIQUEID, NAME, DEFAULT_VALUE, DESCRIPTION, TYPE, ORD, VISIBLE, SOLVER_PARAM_GROUP_ID)
values (94, 'Placement.NrConflictsWeight1', '1.0', 'Number of conflicts weight (level 1)', 'double', 5, 1, 10);
insert into SOLVER_PARAMETER_DEF (UNIQUEID, NAME, DEFAULT_VALUE, DESCRIPTION, TYPE, ORD, VISIBLE, SOLVER_PARAM_GROUP_ID)
values (95, 'Placement.WeightedConflictsWeight1', '2.0', 'Weighted conflicts weight (CBS, level 1)', 'double', 6, 1, 10);
insert into SOLVER_PARAMETER_DEF (UNIQUEID, NAME, DEFAULT_VALUE, DESCRIPTION, TYPE, ORD, VISIBLE, SOLVER_PARAM_GROUP_ID)
values (96, 'Placement.NrPotentialConflictsWeight1', '0.0', 'Number of potential conflicts weight (CBS, level 1)', 'double', 7, 0, 10);
insert into SOLVER_PARAMETER_DEF (UNIQUEID, NAME, DEFAULT_VALUE, DESCRIPTION, TYPE, ORD, VISIBLE, SOLVER_PARAM_GROUP_ID)
values (97, 'Placement.MPP_DeltaInitialAssignmentWeight1', '0.1', 'Delta initial assigments weight (MPP, level 1)', 'double', 8, 1, 10);
insert into SOLVER_PARAMETER_DEF (UNIQUEID, NAME, DEFAULT_VALUE, DESCRIPTION, TYPE, ORD, VISIBLE, SOLVER_PARAM_GROUP_ID)
values (98, 'Placement.NrHardStudConfsWeight1', '0.3', 'Hard student conflicts weight (level 1)', 'double', 9, 1, 10);
insert into SOLVER_PARAMETER_DEF (UNIQUEID, NAME, DEFAULT_VALUE, DESCRIPTION, TYPE, ORD, VISIBLE, SOLVER_PARAM_GROUP_ID)
values (99, 'Placement.NrStudConfsWeight1', '0.05', 'Student conflicts weight (level 1)', 'double', 10, 1, 10);
insert into SOLVER_PARAMETER_DEF (UNIQUEID, NAME, DEFAULT_VALUE, DESCRIPTION, TYPE, ORD, VISIBLE, SOLVER_PARAM_GROUP_ID)
values (100, 'Placement.TimePreferenceWeight1', '0.0', 'Time preference weight (level 1)', 'double', 11, 0, 10);
insert into SOLVER_PARAMETER_DEF (UNIQUEID, NAME, DEFAULT_VALUE, DESCRIPTION, TYPE, ORD, VISIBLE, SOLVER_PARAM_GROUP_ID)
values (101, 'Placement.DeltaTimePreferenceWeight1', '0.2', 'Time preference delta weight (level 1)', 'double', 12, 1, 10);
insert into SOLVER_PARAMETER_DEF (UNIQUEID, NAME, DEFAULT_VALUE, DESCRIPTION, TYPE, ORD, VISIBLE, SOLVER_PARAM_GROUP_ID)
values (102, 'Placement.ConstrPreferenceWeight1', '0.25', 'Constraint preference weight (level 1)', 'double', 13, 1, 10);
insert into SOLVER_PARAMETER_DEF (UNIQUEID, NAME, DEFAULT_VALUE, DESCRIPTION, TYPE, ORD, VISIBLE, SOLVER_PARAM_GROUP_ID)
values (103, 'Placement.RoomPreferenceWeight1', '0.1', 'Room preference weight (level 1)', 'double', 14, 1, 10);
insert into SOLVER_PARAMETER_DEF (UNIQUEID, NAME, DEFAULT_VALUE, DESCRIPTION, TYPE, ORD, VISIBLE, SOLVER_PARAM_GROUP_ID)
values (104, 'Placement.UselessSlotsWeight1', '0.0', 'Useless slot weight (level 1)', 'double', 15, 1, 10);
insert into SOLVER_PARAMETER_DEF (UNIQUEID, NAME, DEFAULT_VALUE, DESCRIPTION, TYPE, ORD, VISIBLE, SOLVER_PARAM_GROUP_ID)
values (105, 'Placement.TooBigRoomWeight1', '0.01', 'Too big room weight (level 1)', 'double', 16, 1, 10);
insert into SOLVER_PARAMETER_DEF (UNIQUEID, NAME, DEFAULT_VALUE, DESCRIPTION, TYPE, ORD, VISIBLE, SOLVER_PARAM_GROUP_ID)
values (106, 'Placement.DistanceInstructorPreferenceWeight1', '0.1', 'Back-to-back instructor preferences weight (level 1)', 'double', 17, 1, 10);
insert into SOLVER_PARAMETER_DEF (UNIQUEID, NAME, DEFAULT_VALUE, DESCRIPTION, TYPE, ORD, VISIBLE, SOLVER_PARAM_GROUP_ID)
values (107, 'Placement.DeptSpreadPenaltyWeight1', '0.1', 'Department balancing: penalty of when a slot over initial allowance is used (level 1)', 'double', 18, 1, 10);
insert into SOLVER_PARAMETER_DEF (UNIQUEID, NAME, DEFAULT_VALUE, DESCRIPTION, TYPE, ORD, VISIBLE, SOLVER_PARAM_GROUP_ID)
values (108, 'Placement.ThresholdKoef1', '0.1', 'Threshold koeficient (level 1)', 'double', 19, 1, 10);
commit;
prompt 164 records loaded
prompt Loading SOLVER_PREDEF_SETTING...
insert into SOLVER_PREDEF_SETTING (UNIQUEID, NAME, DESCRIPTION, APPEARANCE)
values (1, 'Default.Interactive', 'Interactive', 0);
insert into SOLVER_PREDEF_SETTING (UNIQUEID, NAME, DESCRIPTION, APPEARANCE)
values (2, 'Default.Validate', 'Validate', 1);
insert into SOLVER_PREDEF_SETTING (UNIQUEID, NAME, DESCRIPTION, APPEARANCE)
values (3, 'Default.Check', 'Check', 1);
insert into SOLVER_PREDEF_SETTING (UNIQUEID, NAME, DESCRIPTION, APPEARANCE)
values (4, 'Default.Solver', 'Default', 1);
commit;
prompt 4 records loaded
prompt Loading SOLVER_PARAMETER...
insert into SOLVER_PARAMETER (UNIQUEID, VALUE, SOLVER_PARAM_DEF_ID, SOLUTION_ID, SOLVER_PREDEF_SETTING_ID)
values (24921, '300', 54, null, 3);
insert into SOLVER_PARAMETER (UNIQUEID, VALUE, SOLVER_PARAM_DEF_ID, SOLUTION_ID, SOLVER_PREDEF_SETTING_ID)
values (1701, 'false', 10, null, 3);
insert into SOLVER_PARAMETER (UNIQUEID, VALUE, SOLVER_PARAM_DEF_ID, SOLUTION_ID, SOLVER_PREDEF_SETTING_ID)
values (1, 'MPP', 1, null, 1);
insert into SOLVER_PARAMETER (UNIQUEID, VALUE, SOLVER_PARAM_DEF_ID, SOLUTION_ID, SOLVER_PREDEF_SETTING_ID)
values (2, 'on', 3, null, 1);
insert into SOLVER_PARAMETER (UNIQUEID, VALUE, SOLVER_PARAM_DEF_ID, SOLUTION_ID, SOLVER_PREDEF_SETTING_ID)
values (3, 'false', 4, null, 1);
insert into SOLVER_PARAMETER (UNIQUEID, VALUE, SOLVER_PARAM_DEF_ID, SOLUTION_ID, SOLVER_PREDEF_SETTING_ID)
values (5, '0', 17, null, 1);
insert into SOLVER_PARAMETER (UNIQUEID, VALUE, SOLVER_PARAM_DEF_ID, SOLUTION_ID, SOLVER_PREDEF_SETTING_ID)
values (6, 'false', 4, null, 2);
insert into SOLVER_PARAMETER (UNIQUEID, VALUE, SOLVER_PARAM_DEF_ID, SOLUTION_ID, SOLVER_PREDEF_SETTING_ID)
values (7, 'Save and Unload', 2, null, 2);
insert into SOLVER_PARAMETER (UNIQUEID, VALUE, SOLVER_PARAM_DEF_ID, SOLUTION_ID, SOLVER_PREDEF_SETTING_ID)
values (8, '0', 54, null, 2);
insert into SOLVER_PARAMETER (UNIQUEID, VALUE, SOLVER_PARAM_DEF_ID, SOLUTION_ID, SOLVER_PREDEF_SETTING_ID)
values (11, '0.0', 56, null, 3);
insert into SOLVER_PARAMETER (UNIQUEID, VALUE, SOLVER_PARAM_DEF_ID, SOLUTION_ID, SOLVER_PREDEF_SETTING_ID)
values (12, '0.0', 57, null, 3);
insert into SOLVER_PARAMETER (UNIQUEID, VALUE, SOLVER_PARAM_DEF_ID, SOLUTION_ID, SOLVER_PREDEF_SETTING_ID)
values (13, '0.0', 58, null, 3);
insert into SOLVER_PARAMETER (UNIQUEID, VALUE, SOLVER_PARAM_DEF_ID, SOLUTION_ID, SOLVER_PREDEF_SETTING_ID)
values (14, '0.0', 59, null, 3);
insert into SOLVER_PARAMETER (UNIQUEID, VALUE, SOLVER_PARAM_DEF_ID, SOLUTION_ID, SOLVER_PREDEF_SETTING_ID)
values (15, '0.0', 60, null, 3);
insert into SOLVER_PARAMETER (UNIQUEID, VALUE, SOLVER_PARAM_DEF_ID, SOLUTION_ID, SOLVER_PREDEF_SETTING_ID)
values (16, '0.0', 61, null, 3);
insert into SOLVER_PARAMETER (UNIQUEID, VALUE, SOLVER_PARAM_DEF_ID, SOLUTION_ID, SOLVER_PREDEF_SETTING_ID)
values (17, '0.0', 62, null, 3);
insert into SOLVER_PARAMETER (UNIQUEID, VALUE, SOLVER_PARAM_DEF_ID, SOLUTION_ID, SOLVER_PREDEF_SETTING_ID)
values (24922, 'false', 4, null, 3);
insert into SOLVER_PARAMETER (UNIQUEID, VALUE, SOLVER_PARAM_DEF_ID, SOLUTION_ID, SOLVER_PREDEF_SETTING_ID)
values (18, '0.0', 63, null, 3);
insert into SOLVER_PARAMETER (UNIQUEID, VALUE, SOLVER_PARAM_DEF_ID, SOLUTION_ID, SOLVER_PREDEF_SETTING_ID)
values (19, '0.0', 64, null, 3);
insert into SOLVER_PARAMETER (UNIQUEID, VALUE, SOLVER_PARAM_DEF_ID, SOLUTION_ID, SOLVER_PREDEF_SETTING_ID)
values (20, '0.0', 65, null, 3);
insert into SOLVER_PARAMETER (UNIQUEID, VALUE, SOLVER_PARAM_DEF_ID, SOLUTION_ID, SOLVER_PREDEF_SETTING_ID)
values (21, '0.0', 66, null, 3);
insert into SOLVER_PARAMETER (UNIQUEID, VALUE, SOLVER_PARAM_DEF_ID, SOLUTION_ID, SOLVER_PREDEF_SETTING_ID)
values (22, '0.0', 67, null, 3);
insert into SOLVER_PARAMETER (UNIQUEID, VALUE, SOLVER_PARAM_DEF_ID, SOLUTION_ID, SOLVER_PREDEF_SETTING_ID)
values (24, '1.0', 94, null, 3);
insert into SOLVER_PARAMETER (UNIQUEID, VALUE, SOLVER_PARAM_DEF_ID, SOLUTION_ID, SOLVER_PREDEF_SETTING_ID)
values (25, '1.0', 95, null, 3);
insert into SOLVER_PARAMETER (UNIQUEID, VALUE, SOLVER_PARAM_DEF_ID, SOLUTION_ID, SOLVER_PREDEF_SETTING_ID)
values (27, '0.0', 97, null, 3);
insert into SOLVER_PARAMETER (UNIQUEID, VALUE, SOLVER_PARAM_DEF_ID, SOLUTION_ID, SOLVER_PREDEF_SETTING_ID)
values (28, '0.0', 98, null, 3);
insert into SOLVER_PARAMETER (UNIQUEID, VALUE, SOLVER_PARAM_DEF_ID, SOLUTION_ID, SOLVER_PREDEF_SETTING_ID)
values (29, '0.0', 99, null, 3);
insert into SOLVER_PARAMETER (UNIQUEID, VALUE, SOLVER_PARAM_DEF_ID, SOLUTION_ID, SOLVER_PREDEF_SETTING_ID)
values (31, '0.0', 101, null, 3);
insert into SOLVER_PARAMETER (UNIQUEID, VALUE, SOLVER_PARAM_DEF_ID, SOLUTION_ID, SOLVER_PREDEF_SETTING_ID)
values (32, '0.0', 102, null, 3);
insert into SOLVER_PARAMETER (UNIQUEID, VALUE, SOLVER_PARAM_DEF_ID, SOLUTION_ID, SOLVER_PREDEF_SETTING_ID)
values (33, '0.0', 103, null, 3);
insert into SOLVER_PARAMETER (UNIQUEID, VALUE, SOLVER_PARAM_DEF_ID, SOLUTION_ID, SOLVER_PREDEF_SETTING_ID)
values (34, '0.0', 104, null, 3);
insert into SOLVER_PARAMETER (UNIQUEID, VALUE, SOLVER_PARAM_DEF_ID, SOLUTION_ID, SOLVER_PREDEF_SETTING_ID)
values (35, '0.0', 105, null, 3);
insert into SOLVER_PARAMETER (UNIQUEID, VALUE, SOLVER_PARAM_DEF_ID, SOLUTION_ID, SOLVER_PREDEF_SETTING_ID)
values (36, '0.0', 106, null, 3);
insert into SOLVER_PARAMETER (UNIQUEID, VALUE, SOLVER_PARAM_DEF_ID, SOLUTION_ID, SOLVER_PREDEF_SETTING_ID)
values (37, '0.0', 107, null, 3);
insert into SOLVER_PARAMETER (UNIQUEID, VALUE, SOLVER_PARAM_DEF_ID, SOLUTION_ID, SOLVER_PREDEF_SETTING_ID)
values (38, '0.0', 140, null, 3);
insert into SOLVER_PARAMETER (UNIQUEID, VALUE, SOLVER_PARAM_DEF_ID, SOLUTION_ID, SOLVER_PREDEF_SETTING_ID)
values (39, '0.0', 143, null, 3);
insert into SOLVER_PARAMETER (UNIQUEID, VALUE, SOLVER_PARAM_DEF_ID, SOLUTION_ID, SOLVER_PREDEF_SETTING_ID)
values (40, '0.0', 108, null, 3);
insert into SOLVER_PARAMETER (UNIQUEID, VALUE, SOLVER_PARAM_DEF_ID, SOLUTION_ID, SOLVER_PREDEF_SETTING_ID)
values (20974, 'DIFF_TIME', 202, null, 1);
insert into SOLVER_PARAMETER (UNIQUEID, VALUE, SOLVER_PARAM_DEF_ID, SOLUTION_ID, SOLVER_PREDEF_SETTING_ID)
values (20975, 'on', 55, null, 3);
insert into SOLVER_PARAMETER (UNIQUEID, VALUE, SOLVER_PARAM_DEF_ID, SOLUTION_ID, SOLVER_PREDEF_SETTING_ID)
values (90439, '20.0', 99, null, 4);
insert into SOLVER_PARAMETER (UNIQUEID, VALUE, SOLVER_PARAM_DEF_ID, SOLUTION_ID, SOLVER_PREDEF_SETTING_ID)
values (91742, '7.6', 56, null, 4);
insert into SOLVER_PARAMETER (UNIQUEID, VALUE, SOLVER_PARAM_DEF_ID, SOLUTION_ID, SOLVER_PREDEF_SETTING_ID)
values (91743, '2.4', 57, null, 4);
insert into SOLVER_PARAMETER (UNIQUEID, VALUE, SOLVER_PARAM_DEF_ID, SOLUTION_ID, SOLVER_PREDEF_SETTING_ID)
values (94344, 'false', 13, 806, null);
insert into SOLVER_PARAMETER (UNIQUEID, VALUE, SOLVER_PARAM_DEF_ID, SOLUTION_ID, SOLVER_PREDEF_SETTING_ID)
values (94345, 'net.sf.cpsolver.coursett.heuristics.LectureSelection', 25, 806, null);
insert into SOLVER_PARAMETER (UNIQUEID, VALUE, SOLVER_PARAM_DEF_ID, SOLUTION_ID, SOLVER_PREDEF_SETTING_ID)
values (94346, '0.0', 139, 806, null);
insert into SOLVER_PARAMETER (UNIQUEID, VALUE, SOLVER_PARAM_DEF_ID, SOLUTION_ID, SOLVER_PREDEF_SETTING_ID)
values (94347, '1.0', 123, 806, null);
insert into SOLVER_PARAMETER (UNIQUEID, VALUE, SOLVER_PARAM_DEF_ID, SOLUTION_ID, SOLVER_PREDEF_SETTING_ID)
values (94348, '0.1', 107, 806, null);
insert into SOLVER_PARAMETER (UNIQUEID, VALUE, SOLVER_PARAM_DEF_ID, SOLUTION_ID, SOLVER_PREDEF_SETTING_ID)
values (94349, '4', 224, 806, null);
insert into SOLVER_PARAMETER (UNIQUEID, VALUE, SOLVER_PARAM_DEF_ID, SOLUTION_ID, SOLVER_PREDEF_SETTING_ID)
values (94350, '0.0', 131, 806, null);
insert into SOLVER_PARAMETER (UNIQUEID, VALUE, SOLVER_PARAM_DEF_ID, SOLUTION_ID, SOLVER_PREDEF_SETTING_ID)
values (94351, '0.2', 115, 806, null);
insert into SOLVER_PARAMETER (UNIQUEID, VALUE, SOLVER_PARAM_DEF_ID, SOLUTION_ID, SOLVER_PREDEF_SETTING_ID)
values (94352, '0.05', 99, 806, null);
insert into SOLVER_PARAMETER (UNIQUEID, VALUE, SOLVER_PARAM_DEF_ID, SOLUTION_ID, SOLVER_PREDEF_SETTING_ID)
values (94353, '0.0', 32, 806, null);
insert into SOLVER_PARAMETER (UNIQUEID, VALUE, SOLVER_PARAM_DEF_ID, SOLUTION_ID, SOLVER_PREDEF_SETTING_ID)
values (94354, '500', 223, 806, null);
insert into SOLVER_PARAMETER (UNIQUEID, VALUE, SOLVER_PARAM_DEF_ID, SOLUTION_ID, SOLVER_PREDEF_SETTING_ID)
values (94355, '5', 147, 806, null);
insert into SOLVER_PARAMETER (UNIQUEID, VALUE, SOLVER_PARAM_DEF_ID, SOLUTION_ID, SOLVER_PREDEF_SETTING_ID)
values (94356, '2222222222222224222222222222222223333222222222222222222222222224222222222222222223333222222222222222222222222224222222222222222223333222222222222222222222222224222222222222222223333222222222222222222222222224222222222222222223333222222222222222222222', 182, 806, null);
insert into SOLVER_PARAMETER (UNIQUEID, VALUE, SOLVER_PARAM_DEF_ID, SOLUTION_ID, SOLVER_PREDEF_SETTING_ID)
values (94357, '0.0', 37, 806, null);
insert into SOLVER_PARAMETER (UNIQUEID, VALUE, SOLVER_PARAM_DEF_ID, SOLUTION_ID, SOLVER_PREDEF_SETTING_ID)
values (94358, 'true', 10, 806, null);
insert into SOLVER_PARAMETER (UNIQUEID, VALUE, SOLVER_PARAM_DEF_ID, SOLUTION_ID, SOLVER_PREDEF_SETTING_ID)
values (94359, '-1', 21, 806, null);
insert into SOLVER_PARAMETER (UNIQUEID, VALUE, SOLVER_PARAM_DEF_ID, SOLUTION_ID, SOLVER_PREDEF_SETTING_ID)
values (94360, '0.8', 56, 806, null);
insert into SOLVER_PARAMETER (UNIQUEID, VALUE, SOLVER_PARAM_DEF_ID, SOLUTION_ID, SOLVER_PREDEF_SETTING_ID)
values (94361, '0.0', 40, 806, null);
insert into SOLVER_PARAMETER (UNIQUEID, VALUE, SOLVER_PARAM_DEF_ID, SOLUTION_ID, SOLVER_PREDEF_SETTING_ID)
values (94362, 'true', 20, 806, null);
insert into SOLVER_PARAMETER (UNIQUEID, VALUE, SOLVER_PARAM_DEF_ID, SOLUTION_ID, SOLVER_PREDEF_SETTING_ID)
values (94363, '0.3', 76, 806, null);
insert into SOLVER_PARAMETER (UNIQUEID, VALUE, SOLVER_PARAM_DEF_ID, SOLUTION_ID, SOLVER_PREDEF_SETTING_ID)
values (94364, 'No Action', 2, 806, null);
insert into SOLVER_PARAMETER (UNIQUEID, VALUE, SOLVER_PARAM_DEF_ID, SOLUTION_ID, SOLVER_PREDEF_SETTING_ID)
values (94365, '0.0', 41, 806, null);
insert into SOLVER_PARAMETER (UNIQUEID, VALUE, SOLVER_PARAM_DEF_ID, SOLUTION_ID, SOLVER_PREDEF_SETTING_ID)
values (94366, '0.0', 134, 806, null);
insert into SOLVER_PARAMETER (UNIQUEID, VALUE, SOLVER_PARAM_DEF_ID, SOLUTION_ID, SOLVER_PREDEF_SETTING_ID)
values (94367, '2.0', 118, 806, null);
insert into SOLVER_PARAMETER (UNIQUEID, VALUE, SOLVER_PARAM_DEF_ID, SOLUTION_ID, SOLVER_PREDEF_SETTING_ID)
values (94368, '0.25', 102, 806, null);
insert into SOLVER_PARAMETER (UNIQUEID, VALUE, SOLVER_PARAM_DEF_ID, SOLUTION_ID, SOLVER_PREDEF_SETTING_ID)
values (94369, '0.0', 38, 806, null);
insert into SOLVER_PARAMETER (UNIQUEID, VALUE, SOLVER_PARAM_DEF_ID, SOLUTION_ID, SOLVER_PREDEF_SETTING_ID)
values (94370, '0.0', 203, 806, null);
insert into SOLVER_PARAMETER (UNIQUEID, VALUE, SOLVER_PARAM_DEF_ID, SOLUTION_ID, SOLVER_PREDEF_SETTING_ID)
values (94371, '0.0', 138, 806, null);
insert into SOLVER_PARAMETER (UNIQUEID, VALUE, SOLVER_PARAM_DEF_ID, SOLUTION_ID, SOLVER_PREDEF_SETTING_ID)
values (94372, '0.0', 43, 806, null);
insert into SOLVER_PARAMETER (UNIQUEID, VALUE, SOLVER_PARAM_DEF_ID, SOLUTION_ID, SOLVER_PREDEF_SETTING_ID)
values (94373, '1.0', 122, 806, null);
insert into SOLVER_PARAMETER (UNIQUEID, VALUE, SOLVER_PARAM_DEF_ID, SOLUTION_ID, SOLVER_PREDEF_SETTING_ID)
values (94374, '0.1', 106, 806, null);
insert into SOLVER_PARAMETER (UNIQUEID, VALUE, SOLVER_PARAM_DEF_ID, SOLUTION_ID, SOLVER_PREDEF_SETTING_ID)
values (94375, '5.0', 204, 806, null);
insert into SOLVER_PARAMETER (UNIQUEID, VALUE, SOLVER_PARAM_DEF_ID, SOLUTION_ID, SOLVER_PREDEF_SETTING_ID)
values (94376, '1.0', 88, 806, null);
insert into SOLVER_PARAMETER (UNIQUEID, VALUE, SOLVER_PARAM_DEF_ID, SOLUTION_ID, SOLVER_PREDEF_SETTING_ID)
values (94377, '0.2', 57, 806, null);
insert into SOLVER_PARAMETER (UNIQUEID, VALUE, SOLVER_PARAM_DEF_ID, SOLUTION_ID, SOLVER_PREDEF_SETTING_ID)
values (94378, '0.1', 222, 806, null);
insert into SOLVER_PARAMETER (UNIQUEID, VALUE, SOLVER_PARAM_DEF_ID, SOLUTION_ID, SOLVER_PREDEF_SETTING_ID)
values (94379, '0.3', 58, 806, null);
insert into SOLVER_PARAMETER (UNIQUEID, VALUE, SOLVER_PARAM_DEF_ID, SOLUTION_ID, SOLVER_PREDEF_SETTING_ID)
values (94380, '1.0', 87, 806, null);
insert into SOLVER_PARAMETER (UNIQUEID, VALUE, SOLVER_PARAM_DEF_ID, SOLUTION_ID, SOLVER_PREDEF_SETTING_ID)
values (94381, '0.77', 12, 806, null);
insert into SOLVER_PARAMETER (UNIQUEID, VALUE, SOLVER_PARAM_DEF_ID, SOLUTION_ID, SOLVER_PREDEF_SETTING_ID)
values (94382, 'net.sf.cpsolver.coursett.heuristics.UniversalPerturbationsCounter', 22, 806, null);
insert into SOLVER_PARAMETER (UNIQUEID, VALUE, SOLVER_PARAM_DEF_ID, SOLUTION_ID, SOLVER_PREDEF_SETTING_ID)
values (94383, '0.00', 89, 806, null);
insert into SOLVER_PARAMETER (UNIQUEID, VALUE, SOLVER_PARAM_DEF_ID, SOLUTION_ID, SOLVER_PREDEF_SETTING_ID)
values (94384, '0.0', 133, 806, null);
insert into SOLVER_PARAMETER (UNIQUEID, VALUE, SOLVER_PARAM_DEF_ID, SOLUTION_ID, SOLVER_PREDEF_SETTING_ID)
values (94385, '0.0', 117, 806, null);
insert into SOLVER_PARAMETER (UNIQUEID, VALUE, SOLVER_PARAM_DEF_ID, SOLUTION_ID, SOLVER_PREDEF_SETTING_ID)
values (94386, '0.2', 101, 806, null);
insert into SOLVER_PARAMETER (UNIQUEID, VALUE, SOLVER_PARAM_DEF_ID, SOLUTION_ID, SOLVER_PREDEF_SETTING_ID)
values (94387, '0.0', 142, 806, null);
insert into SOLVER_PARAMETER (UNIQUEID, VALUE, SOLVER_PARAM_DEF_ID, SOLUTION_ID, SOLVER_PREDEF_SETTING_ID)
values (94388, '0.0', 36, 806, null);
insert into SOLVER_PARAMETER (UNIQUEID, VALUE, SOLVER_PARAM_DEF_ID, SOLUTION_ID, SOLVER_PREDEF_SETTING_ID)
values (94389, '1', 162, 806, null);
insert into SOLVER_PARAMETER (UNIQUEID, VALUE, SOLVER_PARAM_DEF_ID, SOLUTION_ID, SOLVER_PREDEF_SETTING_ID)
values (94390, '1.0', 141, 806, null);
insert into SOLVER_PARAMETER (UNIQUEID, VALUE, SOLVER_PARAM_DEF_ID, SOLUTION_ID, SOLVER_PREDEF_SETTING_ID)
values (94391, '0.0', 29, 806, null);
insert into SOLVER_PARAMETER (UNIQUEID, VALUE, SOLVER_PARAM_DEF_ID, SOLUTION_ID, SOLVER_PREDEF_SETTING_ID)
values (94392, '0.0', 130, 806, null);
insert into SOLVER_PARAMETER (UNIQUEID, VALUE, SOLVER_PARAM_DEF_ID, SOLUTION_ID, SOLVER_PREDEF_SETTING_ID)
values (94393, '0.1', 140, 806, null);
insert into SOLVER_PARAMETER (UNIQUEID, VALUE, SOLVER_PARAM_DEF_ID, SOLUTION_ID, SOLVER_PREDEF_SETTING_ID)
values (94394, '0.8', 114, 806, null);
insert into SOLVER_PARAMETER (UNIQUEID, VALUE, SOLVER_PARAM_DEF_ID, SOLUTION_ID, SOLVER_PREDEF_SETTING_ID)
values (94395, '0.3', 98, 806, null);
insert into SOLVER_PARAMETER (UNIQUEID, VALUE, SOLVER_PARAM_DEF_ID, SOLUTION_ID, SOLVER_PREDEF_SETTING_ID)
values (94396, '-1', 91, 806, null);
insert into SOLVER_PARAMETER (UNIQUEID, VALUE, SOLVER_PARAM_DEF_ID, SOLUTION_ID, SOLVER_PREDEF_SETTING_ID)
values (94397, '1.0', 67, 806, null);
insert into SOLVER_PARAMETER (UNIQUEID, VALUE, SOLVER_PARAM_DEF_ID, SOLUTION_ID, SOLVER_PREDEF_SETTING_ID)
values (94398, '0.0', 128, 806, null);
insert into SOLVER_PARAMETER (UNIQUEID, VALUE, SOLVER_PARAM_DEF_ID, SOLUTION_ID, SOLVER_PREDEF_SETTING_ID)
values (94399, 'edu.purdue.smas.timetable.solver.TimetableDatabaseLoader', 27, 806, null);
insert into SOLVER_PARAMETER (UNIQUEID, VALUE, SOLVER_PARAM_DEF_ID, SOLUTION_ID, SOLVER_PREDEF_SETTING_ID)
values (94400, '0.0', 112, 806, null);
insert into SOLVER_PARAMETER (UNIQUEID, VALUE, SOLVER_PARAM_DEF_ID, SOLUTION_ID, SOLVER_PREDEF_SETTING_ID)
values (94401, '0.0', 96, 806, null);
commit;
prompt 100 records committed...
insert into SOLVER_PARAMETER (UNIQUEID, VALUE, SOLVER_PARAM_DEF_ID, SOLUTION_ID, SOLVER_PREDEF_SETTING_ID)
values (94402, 'false', 55, 806, null);
insert into SOLVER_PARAMETER (UNIQUEID, VALUE, SOLVER_PARAM_DEF_ID, SOLUTION_ID, SOLVER_PREDEF_SETTING_ID)
values (94403, '0.20', 90, 806, null);
insert into SOLVER_PARAMETER (UNIQUEID, VALUE, SOLVER_PARAM_DEF_ID, SOLUTION_ID, SOLVER_PREDEF_SETTING_ID)
values (94404, '-1', 52, 806, null);
insert into SOLVER_PARAMETER (UNIQUEID, VALUE, SOLVER_PARAM_DEF_ID, SOLUTION_ID, SOLVER_PREDEF_SETTING_ID)
values (94405, '10', 85, 806, null);
insert into SOLVER_PARAMETER (UNIQUEID, VALUE, SOLVER_PARAM_DEF_ID, SOLUTION_ID, SOLVER_PREDEF_SETTING_ID)
values (94406, 'edu.purdue.smas.timetable.solver.TimetableDatabaseSaver', 28, 806, null);
insert into SOLVER_PARAMETER (UNIQUEID, VALUE, SOLVER_PARAM_DEF_ID, SOLUTION_ID, SOLVER_PREDEF_SETTING_ID)
values (94407, '0.2', 75, 806, null);
insert into SOLVER_PARAMETER (UNIQUEID, VALUE, SOLVER_PARAM_DEF_ID, SOLUTION_ID, SOLVER_PREDEF_SETTING_ID)
values (94408, '0.0', 47, 806, null);
insert into SOLVER_PARAMETER (UNIQUEID, VALUE, SOLVER_PARAM_DEF_ID, SOLUTION_ID, SOLVER_PREDEF_SETTING_ID)
values (94409, '0.0', 126, 806, null);
insert into SOLVER_PARAMETER (UNIQUEID, VALUE, SOLVER_PARAM_DEF_ID, SOLUTION_ID, SOLVER_PREDEF_SETTING_ID)
values (94410, '0.0', 110, 806, null);
insert into SOLVER_PARAMETER (UNIQUEID, VALUE, SOLVER_PARAM_DEF_ID, SOLUTION_ID, SOLVER_PREDEF_SETTING_ID)
values (94411, '1.0', 94, 806, null);
insert into SOLVER_PARAMETER (UNIQUEID, VALUE, SOLVER_PARAM_DEF_ID, SOLUTION_ID, SOLVER_PREDEF_SETTING_ID)
values (94412, 'net.sf.cpsolver.coursett.heuristics.NeighbourSelectionWithSuggestions', 221, 806, null);
insert into SOLVER_PARAMETER (UNIQUEID, VALUE, SOLVER_PARAM_DEF_ID, SOLUTION_ID, SOLVER_PREDEF_SETTING_ID)
values (94413, '10.0', 71, 806, null);
insert into SOLVER_PARAMETER (UNIQUEID, VALUE, SOLVER_PARAM_DEF_ID, SOLUTION_ID, SOLVER_PREDEF_SETTING_ID)
values (94414, '0.0', 45, 806, null);
insert into SOLVER_PARAMETER (UNIQUEID, VALUE, SOLVER_PARAM_DEF_ID, SOLUTION_ID, SOLVER_PREDEF_SETTING_ID)
values (94415, 'DIFF_TIME', 202, 806, null);
insert into SOLVER_PARAMETER (UNIQUEID, VALUE, SOLVER_PARAM_DEF_ID, SOLUTION_ID, SOLVER_PREDEF_SETTING_ID)
values (94416, '20.0', 72, 806, null);
insert into SOLVER_PARAMETER (UNIQUEID, VALUE, SOLVER_PARAM_DEF_ID, SOLUTION_ID, SOLVER_PREDEF_SETTING_ID)
values (94417, '0.0', 46, 806, null);
insert into SOLVER_PARAMETER (UNIQUEID, VALUE, SOLVER_PARAM_DEF_ID, SOLUTION_ID, SOLVER_PREDEF_SETTING_ID)
values (94418, 'true', 9, 806, null);
insert into SOLVER_PARAMETER (UNIQUEID, VALUE, SOLVER_PARAM_DEF_ID, SOLUTION_ID, SOLVER_PREDEF_SETTING_ID)
values (94419, '0.5', 225, 806, null);
insert into SOLVER_PARAMETER (UNIQUEID, VALUE, SOLVER_PARAM_DEF_ID, SOLUTION_ID, SOLVER_PREDEF_SETTING_ID)
values (94420, 'true', 84, 806, null);
insert into SOLVER_PARAMETER (UNIQUEID, VALUE, SOLVER_PARAM_DEF_ID, SOLUTION_ID, SOLVER_PREDEF_SETTING_ID)
values (94421, '0.0', 34, 806, null);
insert into SOLVER_PARAMETER (UNIQUEID, VALUE, SOLVER_PARAM_DEF_ID, SOLUTION_ID, SOLVER_PREDEF_SETTING_ID)
values (94422, '0', 15, 806, null);
insert into SOLVER_PARAMETER (UNIQUEID, VALUE, SOLVER_PARAM_DEF_ID, SOLUTION_ID, SOLVER_PREDEF_SETTING_ID)
values (94423, '2.0', 59, 806, null);
insert into SOLVER_PARAMETER (UNIQUEID, VALUE, SOLVER_PARAM_DEF_ID, SOLUTION_ID, SOLVER_PREDEF_SETTING_ID)
values (94424, '0', 17, 806, null);
insert into SOLVER_PARAMETER (UNIQUEID, VALUE, SOLVER_PARAM_DEF_ID, SOLUTION_ID, SOLVER_PREDEF_SETTING_ID)
values (94425, '0.0', 132, 806, null);
insert into SOLVER_PARAMETER (UNIQUEID, VALUE, SOLVER_PARAM_DEF_ID, SOLUTION_ID, SOLVER_PREDEF_SETTING_ID)
values (94426, '0.3', 116, 806, null);
insert into SOLVER_PARAMETER (UNIQUEID, VALUE, SOLVER_PARAM_DEF_ID, SOLUTION_ID, SOLVER_PREDEF_SETTING_ID)
values (94427, '0.0', 100, 806, null);
insert into SOLVER_PARAMETER (UNIQUEID, VALUE, SOLVER_PARAM_DEF_ID, SOLUTION_ID, SOLVER_PREDEF_SETTING_ID)
values (94428, 'net.sf.cpsolver.ifs.termination.MPPTerminationCondition', 23, 806, null);
insert into SOLVER_PARAMETER (UNIQUEID, VALUE, SOLVER_PARAM_DEF_ID, SOLUTION_ID, SOLVER_PREDEF_SETTING_ID)
values (94429, '0.1', 61, 806, null);
insert into SOLVER_PARAMETER (UNIQUEID, VALUE, SOLVER_PARAM_DEF_ID, SOLUTION_ID, SOLVER_PREDEF_SETTING_ID)
values (94430, '20.0', 205, 806, null);
insert into SOLVER_PARAMETER (UNIQUEID, VALUE, SOLVER_PARAM_DEF_ID, SOLUTION_ID, SOLVER_PREDEF_SETTING_ID)
values (94431, '-1.0', 92, 806, null);
insert into SOLVER_PARAMETER (UNIQUEID, VALUE, SOLVER_PARAM_DEF_ID, SOLUTION_ID, SOLVER_PREDEF_SETTING_ID)
values (94432, '0.0', 135, 806, null);
insert into SOLVER_PARAMETER (UNIQUEID, VALUE, SOLVER_PARAM_DEF_ID, SOLUTION_ID, SOLVER_PREDEF_SETTING_ID)
values (94433, '1.0', 83, 806, null);
insert into SOLVER_PARAMETER (UNIQUEID, VALUE, SOLVER_PARAM_DEF_ID, SOLUTION_ID, SOLVER_PREDEF_SETTING_ID)
values (94434, '1.0', 119, 806, null);
insert into SOLVER_PARAMETER (UNIQUEID, VALUE, SOLVER_PARAM_DEF_ID, SOLUTION_ID, SOLVER_PREDEF_SETTING_ID)
values (94435, '0.0', 49, 806, null);
insert into SOLVER_PARAMETER (UNIQUEID, VALUE, SOLVER_PARAM_DEF_ID, SOLUTION_ID, SOLVER_PREDEF_SETTING_ID)
values (94436, '0.1', 103, 806, null);
insert into SOLVER_PARAMETER (UNIQUEID, VALUE, SOLVER_PARAM_DEF_ID, SOLUTION_ID, SOLVER_PREDEF_SETTING_ID)
values (94437, '1.0', 18, 806, null);
insert into SOLVER_PARAMETER (UNIQUEID, VALUE, SOLVER_PARAM_DEF_ID, SOLUTION_ID, SOLVER_PREDEF_SETTING_ID)
values (94438, '1.0', 78, 806, null);
insert into SOLVER_PARAMETER (UNIQUEID, VALUE, SOLVER_PARAM_DEF_ID, SOLUTION_ID, SOLVER_PREDEF_SETTING_ID)
values (94439, '0.0', 48, 806, null);
insert into SOLVER_PARAMETER (UNIQUEID, VALUE, SOLVER_PARAM_DEF_ID, SOLUTION_ID, SOLVER_PREDEF_SETTING_ID)
values (94440, '0.1', 30, 806, null);
insert into SOLVER_PARAMETER (UNIQUEID, VALUE, SOLVER_PARAM_DEF_ID, SOLUTION_ID, SOLVER_PREDEF_SETTING_ID)
values (94441, 'false', 4, 806, null);
insert into SOLVER_PARAMETER (UNIQUEID, VALUE, SOLVER_PARAM_DEF_ID, SOLUTION_ID, SOLVER_PREDEF_SETTING_ID)
values (94442, '0.0', 145, 806, null);
insert into SOLVER_PARAMETER (UNIQUEID, VALUE, SOLVER_PARAM_DEF_ID, SOLUTION_ID, SOLVER_PREDEF_SETTING_ID)
values (94443, '1.0', 60, 806, null);
insert into SOLVER_PARAMETER (UNIQUEID, VALUE, SOLVER_PARAM_DEF_ID, SOLUTION_ID, SOLVER_PREDEF_SETTING_ID)
values (94444, '1.0', 144, 806, null);
insert into SOLVER_PARAMETER (UNIQUEID, VALUE, SOLVER_PARAM_DEF_ID, SOLUTION_ID, SOLVER_PREDEF_SETTING_ID)
values (94445, '1800', 54, 806, null);
insert into SOLVER_PARAMETER (UNIQUEID, VALUE, SOLVER_PARAM_DEF_ID, SOLUTION_ID, SOLVER_PREDEF_SETTING_ID)
values (94446, '0.5', 143, 806, null);
insert into SOLVER_PARAMETER (UNIQUEID, VALUE, SOLVER_PARAM_DEF_ID, SOLUTION_ID, SOLVER_PREDEF_SETTING_ID)
values (94447, '2.0', 77, 806, null);
insert into SOLVER_PARAMETER (UNIQUEID, VALUE, SOLVER_PARAM_DEF_ID, SOLUTION_ID, SOLVER_PREDEF_SETTING_ID)
values (94448, '0.0', 35, 806, null);
insert into SOLVER_PARAMETER (UNIQUEID, VALUE, SOLVER_PARAM_DEF_ID, SOLUTION_ID, SOLVER_PREDEF_SETTING_ID)
values (94449, '0.1', 79, 806, null);
insert into SOLVER_PARAMETER (UNIQUEID, VALUE, SOLVER_PARAM_DEF_ID, SOLUTION_ID, SOLVER_PREDEF_SETTING_ID)
values (94450, '0.0', 137, 806, null);
insert into SOLVER_PARAMETER (UNIQUEID, VALUE, SOLVER_PARAM_DEF_ID, SOLUTION_ID, SOLVER_PREDEF_SETTING_ID)
values (94451, '0.0', 129, 806, null);
insert into SOLVER_PARAMETER (UNIQUEID, VALUE, SOLVER_PARAM_DEF_ID, SOLUTION_ID, SOLVER_PREDEF_SETTING_ID)
values (94452, '0.1', 121, 806, null);
insert into SOLVER_PARAMETER (UNIQUEID, VALUE, SOLVER_PARAM_DEF_ID, SOLUTION_ID, SOLVER_PREDEF_SETTING_ID)
values (94453, '0.01', 105, 806, null);
insert into SOLVER_PARAMETER (UNIQUEID, VALUE, SOLVER_PARAM_DEF_ID, SOLUTION_ID, SOLVER_PREDEF_SETTING_ID)
values (94454, '1.0', 113, 806, null);
insert into SOLVER_PARAMETER (UNIQUEID, VALUE, SOLVER_PARAM_DEF_ID, SOLUTION_ID, SOLVER_PREDEF_SETTING_ID)
values (94455, '0.1', 97, 806, null);
insert into SOLVER_PARAMETER (UNIQUEID, VALUE, SOLVER_PARAM_DEF_ID, SOLUTION_ID, SOLVER_PREDEF_SETTING_ID)
values (94456, 'MPP', 1, 806, null);
insert into SOLVER_PARAMETER (UNIQUEID, VALUE, SOLVER_PARAM_DEF_ID, SOLUTION_ID, SOLVER_PREDEF_SETTING_ID)
values (94457, '1.0', 65, 806, null);
insert into SOLVER_PARAMETER (UNIQUEID, VALUE, SOLVER_PARAM_DEF_ID, SOLUTION_ID, SOLVER_PREDEF_SETTING_ID)
values (94458, '0.0', 136, 806, null);
insert into SOLVER_PARAMETER (UNIQUEID, VALUE, SOLVER_PARAM_DEF_ID, SOLUTION_ID, SOLVER_PREDEF_SETTING_ID)
values (94459, '0.1', 120, 806, null);
insert into SOLVER_PARAMETER (UNIQUEID, VALUE, SOLVER_PARAM_DEF_ID, SOLUTION_ID, SOLVER_PREDEF_SETTING_ID)
values (94460, '0.0', 104, 806, null);
insert into SOLVER_PARAMETER (UNIQUEID, VALUE, SOLVER_PARAM_DEF_ID, SOLUTION_ID, SOLVER_PREDEF_SETTING_ID)
values (94461, 'true', 11, 806, null);
insert into SOLVER_PARAMETER (UNIQUEID, VALUE, SOLVER_PARAM_DEF_ID, SOLUTION_ID, SOLVER_PREDEF_SETTING_ID)
values (94462, '-1', 53, 806, null);
insert into SOLVER_PARAMETER (UNIQUEID, VALUE, SOLVER_PARAM_DEF_ID, SOLUTION_ID, SOLVER_PREDEF_SETTING_ID)
values (94463, '0.1', 62, 806, null);
insert into SOLVER_PARAMETER (UNIQUEID, VALUE, SOLVER_PARAM_DEF_ID, SOLUTION_ID, SOLVER_PREDEF_SETTING_ID)
values (94464, '1.2', 14, 806, null);
insert into SOLVER_PARAMETER (UNIQUEID, VALUE, SOLVER_PARAM_DEF_ID, SOLUTION_ID, SOLVER_PREDEF_SETTING_ID)
values (94465, '100', 146, 806, null);
insert into SOLVER_PARAMETER (UNIQUEID, VALUE, SOLVER_PARAM_DEF_ID, SOLUTION_ID, SOLVER_PREDEF_SETTING_ID)
values (94466, '0.0', 39, 806, null);
insert into SOLVER_PARAMETER (UNIQUEID, VALUE, SOLVER_PARAM_DEF_ID, SOLUTION_ID, SOLVER_PREDEF_SETTING_ID)
values (94467, 'net.sf.cpsolver.coursett.heuristics.PlacementSelection', 26, 806, null);
insert into SOLVER_PARAMETER (UNIQUEID, VALUE, SOLVER_PARAM_DEF_ID, SOLUTION_ID, SOLVER_PREDEF_SETTING_ID)
values (94468, '1.0', 69, 806, null);
insert into SOLVER_PARAMETER (UNIQUEID, VALUE, SOLVER_PARAM_DEF_ID, SOLUTION_ID, SOLVER_PREDEF_SETTING_ID)
values (94469, '0.2', 86, 806, null);
insert into SOLVER_PARAMETER (UNIQUEID, VALUE, SOLVER_PARAM_DEF_ID, SOLUTION_ID, SOLVER_PREDEF_SETTING_ID)
values (94470, '2', 148, 806, null);
insert into SOLVER_PARAMETER (UNIQUEID, VALUE, SOLVER_PARAM_DEF_ID, SOLUTION_ID, SOLVER_PREDEF_SETTING_ID)
values (94471, '0.0', 42, 806, null);
insert into SOLVER_PARAMETER (UNIQUEID, VALUE, SOLVER_PARAM_DEF_ID, SOLUTION_ID, SOLVER_PREDEF_SETTING_ID)
values (94472, '0.1', 124, 806, null);
insert into SOLVER_PARAMETER (UNIQUEID, VALUE, SOLVER_PARAM_DEF_ID, SOLUTION_ID, SOLVER_PREDEF_SETTING_ID)
values (94473, '0.1', 108, 806, null);
insert into SOLVER_PARAMETER (UNIQUEID, VALUE, SOLVER_PARAM_DEF_ID, SOLUTION_ID, SOLVER_PREDEF_SETTING_ID)
values (94474, '30.0', 70, 806, null);
insert into SOLVER_PARAMETER (UNIQUEID, VALUE, SOLVER_PARAM_DEF_ID, SOLUTION_ID, SOLVER_PREDEF_SETTING_ID)
values (94475, '0.0', 125, 806, null);
insert into SOLVER_PARAMETER (UNIQUEID, VALUE, SOLVER_PARAM_DEF_ID, SOLUTION_ID, SOLVER_PREDEF_SETTING_ID)
values (94476, 'true', 150, 806, null);
insert into SOLVER_PARAMETER (UNIQUEID, VALUE, SOLVER_PARAM_DEF_ID, SOLUTION_ID, SOLVER_PREDEF_SETTING_ID)
values (94477, '0.0', 109, 806, null);
insert into SOLVER_PARAMETER (UNIQUEID, VALUE, SOLVER_PARAM_DEF_ID, SOLUTION_ID, SOLVER_PREDEF_SETTING_ID)
values (94478, '0.0', 93, 806, null);
insert into SOLVER_PARAMETER (UNIQUEID, VALUE, SOLVER_PARAM_DEF_ID, SOLUTION_ID, SOLVER_PREDEF_SETTING_ID)
values (94479, '1.0', 66, 806, null);
insert into SOLVER_PARAMETER (UNIQUEID, VALUE, SOLVER_PARAM_DEF_ID, SOLUTION_ID, SOLVER_PREDEF_SETTING_ID)
values (94480, '1.0', 64, 806, null);
insert into SOLVER_PARAMETER (UNIQUEID, VALUE, SOLVER_PARAM_DEF_ID, SOLUTION_ID, SOLVER_PREDEF_SETTING_ID)
values (94481, '0.0', 127, 806, null);
insert into SOLVER_PARAMETER (UNIQUEID, VALUE, SOLVER_PARAM_DEF_ID, SOLUTION_ID, SOLVER_PREDEF_SETTING_ID)
values (94482, '0.0', 111, 806, null);
insert into SOLVER_PARAMETER (UNIQUEID, VALUE, SOLVER_PARAM_DEF_ID, SOLUTION_ID, SOLVER_PREDEF_SETTING_ID)
values (94483, '2.0', 95, 806, null);
insert into SOLVER_PARAMETER (UNIQUEID, VALUE, SOLVER_PARAM_DEF_ID, SOLUTION_ID, SOLVER_PREDEF_SETTING_ID)
values (94484, 'true', 68, 806, null);
insert into SOLVER_PARAMETER (UNIQUEID, VALUE, SOLVER_PARAM_DEF_ID, SOLUTION_ID, SOLVER_PREDEF_SETTING_ID)
values (94485, '0.0', 51, 806, null);
insert into SOLVER_PARAMETER (UNIQUEID, VALUE, SOLVER_PARAM_DEF_ID, SOLUTION_ID, SOLVER_PREDEF_SETTING_ID)
values (94486, 'false', 5, 806, null);
insert into SOLVER_PARAMETER (UNIQUEID, VALUE, SOLVER_PARAM_DEF_ID, SOLUTION_ID, SOLVER_PREDEF_SETTING_ID)
values (94487, 'false', 241, 806, null);
insert into SOLVER_PARAMETER (UNIQUEID, VALUE, SOLVER_PARAM_DEF_ID, SOLUTION_ID, SOLVER_PREDEF_SETTING_ID)
values (94488, '1.2', 16, 806, null);
insert into SOLVER_PARAMETER (UNIQUEID, VALUE, SOLVER_PARAM_DEF_ID, SOLUTION_ID, SOLVER_PREDEF_SETTING_ID)
values (94489, '0.0', 181, 806, null);
insert into SOLVER_PARAMETER (UNIQUEID, VALUE, SOLVER_PARAM_DEF_ID, SOLUTION_ID, SOLVER_PREDEF_SETTING_ID)
values (94490, '0.0', 73, 806, null);
insert into SOLVER_PARAMETER (UNIQUEID, VALUE, SOLVER_PARAM_DEF_ID, SOLUTION_ID, SOLVER_PREDEF_SETTING_ID)
values (94491, 'true', 161, 806, null);
insert into SOLVER_PARAMETER (UNIQUEID, VALUE, SOLVER_PARAM_DEF_ID, SOLUTION_ID, SOLVER_PREDEF_SETTING_ID)
values (94492, 'net.sf.cpsolver.coursett.heuristics.TimetableComparator', 24, 806, null);
insert into SOLVER_PARAMETER (UNIQUEID, VALUE, SOLVER_PARAM_DEF_ID, SOLUTION_ID, SOLVER_PREDEF_SETTING_ID)
values (94493, '0.0', 44, 806, null);
insert into SOLVER_PARAMETER (UNIQUEID, VALUE, SOLVER_PARAM_DEF_ID, SOLUTION_ID, SOLVER_PREDEF_SETTING_ID)
values (94494, '0.8', 74, 806, null);
insert into SOLVER_PARAMETER (UNIQUEID, VALUE, SOLVER_PARAM_DEF_ID, SOLUTION_ID, SOLVER_PREDEF_SETTING_ID)
values (94495, '67.0', 206, 806, null);
insert into SOLVER_PARAMETER (UNIQUEID, VALUE, SOLVER_PARAM_DEF_ID, SOLUTION_ID, SOLVER_PREDEF_SETTING_ID)
values (94496, '1.0', 82, 806, null);
insert into SOLVER_PARAMETER (UNIQUEID, VALUE, SOLVER_PARAM_DEF_ID, SOLUTION_ID, SOLVER_PREDEF_SETTING_ID)
values (94497, 'on', 3, 806, null);
insert into SOLVER_PARAMETER (UNIQUEID, VALUE, SOLVER_PARAM_DEF_ID, SOLUTION_ID, SOLVER_PREDEF_SETTING_ID)
values (94498, '100.0', 207, 806, null);
insert into SOLVER_PARAMETER (UNIQUEID, VALUE, SOLVER_PARAM_DEF_ID, SOLUTION_ID, SOLVER_PREDEF_SETTING_ID)
values (94499, '-1', 7, 806, null);
insert into SOLVER_PARAMETER (UNIQUEID, VALUE, SOLVER_PARAM_DEF_ID, SOLUTION_ID, SOLVER_PREDEF_SETTING_ID)
values (94500, '0.0', 50, 806, null);
insert into SOLVER_PARAMETER (UNIQUEID, VALUE, SOLVER_PARAM_DEF_ID, SOLUTION_ID, SOLVER_PREDEF_SETTING_ID)
values (94501, '0.1', 81, 806, null);
commit;
prompt 200 records committed...
insert into SOLVER_PARAMETER (UNIQUEID, VALUE, SOLVER_PARAM_DEF_ID, SOLUTION_ID, SOLVER_PREDEF_SETTING_ID)
values (94502, 'true', 6, 806, null);
insert into SOLVER_PARAMETER (UNIQUEID, VALUE, SOLVER_PARAM_DEF_ID, SOLUTION_ID, SOLVER_PREDEF_SETTING_ID)
values (94503, '2', 149, 806, null);
insert into SOLVER_PARAMETER (UNIQUEID, VALUE, SOLVER_PARAM_DEF_ID, SOLUTION_ID, SOLVER_PREDEF_SETTING_ID)
values (94504, '1.0', 63, 806, null);
insert into SOLVER_PARAMETER (UNIQUEID, VALUE, SOLVER_PARAM_DEF_ID, SOLUTION_ID, SOLVER_PREDEF_SETTING_ID)
values (94505, '0', 19, 806, null);
insert into SOLVER_PARAMETER (UNIQUEID, VALUE, SOLVER_PARAM_DEF_ID, SOLUTION_ID, SOLVER_PREDEF_SETTING_ID)
values (94506, 'false', 13, 807, null);
insert into SOLVER_PARAMETER (UNIQUEID, VALUE, SOLVER_PARAM_DEF_ID, SOLUTION_ID, SOLVER_PREDEF_SETTING_ID)
values (94507, 'net.sf.cpsolver.coursett.heuristics.LectureSelection', 25, 807, null);
insert into SOLVER_PARAMETER (UNIQUEID, VALUE, SOLVER_PARAM_DEF_ID, SOLUTION_ID, SOLVER_PREDEF_SETTING_ID)
values (94508, '0.0', 139, 807, null);
insert into SOLVER_PARAMETER (UNIQUEID, VALUE, SOLVER_PARAM_DEF_ID, SOLUTION_ID, SOLVER_PREDEF_SETTING_ID)
values (94509, '1.0', 123, 807, null);
insert into SOLVER_PARAMETER (UNIQUEID, VALUE, SOLVER_PARAM_DEF_ID, SOLUTION_ID, SOLVER_PREDEF_SETTING_ID)
values (94510, '0.1', 107, 807, null);
insert into SOLVER_PARAMETER (UNIQUEID, VALUE, SOLVER_PARAM_DEF_ID, SOLUTION_ID, SOLVER_PREDEF_SETTING_ID)
values (94511, '4', 224, 807, null);
insert into SOLVER_PARAMETER (UNIQUEID, VALUE, SOLVER_PARAM_DEF_ID, SOLUTION_ID, SOLVER_PREDEF_SETTING_ID)
values (94513, '0.2', 115, 807, null);
insert into SOLVER_PARAMETER (UNIQUEID, VALUE, SOLVER_PARAM_DEF_ID, SOLUTION_ID, SOLVER_PREDEF_SETTING_ID)
values (94514, '0.05', 99, 807, null);
insert into SOLVER_PARAMETER (UNIQUEID, VALUE, SOLVER_PARAM_DEF_ID, SOLUTION_ID, SOLVER_PREDEF_SETTING_ID)
values (94516, '500', 223, 807, null);
insert into SOLVER_PARAMETER (UNIQUEID, VALUE, SOLVER_PARAM_DEF_ID, SOLUTION_ID, SOLVER_PREDEF_SETTING_ID)
values (94519, '0.0', 37, 807, null);
insert into SOLVER_PARAMETER (UNIQUEID, VALUE, SOLVER_PARAM_DEF_ID, SOLUTION_ID, SOLVER_PREDEF_SETTING_ID)
values (94520, 'true', 10, 807, null);
insert into SOLVER_PARAMETER (UNIQUEID, VALUE, SOLVER_PARAM_DEF_ID, SOLUTION_ID, SOLVER_PREDEF_SETTING_ID)
values (94521, '-1', 21, 807, null);
insert into SOLVER_PARAMETER (UNIQUEID, VALUE, SOLVER_PARAM_DEF_ID, SOLUTION_ID, SOLVER_PREDEF_SETTING_ID)
values (94523, '0.0', 40, 807, null);
insert into SOLVER_PARAMETER (UNIQUEID, VALUE, SOLVER_PARAM_DEF_ID, SOLUTION_ID, SOLVER_PREDEF_SETTING_ID)
values (94525, '0.3', 76, 807, null);
insert into SOLVER_PARAMETER (UNIQUEID, VALUE, SOLVER_PARAM_DEF_ID, SOLUTION_ID, SOLVER_PREDEF_SETTING_ID)
values (94526, 'No Action', 2, 807, null);
insert into SOLVER_PARAMETER (UNIQUEID, VALUE, SOLVER_PARAM_DEF_ID, SOLUTION_ID, SOLVER_PREDEF_SETTING_ID)
values (94527, '0.0', 41, 807, null);
insert into SOLVER_PARAMETER (UNIQUEID, VALUE, SOLVER_PARAM_DEF_ID, SOLUTION_ID, SOLVER_PREDEF_SETTING_ID)
values (94528, '0.0', 134, 807, null);
insert into SOLVER_PARAMETER (UNIQUEID, VALUE, SOLVER_PARAM_DEF_ID, SOLUTION_ID, SOLVER_PREDEF_SETTING_ID)
values (94529, '2.0', 118, 807, null);
insert into SOLVER_PARAMETER (UNIQUEID, VALUE, SOLVER_PARAM_DEF_ID, SOLUTION_ID, SOLVER_PREDEF_SETTING_ID)
values (94530, '0.25', 102, 807, null);
insert into SOLVER_PARAMETER (UNIQUEID, VALUE, SOLVER_PARAM_DEF_ID, SOLUTION_ID, SOLVER_PREDEF_SETTING_ID)
values (94531, '0.0', 38, 807, null);
insert into SOLVER_PARAMETER (UNIQUEID, VALUE, SOLVER_PARAM_DEF_ID, SOLUTION_ID, SOLVER_PREDEF_SETTING_ID)
values (94532, '0.0', 203, 807, null);
insert into SOLVER_PARAMETER (UNIQUEID, VALUE, SOLVER_PARAM_DEF_ID, SOLUTION_ID, SOLVER_PREDEF_SETTING_ID)
values (94533, '0.0', 138, 807, null);
insert into SOLVER_PARAMETER (UNIQUEID, VALUE, SOLVER_PARAM_DEF_ID, SOLUTION_ID, SOLVER_PREDEF_SETTING_ID)
values (94534, '0.0', 43, 807, null);
insert into SOLVER_PARAMETER (UNIQUEID, VALUE, SOLVER_PARAM_DEF_ID, SOLUTION_ID, SOLVER_PREDEF_SETTING_ID)
values (94535, '1.0', 122, 807, null);
insert into SOLVER_PARAMETER (UNIQUEID, VALUE, SOLVER_PARAM_DEF_ID, SOLUTION_ID, SOLVER_PREDEF_SETTING_ID)
values (94536, '0.1', 106, 807, null);
insert into SOLVER_PARAMETER (UNIQUEID, VALUE, SOLVER_PARAM_DEF_ID, SOLUTION_ID, SOLVER_PREDEF_SETTING_ID)
values (94537, '5.0', 204, 807, null);
insert into SOLVER_PARAMETER (UNIQUEID, VALUE, SOLVER_PARAM_DEF_ID, SOLUTION_ID, SOLVER_PREDEF_SETTING_ID)
values (94538, '1.0', 88, 807, null);
insert into SOLVER_PARAMETER (UNIQUEID, VALUE, SOLVER_PARAM_DEF_ID, SOLUTION_ID, SOLVER_PREDEF_SETTING_ID)
values (94539, '0.2', 57, 807, null);
insert into SOLVER_PARAMETER (UNIQUEID, VALUE, SOLVER_PARAM_DEF_ID, SOLUTION_ID, SOLVER_PREDEF_SETTING_ID)
values (94540, '0.1', 222, 807, null);
insert into SOLVER_PARAMETER (UNIQUEID, VALUE, SOLVER_PARAM_DEF_ID, SOLUTION_ID, SOLVER_PREDEF_SETTING_ID)
values (94541, '0.3', 58, 807, null);
insert into SOLVER_PARAMETER (UNIQUEID, VALUE, SOLVER_PARAM_DEF_ID, SOLUTION_ID, SOLVER_PREDEF_SETTING_ID)
values (94542, '1.0', 87, 807, null);
insert into SOLVER_PARAMETER (UNIQUEID, VALUE, SOLVER_PARAM_DEF_ID, SOLUTION_ID, SOLVER_PREDEF_SETTING_ID)
values (94543, '0.77', 12, 807, null);
insert into SOLVER_PARAMETER (UNIQUEID, VALUE, SOLVER_PARAM_DEF_ID, SOLUTION_ID, SOLVER_PREDEF_SETTING_ID)
values (94544, 'net.sf.cpsolver.coursett.heuristics.UniversalPerturbationsCounter', 22, 807, null);
insert into SOLVER_PARAMETER (UNIQUEID, VALUE, SOLVER_PARAM_DEF_ID, SOLUTION_ID, SOLVER_PREDEF_SETTING_ID)
values (94545, '0.00', 89, 807, null);
insert into SOLVER_PARAMETER (UNIQUEID, VALUE, SOLVER_PARAM_DEF_ID, SOLUTION_ID, SOLVER_PREDEF_SETTING_ID)
values (94546, '0.0', 133, 807, null);
insert into SOLVER_PARAMETER (UNIQUEID, VALUE, SOLVER_PARAM_DEF_ID, SOLUTION_ID, SOLVER_PREDEF_SETTING_ID)
values (94547, '0.0', 117, 807, null);
insert into SOLVER_PARAMETER (UNIQUEID, VALUE, SOLVER_PARAM_DEF_ID, SOLUTION_ID, SOLVER_PREDEF_SETTING_ID)
values (94548, '0.2', 101, 807, null);
insert into SOLVER_PARAMETER (UNIQUEID, VALUE, SOLVER_PARAM_DEF_ID, SOLUTION_ID, SOLVER_PREDEF_SETTING_ID)
values (94549, '0.0', 142, 807, null);
insert into SOLVER_PARAMETER (UNIQUEID, VALUE, SOLVER_PARAM_DEF_ID, SOLUTION_ID, SOLVER_PREDEF_SETTING_ID)
values (94550, '0.0', 36, 807, null);
insert into SOLVER_PARAMETER (UNIQUEID, VALUE, SOLVER_PARAM_DEF_ID, SOLUTION_ID, SOLVER_PREDEF_SETTING_ID)
values (94551, '1', 162, 807, null);
insert into SOLVER_PARAMETER (UNIQUEID, VALUE, SOLVER_PARAM_DEF_ID, SOLUTION_ID, SOLVER_PREDEF_SETTING_ID)
values (94552, '1.0', 141, 807, null);
insert into SOLVER_PARAMETER (UNIQUEID, VALUE, SOLVER_PARAM_DEF_ID, SOLUTION_ID, SOLVER_PREDEF_SETTING_ID)
values (94553, '0.0', 29, 807, null);
insert into SOLVER_PARAMETER (UNIQUEID, VALUE, SOLVER_PARAM_DEF_ID, SOLUTION_ID, SOLVER_PREDEF_SETTING_ID)
values (94554, '0.0', 130, 807, null);
insert into SOLVER_PARAMETER (UNIQUEID, VALUE, SOLVER_PARAM_DEF_ID, SOLUTION_ID, SOLVER_PREDEF_SETTING_ID)
values (94555, '0.1', 140, 807, null);
insert into SOLVER_PARAMETER (UNIQUEID, VALUE, SOLVER_PARAM_DEF_ID, SOLUTION_ID, SOLVER_PREDEF_SETTING_ID)
values (94556, '0.8', 114, 807, null);
insert into SOLVER_PARAMETER (UNIQUEID, VALUE, SOLVER_PARAM_DEF_ID, SOLUTION_ID, SOLVER_PREDEF_SETTING_ID)
values (94558, '-1', 91, 807, null);
insert into SOLVER_PARAMETER (UNIQUEID, VALUE, SOLVER_PARAM_DEF_ID, SOLUTION_ID, SOLVER_PREDEF_SETTING_ID)
values (94559, '1.0', 67, 807, null);
insert into SOLVER_PARAMETER (UNIQUEID, VALUE, SOLVER_PARAM_DEF_ID, SOLUTION_ID, SOLVER_PREDEF_SETTING_ID)
values (94560, '0.0', 128, 807, null);
insert into SOLVER_PARAMETER (UNIQUEID, VALUE, SOLVER_PARAM_DEF_ID, SOLUTION_ID, SOLVER_PREDEF_SETTING_ID)
values (94562, '0.0', 112, 807, null);
insert into SOLVER_PARAMETER (UNIQUEID, VALUE, SOLVER_PARAM_DEF_ID, SOLUTION_ID, SOLVER_PREDEF_SETTING_ID)
values (94563, '0.0', 96, 807, null);
insert into SOLVER_PARAMETER (UNIQUEID, VALUE, SOLVER_PARAM_DEF_ID, SOLUTION_ID, SOLVER_PREDEF_SETTING_ID)
values (94564, 'false', 55, 807, null);
insert into SOLVER_PARAMETER (UNIQUEID, VALUE, SOLVER_PARAM_DEF_ID, SOLUTION_ID, SOLVER_PREDEF_SETTING_ID)
values (94565, '0.20', 90, 807, null);
insert into SOLVER_PARAMETER (UNIQUEID, VALUE, SOLVER_PARAM_DEF_ID, SOLUTION_ID, SOLVER_PREDEF_SETTING_ID)
values (94566, '-1', 52, 807, null);
insert into SOLVER_PARAMETER (UNIQUEID, VALUE, SOLVER_PARAM_DEF_ID, SOLUTION_ID, SOLVER_PREDEF_SETTING_ID)
values (94567, '10', 85, 807, null);
insert into SOLVER_PARAMETER (UNIQUEID, VALUE, SOLVER_PARAM_DEF_ID, SOLUTION_ID, SOLVER_PREDEF_SETTING_ID)
values (94568, 'edu.purdue.smas.timetable.solver.TimetableDatabaseSaver', 28, 807, null);
insert into SOLVER_PARAMETER (UNIQUEID, VALUE, SOLVER_PARAM_DEF_ID, SOLUTION_ID, SOLVER_PREDEF_SETTING_ID)
values (94569, '0.2', 75, 807, null);
insert into SOLVER_PARAMETER (UNIQUEID, VALUE, SOLVER_PARAM_DEF_ID, SOLUTION_ID, SOLVER_PREDEF_SETTING_ID)
values (94570, '0.0', 47, 807, null);
insert into SOLVER_PARAMETER (UNIQUEID, VALUE, SOLVER_PARAM_DEF_ID, SOLUTION_ID, SOLVER_PREDEF_SETTING_ID)
values (94571, '0.0', 126, 807, null);
insert into SOLVER_PARAMETER (UNIQUEID, VALUE, SOLVER_PARAM_DEF_ID, SOLUTION_ID, SOLVER_PREDEF_SETTING_ID)
values (94573, '1.0', 94, 807, null);
insert into SOLVER_PARAMETER (UNIQUEID, VALUE, SOLVER_PARAM_DEF_ID, SOLUTION_ID, SOLVER_PREDEF_SETTING_ID)
values (94574, 'net.sf.cpsolver.coursett.heuristics.NeighbourSelectionWithSuggestions', 221, 807, null);
insert into SOLVER_PARAMETER (UNIQUEID, VALUE, SOLVER_PARAM_DEF_ID, SOLUTION_ID, SOLVER_PREDEF_SETTING_ID)
values (94576, '0.0', 45, 807, null);
insert into SOLVER_PARAMETER (UNIQUEID, VALUE, SOLVER_PARAM_DEF_ID, SOLUTION_ID, SOLVER_PREDEF_SETTING_ID)
values (94577, 'DIFF_TIME', 202, 807, null);
insert into SOLVER_PARAMETER (UNIQUEID, VALUE, SOLVER_PARAM_DEF_ID, SOLUTION_ID, SOLVER_PREDEF_SETTING_ID)
values (94578, '20.0', 72, 807, null);
insert into SOLVER_PARAMETER (UNIQUEID, VALUE, SOLVER_PARAM_DEF_ID, SOLUTION_ID, SOLVER_PREDEF_SETTING_ID)
values (94579, '0.0', 46, 807, null);
insert into SOLVER_PARAMETER (UNIQUEID, VALUE, SOLVER_PARAM_DEF_ID, SOLUTION_ID, SOLVER_PREDEF_SETTING_ID)
values (94581, '0.5', 225, 807, null);
insert into SOLVER_PARAMETER (UNIQUEID, VALUE, SOLVER_PARAM_DEF_ID, SOLUTION_ID, SOLVER_PREDEF_SETTING_ID)
values (94582, 'true', 84, 807, null);
insert into SOLVER_PARAMETER (UNIQUEID, VALUE, SOLVER_PARAM_DEF_ID, SOLUTION_ID, SOLVER_PREDEF_SETTING_ID)
values (94583, '0.0', 34, 807, null);
insert into SOLVER_PARAMETER (UNIQUEID, VALUE, SOLVER_PARAM_DEF_ID, SOLUTION_ID, SOLVER_PREDEF_SETTING_ID)
values (94584, '0', 15, 807, null);
insert into SOLVER_PARAMETER (UNIQUEID, VALUE, SOLVER_PARAM_DEF_ID, SOLUTION_ID, SOLVER_PREDEF_SETTING_ID)
values (94585, '2.0', 59, 807, null);
insert into SOLVER_PARAMETER (UNIQUEID, VALUE, SOLVER_PARAM_DEF_ID, SOLUTION_ID, SOLVER_PREDEF_SETTING_ID)
values (94586, '0', 17, 807, null);
insert into SOLVER_PARAMETER (UNIQUEID, VALUE, SOLVER_PARAM_DEF_ID, SOLUTION_ID, SOLVER_PREDEF_SETTING_ID)
values (94587, '0.0', 132, 807, null);
insert into SOLVER_PARAMETER (UNIQUEID, VALUE, SOLVER_PARAM_DEF_ID, SOLUTION_ID, SOLVER_PREDEF_SETTING_ID)
values (94588, '0.3', 116, 807, null);
insert into SOLVER_PARAMETER (UNIQUEID, VALUE, SOLVER_PARAM_DEF_ID, SOLUTION_ID, SOLVER_PREDEF_SETTING_ID)
values (94589, '0.0', 100, 807, null);
insert into SOLVER_PARAMETER (UNIQUEID, VALUE, SOLVER_PARAM_DEF_ID, SOLUTION_ID, SOLVER_PREDEF_SETTING_ID)
values (94590, 'net.sf.cpsolver.ifs.termination.MPPTerminationCondition', 23, 807, null);
insert into SOLVER_PARAMETER (UNIQUEID, VALUE, SOLVER_PARAM_DEF_ID, SOLUTION_ID, SOLVER_PREDEF_SETTING_ID)
values (94591, '0.1', 61, 807, null);
insert into SOLVER_PARAMETER (UNIQUEID, VALUE, SOLVER_PARAM_DEF_ID, SOLUTION_ID, SOLVER_PREDEF_SETTING_ID)
values (94593, '-1.0', 92, 807, null);
insert into SOLVER_PARAMETER (UNIQUEID, VALUE, SOLVER_PARAM_DEF_ID, SOLUTION_ID, SOLVER_PREDEF_SETTING_ID)
values (94594, '0.0', 135, 807, null);
insert into SOLVER_PARAMETER (UNIQUEID, VALUE, SOLVER_PARAM_DEF_ID, SOLUTION_ID, SOLVER_PREDEF_SETTING_ID)
values (94595, '1.0', 83, 807, null);
insert into SOLVER_PARAMETER (UNIQUEID, VALUE, SOLVER_PARAM_DEF_ID, SOLUTION_ID, SOLVER_PREDEF_SETTING_ID)
values (94596, '1.0', 119, 807, null);
insert into SOLVER_PARAMETER (UNIQUEID, VALUE, SOLVER_PARAM_DEF_ID, SOLUTION_ID, SOLVER_PREDEF_SETTING_ID)
values (94597, '0.0', 49, 807, null);
insert into SOLVER_PARAMETER (UNIQUEID, VALUE, SOLVER_PARAM_DEF_ID, SOLUTION_ID, SOLVER_PREDEF_SETTING_ID)
values (94598, '0.1', 103, 807, null);
insert into SOLVER_PARAMETER (UNIQUEID, VALUE, SOLVER_PARAM_DEF_ID, SOLUTION_ID, SOLVER_PREDEF_SETTING_ID)
values (94599, '1.0', 18, 807, null);
insert into SOLVER_PARAMETER (UNIQUEID, VALUE, SOLVER_PARAM_DEF_ID, SOLUTION_ID, SOLVER_PREDEF_SETTING_ID)
values (94600, '1.0', 78, 807, null);
insert into SOLVER_PARAMETER (UNIQUEID, VALUE, SOLVER_PARAM_DEF_ID, SOLUTION_ID, SOLVER_PREDEF_SETTING_ID)
values (94601, '0.0', 48, 807, null);
insert into SOLVER_PARAMETER (UNIQUEID, VALUE, SOLVER_PARAM_DEF_ID, SOLUTION_ID, SOLVER_PREDEF_SETTING_ID)
values (94602, '0.1', 30, 807, null);
insert into SOLVER_PARAMETER (UNIQUEID, VALUE, SOLVER_PARAM_DEF_ID, SOLUTION_ID, SOLVER_PREDEF_SETTING_ID)
values (94604, '0.0', 145, 807, null);
insert into SOLVER_PARAMETER (UNIQUEID, VALUE, SOLVER_PARAM_DEF_ID, SOLUTION_ID, SOLVER_PREDEF_SETTING_ID)
values (94605, '1.0', 60, 807, null);
insert into SOLVER_PARAMETER (UNIQUEID, VALUE, SOLVER_PARAM_DEF_ID, SOLUTION_ID, SOLVER_PREDEF_SETTING_ID)
values (94606, '1.0', 144, 807, null);
insert into SOLVER_PARAMETER (UNIQUEID, VALUE, SOLVER_PARAM_DEF_ID, SOLUTION_ID, SOLVER_PREDEF_SETTING_ID)
values (94607, '1800', 54, 807, null);
insert into SOLVER_PARAMETER (UNIQUEID, VALUE, SOLVER_PARAM_DEF_ID, SOLUTION_ID, SOLVER_PREDEF_SETTING_ID)
values (94608, '0.5', 143, 807, null);
insert into SOLVER_PARAMETER (UNIQUEID, VALUE, SOLVER_PARAM_DEF_ID, SOLUTION_ID, SOLVER_PREDEF_SETTING_ID)
values (94609, '2.0', 77, 807, null);
insert into SOLVER_PARAMETER (UNIQUEID, VALUE, SOLVER_PARAM_DEF_ID, SOLUTION_ID, SOLVER_PREDEF_SETTING_ID)
values (94610, '0.0', 35, 807, null);
insert into SOLVER_PARAMETER (UNIQUEID, VALUE, SOLVER_PARAM_DEF_ID, SOLUTION_ID, SOLVER_PREDEF_SETTING_ID)
values (94611, '0.1', 79, 807, null);
insert into SOLVER_PARAMETER (UNIQUEID, VALUE, SOLVER_PARAM_DEF_ID, SOLUTION_ID, SOLVER_PREDEF_SETTING_ID)
values (94612, '0.0', 137, 807, null);
insert into SOLVER_PARAMETER (UNIQUEID, VALUE, SOLVER_PARAM_DEF_ID, SOLUTION_ID, SOLVER_PREDEF_SETTING_ID)
values (94613, '0.0', 129, 807, null);
insert into SOLVER_PARAMETER (UNIQUEID, VALUE, SOLVER_PARAM_DEF_ID, SOLUTION_ID, SOLVER_PREDEF_SETTING_ID)
values (94614, '0.1', 121, 807, null);
commit;
prompt 300 records committed...
insert into SOLVER_PARAMETER (UNIQUEID, VALUE, SOLVER_PARAM_DEF_ID, SOLUTION_ID, SOLVER_PREDEF_SETTING_ID)
values (94615, '0.01', 105, 807, null);
insert into SOLVER_PARAMETER (UNIQUEID, VALUE, SOLVER_PARAM_DEF_ID, SOLUTION_ID, SOLVER_PREDEF_SETTING_ID)
values (94616, '1.0', 113, 807, null);
insert into SOLVER_PARAMETER (UNIQUEID, VALUE, SOLVER_PARAM_DEF_ID, SOLUTION_ID, SOLVER_PREDEF_SETTING_ID)
values (94618, 'MPP', 1, 807, null);
insert into SOLVER_PARAMETER (UNIQUEID, VALUE, SOLVER_PARAM_DEF_ID, SOLUTION_ID, SOLVER_PREDEF_SETTING_ID)
values (94619, '1.0', 65, 807, null);
insert into SOLVER_PARAMETER (UNIQUEID, VALUE, SOLVER_PARAM_DEF_ID, SOLUTION_ID, SOLVER_PREDEF_SETTING_ID)
values (94620, '0.0', 136, 807, null);
insert into SOLVER_PARAMETER (UNIQUEID, VALUE, SOLVER_PARAM_DEF_ID, SOLUTION_ID, SOLVER_PREDEF_SETTING_ID)
values (94621, '0.1', 120, 807, null);
insert into SOLVER_PARAMETER (UNIQUEID, VALUE, SOLVER_PARAM_DEF_ID, SOLUTION_ID, SOLVER_PREDEF_SETTING_ID)
values (94622, '0.0', 104, 807, null);
insert into SOLVER_PARAMETER (UNIQUEID, VALUE, SOLVER_PARAM_DEF_ID, SOLUTION_ID, SOLVER_PREDEF_SETTING_ID)
values (94623, 'true', 11, 807, null);
insert into SOLVER_PARAMETER (UNIQUEID, VALUE, SOLVER_PARAM_DEF_ID, SOLUTION_ID, SOLVER_PREDEF_SETTING_ID)
values (94624, '-1', 53, 807, null);
insert into SOLVER_PARAMETER (UNIQUEID, VALUE, SOLVER_PARAM_DEF_ID, SOLUTION_ID, SOLVER_PREDEF_SETTING_ID)
values (94625, '0.1', 62, 807, null);
insert into SOLVER_PARAMETER (UNIQUEID, VALUE, SOLVER_PARAM_DEF_ID, SOLUTION_ID, SOLVER_PREDEF_SETTING_ID)
values (94626, '1.2', 14, 807, null);
insert into SOLVER_PARAMETER (UNIQUEID, VALUE, SOLVER_PARAM_DEF_ID, SOLUTION_ID, SOLVER_PREDEF_SETTING_ID)
values (94627, '100', 146, 807, null);
insert into SOLVER_PARAMETER (UNIQUEID, VALUE, SOLVER_PARAM_DEF_ID, SOLUTION_ID, SOLVER_PREDEF_SETTING_ID)
values (94628, '0.0', 39, 807, null);
insert into SOLVER_PARAMETER (UNIQUEID, VALUE, SOLVER_PARAM_DEF_ID, SOLUTION_ID, SOLVER_PREDEF_SETTING_ID)
values (94629, 'net.sf.cpsolver.coursett.heuristics.PlacementSelection', 26, 807, null);
insert into SOLVER_PARAMETER (UNIQUEID, VALUE, SOLVER_PARAM_DEF_ID, SOLUTION_ID, SOLVER_PREDEF_SETTING_ID)
values (94630, '1.0', 69, 807, null);
insert into SOLVER_PARAMETER (UNIQUEID, VALUE, SOLVER_PARAM_DEF_ID, SOLUTION_ID, SOLVER_PREDEF_SETTING_ID)
values (94631, '0.2', 86, 807, null);
insert into SOLVER_PARAMETER (UNIQUEID, VALUE, SOLVER_PARAM_DEF_ID, SOLUTION_ID, SOLVER_PREDEF_SETTING_ID)
values (94632, '2', 148, 807, null);
insert into SOLVER_PARAMETER (UNIQUEID, VALUE, SOLVER_PARAM_DEF_ID, SOLUTION_ID, SOLVER_PREDEF_SETTING_ID)
values (94633, '0.0', 42, 807, null);
insert into SOLVER_PARAMETER (UNIQUEID, VALUE, SOLVER_PARAM_DEF_ID, SOLUTION_ID, SOLVER_PREDEF_SETTING_ID)
values (94634, '0.1', 124, 807, null);
insert into SOLVER_PARAMETER (UNIQUEID, VALUE, SOLVER_PARAM_DEF_ID, SOLUTION_ID, SOLVER_PREDEF_SETTING_ID)
values (94635, '0.1', 108, 807, null);
insert into SOLVER_PARAMETER (UNIQUEID, VALUE, SOLVER_PARAM_DEF_ID, SOLUTION_ID, SOLVER_PREDEF_SETTING_ID)
values (94636, '30.0', 70, 807, null);
insert into SOLVER_PARAMETER (UNIQUEID, VALUE, SOLVER_PARAM_DEF_ID, SOLUTION_ID, SOLVER_PREDEF_SETTING_ID)
values (94637, '0.0', 125, 807, null);
insert into SOLVER_PARAMETER (UNIQUEID, VALUE, SOLVER_PARAM_DEF_ID, SOLUTION_ID, SOLVER_PREDEF_SETTING_ID)
values (94639, '0.0', 109, 807, null);
insert into SOLVER_PARAMETER (UNIQUEID, VALUE, SOLVER_PARAM_DEF_ID, SOLUTION_ID, SOLVER_PREDEF_SETTING_ID)
values (94640, '0.0', 93, 807, null);
insert into SOLVER_PARAMETER (UNIQUEID, VALUE, SOLVER_PARAM_DEF_ID, SOLUTION_ID, SOLVER_PREDEF_SETTING_ID)
values (94641, '1.0', 66, 807, null);
insert into SOLVER_PARAMETER (UNIQUEID, VALUE, SOLVER_PARAM_DEF_ID, SOLUTION_ID, SOLVER_PREDEF_SETTING_ID)
values (94642, '1.0', 64, 807, null);
insert into SOLVER_PARAMETER (UNIQUEID, VALUE, SOLVER_PARAM_DEF_ID, SOLUTION_ID, SOLVER_PREDEF_SETTING_ID)
values (94643, '0.0', 127, 807, null);
insert into SOLVER_PARAMETER (UNIQUEID, VALUE, SOLVER_PARAM_DEF_ID, SOLUTION_ID, SOLVER_PREDEF_SETTING_ID)
values (94645, '2.0', 95, 807, null);
insert into SOLVER_PARAMETER (UNIQUEID, VALUE, SOLVER_PARAM_DEF_ID, SOLUTION_ID, SOLVER_PREDEF_SETTING_ID)
values (94646, 'true', 68, 807, null);
insert into SOLVER_PARAMETER (UNIQUEID, VALUE, SOLVER_PARAM_DEF_ID, SOLUTION_ID, SOLVER_PREDEF_SETTING_ID)
values (94647, '0.0', 51, 807, null);
insert into SOLVER_PARAMETER (UNIQUEID, VALUE, SOLVER_PARAM_DEF_ID, SOLUTION_ID, SOLVER_PREDEF_SETTING_ID)
values (94648, 'false', 5, 807, null);
insert into SOLVER_PARAMETER (UNIQUEID, VALUE, SOLVER_PARAM_DEF_ID, SOLUTION_ID, SOLVER_PREDEF_SETTING_ID)
values (94649, 'false', 241, 807, null);
insert into SOLVER_PARAMETER (UNIQUEID, VALUE, SOLVER_PARAM_DEF_ID, SOLUTION_ID, SOLVER_PREDEF_SETTING_ID)
values (94650, '1.2', 16, 807, null);
insert into SOLVER_PARAMETER (UNIQUEID, VALUE, SOLVER_PARAM_DEF_ID, SOLUTION_ID, SOLVER_PREDEF_SETTING_ID)
values (94651, '0.0', 181, 807, null);
insert into SOLVER_PARAMETER (UNIQUEID, VALUE, SOLVER_PARAM_DEF_ID, SOLUTION_ID, SOLVER_PREDEF_SETTING_ID)
values (94652, '0.0', 73, 807, null);
insert into SOLVER_PARAMETER (UNIQUEID, VALUE, SOLVER_PARAM_DEF_ID, SOLUTION_ID, SOLVER_PREDEF_SETTING_ID)
values (94653, 'true', 161, 807, null);
insert into SOLVER_PARAMETER (UNIQUEID, VALUE, SOLVER_PARAM_DEF_ID, SOLUTION_ID, SOLVER_PREDEF_SETTING_ID)
values (94654, 'net.sf.cpsolver.coursett.heuristics.TimetableComparator', 24, 807, null);
insert into SOLVER_PARAMETER (UNIQUEID, VALUE, SOLVER_PARAM_DEF_ID, SOLUTION_ID, SOLVER_PREDEF_SETTING_ID)
values (94655, '0.0', 44, 807, null);
insert into SOLVER_PARAMETER (UNIQUEID, VALUE, SOLVER_PARAM_DEF_ID, SOLUTION_ID, SOLVER_PREDEF_SETTING_ID)
values (94656, '0.8', 74, 807, null);
insert into SOLVER_PARAMETER (UNIQUEID, VALUE, SOLVER_PARAM_DEF_ID, SOLUTION_ID, SOLVER_PREDEF_SETTING_ID)
values (94657, '67.0', 206, 807, null);
insert into SOLVER_PARAMETER (UNIQUEID, VALUE, SOLVER_PARAM_DEF_ID, SOLUTION_ID, SOLVER_PREDEF_SETTING_ID)
values (94658, '1.0', 82, 807, null);
insert into SOLVER_PARAMETER (UNIQUEID, VALUE, SOLVER_PARAM_DEF_ID, SOLUTION_ID, SOLVER_PREDEF_SETTING_ID)
values (94659, 'on', 3, 807, null);
insert into SOLVER_PARAMETER (UNIQUEID, VALUE, SOLVER_PARAM_DEF_ID, SOLUTION_ID, SOLVER_PREDEF_SETTING_ID)
values (94660, '100.0', 207, 807, null);
insert into SOLVER_PARAMETER (UNIQUEID, VALUE, SOLVER_PARAM_DEF_ID, SOLUTION_ID, SOLVER_PREDEF_SETTING_ID)
values (94661, '-1', 7, 807, null);
insert into SOLVER_PARAMETER (UNIQUEID, VALUE, SOLVER_PARAM_DEF_ID, SOLUTION_ID, SOLVER_PREDEF_SETTING_ID)
values (94662, '0.0', 50, 807, null);
insert into SOLVER_PARAMETER (UNIQUEID, VALUE, SOLVER_PARAM_DEF_ID, SOLUTION_ID, SOLVER_PREDEF_SETTING_ID)
values (94663, '0.1', 81, 807, null);
insert into SOLVER_PARAMETER (UNIQUEID, VALUE, SOLVER_PARAM_DEF_ID, SOLUTION_ID, SOLVER_PREDEF_SETTING_ID)
values (94664, 'true', 6, 807, null);
insert into SOLVER_PARAMETER (UNIQUEID, VALUE, SOLVER_PARAM_DEF_ID, SOLUTION_ID, SOLVER_PREDEF_SETTING_ID)
values (94665, '2', 149, 807, null);
insert into SOLVER_PARAMETER (UNIQUEID, VALUE, SOLVER_PARAM_DEF_ID, SOLUTION_ID, SOLVER_PREDEF_SETTING_ID)
values (94666, '1.0', 63, 807, null);
insert into SOLVER_PARAMETER (UNIQUEID, VALUE, SOLVER_PARAM_DEF_ID, SOLUTION_ID, SOLVER_PREDEF_SETTING_ID)
values (94667, '0', 19, 807, null);
insert into SOLVER_PARAMETER (UNIQUEID, VALUE, SOLVER_PARAM_DEF_ID, SOLUTION_ID, SOLVER_PREDEF_SETTING_ID)
values (94603, 'false', 4, 807, null);
insert into SOLVER_PARAMETER (UNIQUEID, VALUE, SOLVER_PARAM_DEF_ID, SOLUTION_ID, SOLVER_PREDEF_SETTING_ID)
values (94557, '0.3', 98, 807, null);
insert into SOLVER_PARAMETER (UNIQUEID, VALUE, SOLVER_PARAM_DEF_ID, SOLUTION_ID, SOLVER_PREDEF_SETTING_ID)
values (94617, '0.1', 97, 807, null);
insert into SOLVER_PARAMETER (UNIQUEID, VALUE, SOLVER_PARAM_DEF_ID, SOLUTION_ID, SOLVER_PREDEF_SETTING_ID)
values (94512, '0.0', 131, 807, null);
insert into SOLVER_PARAMETER (UNIQUEID, VALUE, SOLVER_PARAM_DEF_ID, SOLUTION_ID, SOLVER_PREDEF_SETTING_ID)
values (94561, 'edu.purdue.smas.timetable.solver.TimetableDatabaseLoader', 27, 807, null);
insert into SOLVER_PARAMETER (UNIQUEID, VALUE, SOLVER_PARAM_DEF_ID, SOLUTION_ID, SOLVER_PREDEF_SETTING_ID)
values (94517, '5', 147, 807, null);
insert into SOLVER_PARAMETER (UNIQUEID, VALUE, SOLVER_PARAM_DEF_ID, SOLUTION_ID, SOLVER_PREDEF_SETTING_ID)
values (94522, '0.8', 56, 807, null);
insert into SOLVER_PARAMETER (UNIQUEID, VALUE, SOLVER_PARAM_DEF_ID, SOLUTION_ID, SOLVER_PREDEF_SETTING_ID)
values (94638, 'true', 150, 807, null);
insert into SOLVER_PARAMETER (UNIQUEID, VALUE, SOLVER_PARAM_DEF_ID, SOLUTION_ID, SOLVER_PREDEF_SETTING_ID)
values (94515, '0.0', 32, 807, null);
insert into SOLVER_PARAMETER (UNIQUEID, VALUE, SOLVER_PARAM_DEF_ID, SOLUTION_ID, SOLVER_PREDEF_SETTING_ID)
values (94644, '0.0', 111, 807, null);
insert into SOLVER_PARAMETER (UNIQUEID, VALUE, SOLVER_PARAM_DEF_ID, SOLUTION_ID, SOLVER_PREDEF_SETTING_ID)
values (94575, '10.0', 71, 807, null);
insert into SOLVER_PARAMETER (UNIQUEID, VALUE, SOLVER_PARAM_DEF_ID, SOLUTION_ID, SOLVER_PREDEF_SETTING_ID)
values (94524, 'true', 20, 807, null);
insert into SOLVER_PARAMETER (UNIQUEID, VALUE, SOLVER_PARAM_DEF_ID, SOLUTION_ID, SOLVER_PREDEF_SETTING_ID)
values (94592, '20.0', 205, 807, null);
insert into SOLVER_PARAMETER (UNIQUEID, VALUE, SOLVER_PARAM_DEF_ID, SOLUTION_ID, SOLVER_PREDEF_SETTING_ID)
values (94580, 'true', 9, 807, null);
insert into SOLVER_PARAMETER (UNIQUEID, VALUE, SOLVER_PARAM_DEF_ID, SOLUTION_ID, SOLVER_PREDEF_SETTING_ID)
values (94572, '0.0', 110, 807, null);
insert into SOLVER_PARAMETER (UNIQUEID, VALUE, SOLVER_PARAM_DEF_ID, SOLUTION_ID, SOLVER_PREDEF_SETTING_ID)
values (94518, '2222222222222224222222222222222223333222222222222222222222222224222222222222222223333222222222222222222222222224222222222222222223333222222222222222222222222224222222222222222223333222222222222222222222222224222222222222222223333222222222222222222222', 182, 807, null);
commit;
prompt 366 records loaded
prompt Loading STAFF...
prompt Table is empty
prompt Loading STUDENT_ACAD_AREA...
prompt Table is empty
prompt Loading STUDENT_ACCOMODATION...
prompt Table is empty
prompt Loading STUDENT_CLASS_ENRL...
insert into STUDENT_CLASS_ENRL (UNIQUEID, STUDENT_ID, COURSE_REQUEST_ID, CLASS_ID, TIMESTAMP)
values (226277, 223386, 225493, 223964, to_date('06-06-2007 17:12:51', 'dd-mm-yyyy hh24:mi:ss'));
insert into STUDENT_CLASS_ENRL (UNIQUEID, STUDENT_ID, COURSE_REQUEST_ID, CLASS_ID, TIMESTAMP)
values (226278, 223386, 225493, 223956, to_date('06-06-2007 17:12:51', 'dd-mm-yyyy hh24:mi:ss'));
insert into STUDENT_CLASS_ENRL (UNIQUEID, STUDENT_ID, COURSE_REQUEST_ID, CLASS_ID, TIMESTAMP)
values (226279, 223386, 225497, 223851, to_date('06-06-2007 17:12:51', 'dd-mm-yyyy hh24:mi:ss'));
insert into STUDENT_CLASS_ENRL (UNIQUEID, STUDENT_ID, COURSE_REQUEST_ID, CLASS_ID, TIMESTAMP)
values (226280, 223386, 225497, 223310, to_date('06-06-2007 17:12:51', 'dd-mm-yyyy hh24:mi:ss'));
insert into STUDENT_CLASS_ENRL (UNIQUEID, STUDENT_ID, COURSE_REQUEST_ID, CLASS_ID, TIMESTAMP)
values (226281, 223386, 225501, 223363, to_date('06-06-2007 17:12:51', 'dd-mm-yyyy hh24:mi:ss'));
insert into STUDENT_CLASS_ENRL (UNIQUEID, STUDENT_ID, COURSE_REQUEST_ID, CLASS_ID, TIMESTAMP)
values (226282, 223386, 225504, 223291, to_date('06-06-2007 17:12:51', 'dd-mm-yyyy hh24:mi:ss'));
insert into STUDENT_CLASS_ENRL (UNIQUEID, STUDENT_ID, COURSE_REQUEST_ID, CLASS_ID, TIMESTAMP)
values (226283, 223386, 225507, 223947, to_date('06-06-2007 17:12:51', 'dd-mm-yyyy hh24:mi:ss'));
insert into STUDENT_CLASS_ENRL (UNIQUEID, STUDENT_ID, COURSE_REQUEST_ID, CLASS_ID, TIMESTAMP)
values (226284, 223386, 225507, 223949, to_date('06-06-2007 17:12:51', 'dd-mm-yyyy hh24:mi:ss'));
insert into STUDENT_CLASS_ENRL (UNIQUEID, STUDENT_ID, COURSE_REQUEST_ID, CLASS_ID, TIMESTAMP)
values (226285, 223387, 225511, 223902, to_date('06-06-2007 17:12:51', 'dd-mm-yyyy hh24:mi:ss'));
insert into STUDENT_CLASS_ENRL (UNIQUEID, STUDENT_ID, COURSE_REQUEST_ID, CLASS_ID, TIMESTAMP)
values (226286, 223387, 225511, 223926, to_date('06-06-2007 17:12:51', 'dd-mm-yyyy hh24:mi:ss'));
insert into STUDENT_CLASS_ENRL (UNIQUEID, STUDENT_ID, COURSE_REQUEST_ID, CLASS_ID, TIMESTAMP)
values (226287, 223387, 225511, 223900, to_date('06-06-2007 17:12:51', 'dd-mm-yyyy hh24:mi:ss'));
insert into STUDENT_CLASS_ENRL (UNIQUEID, STUDENT_ID, COURSE_REQUEST_ID, CLASS_ID, TIMESTAMP)
values (226288, 223387, 225511, 223916, to_date('06-06-2007 17:12:51', 'dd-mm-yyyy hh24:mi:ss'));
insert into STUDENT_CLASS_ENRL (UNIQUEID, STUDENT_ID, COURSE_REQUEST_ID, CLASS_ID, TIMESTAMP)
values (226289, 223387, 225517, 223264, to_date('06-06-2007 17:12:51', 'dd-mm-yyyy hh24:mi:ss'));
insert into STUDENT_CLASS_ENRL (UNIQUEID, STUDENT_ID, COURSE_REQUEST_ID, CLASS_ID, TIMESTAMP)
values (226290, 223387, 225517, 223828, to_date('06-06-2007 17:12:51', 'dd-mm-yyyy hh24:mi:ss'));
insert into STUDENT_CLASS_ENRL (UNIQUEID, STUDENT_ID, COURSE_REQUEST_ID, CLASS_ID, TIMESTAMP)
values (226291, 223387, 225517, 223257, to_date('06-06-2007 17:12:51', 'dd-mm-yyyy hh24:mi:ss'));
insert into STUDENT_CLASS_ENRL (UNIQUEID, STUDENT_ID, COURSE_REQUEST_ID, CLASS_ID, TIMESTAMP)
values (226292, 223387, 225522, 223869, to_date('06-06-2007 17:12:51', 'dd-mm-yyyy hh24:mi:ss'));
insert into STUDENT_CLASS_ENRL (UNIQUEID, STUDENT_ID, COURSE_REQUEST_ID, CLASS_ID, TIMESTAMP)
values (226293, 223387, 225522, 223958, to_date('06-06-2007 17:12:51', 'dd-mm-yyyy hh24:mi:ss'));
insert into STUDENT_CLASS_ENRL (UNIQUEID, STUDENT_ID, COURSE_REQUEST_ID, CLASS_ID, TIMESTAMP)
values (226294, 223387, 225526, 224022, to_date('06-06-2007 17:12:51', 'dd-mm-yyyy hh24:mi:ss'));
insert into STUDENT_CLASS_ENRL (UNIQUEID, STUDENT_ID, COURSE_REQUEST_ID, CLASS_ID, TIMESTAMP)
values (226295, 223387, 225529, 223860, to_date('06-06-2007 17:12:51', 'dd-mm-yyyy hh24:mi:ss'));
insert into STUDENT_CLASS_ENRL (UNIQUEID, STUDENT_ID, COURSE_REQUEST_ID, CLASS_ID, TIMESTAMP)
values (226296, 223387, 225529, 223319, to_date('06-06-2007 17:12:51', 'dd-mm-yyyy hh24:mi:ss'));
insert into STUDENT_CLASS_ENRL (UNIQUEID, STUDENT_ID, COURSE_REQUEST_ID, CLASS_ID, TIMESTAMP)
values (226297, 223390, 225577, 223831, to_date('06-06-2007 17:12:52', 'dd-mm-yyyy hh24:mi:ss'));
insert into STUDENT_CLASS_ENRL (UNIQUEID, STUDENT_ID, COURSE_REQUEST_ID, CLASS_ID, TIMESTAMP)
values (226298, 223390, 225577, 223257, to_date('06-06-2007 17:12:52', 'dd-mm-yyyy hh24:mi:ss'));
insert into STUDENT_CLASS_ENRL (UNIQUEID, STUDENT_ID, COURSE_REQUEST_ID, CLASS_ID, TIMESTAMP)
values (226299, 223390, 225577, 223268, to_date('06-06-2007 17:12:52', 'dd-mm-yyyy hh24:mi:ss'));
insert into STUDENT_CLASS_ENRL (UNIQUEID, STUDENT_ID, COURSE_REQUEST_ID, CLASS_ID, TIMESTAMP)
values (226300, 223390, 225582, 224032, to_date('06-06-2007 17:12:52', 'dd-mm-yyyy hh24:mi:ss'));
insert into STUDENT_CLASS_ENRL (UNIQUEID, STUDENT_ID, COURSE_REQUEST_ID, CLASS_ID, TIMESTAMP)
values (226301, 223390, 225582, 223350, to_date('06-06-2007 17:12:52', 'dd-mm-yyyy hh24:mi:ss'));
insert into STUDENT_CLASS_ENRL (UNIQUEID, STUDENT_ID, COURSE_REQUEST_ID, CLASS_ID, TIMESTAMP)
values (226302, 223390, 225582, 224038, to_date('06-06-2007 17:12:52', 'dd-mm-yyyy hh24:mi:ss'));
insert into STUDENT_CLASS_ENRL (UNIQUEID, STUDENT_ID, COURSE_REQUEST_ID, CLASS_ID, TIMESTAMP)
values (226303, 223390, 225587, 223998, to_date('06-06-2007 17:12:52', 'dd-mm-yyyy hh24:mi:ss'));
insert into STUDENT_CLASS_ENRL (UNIQUEID, STUDENT_ID, COURSE_REQUEST_ID, CLASS_ID, TIMESTAMP)
values (226304, 223390, 225587, 223996, to_date('06-06-2007 17:12:52', 'dd-mm-yyyy hh24:mi:ss'));
insert into STUDENT_CLASS_ENRL (UNIQUEID, STUDENT_ID, COURSE_REQUEST_ID, CLASS_ID, TIMESTAMP)
values (226305, 223390, 225591, 223869, to_date('06-06-2007 17:12:52', 'dd-mm-yyyy hh24:mi:ss'));
insert into STUDENT_CLASS_ENRL (UNIQUEID, STUDENT_ID, COURSE_REQUEST_ID, CLASS_ID, TIMESTAMP)
values (226306, 223390, 225591, 223870, to_date('06-06-2007 17:12:52', 'dd-mm-yyyy hh24:mi:ss'));
insert into STUDENT_CLASS_ENRL (UNIQUEID, STUDENT_ID, COURSE_REQUEST_ID, CLASS_ID, TIMESTAMP)
values (226307, 223390, 225595, 223304, to_date('06-06-2007 17:12:52', 'dd-mm-yyyy hh24:mi:ss'));
insert into STUDENT_CLASS_ENRL (UNIQUEID, STUDENT_ID, COURSE_REQUEST_ID, CLASS_ID, TIMESTAMP)
values (226308, 223390, 225598, 223249, to_date('06-06-2007 17:12:52', 'dd-mm-yyyy hh24:mi:ss'));
insert into STUDENT_CLASS_ENRL (UNIQUEID, STUDENT_ID, COURSE_REQUEST_ID, CLASS_ID, TIMESTAMP)
values (226309, 223393, 225645, 223269, to_date('06-06-2007 17:12:52', 'dd-mm-yyyy hh24:mi:ss'));
insert into STUDENT_CLASS_ENRL (UNIQUEID, STUDENT_ID, COURSE_REQUEST_ID, CLASS_ID, TIMESTAMP)
values (226310, 223393, 225645, 223832, to_date('06-06-2007 17:12:52', 'dd-mm-yyyy hh24:mi:ss'));
insert into STUDENT_CLASS_ENRL (UNIQUEID, STUDENT_ID, COURSE_REQUEST_ID, CLASS_ID, TIMESTAMP)
values (226311, 223393, 225645, 223258, to_date('06-06-2007 17:12:52', 'dd-mm-yyyy hh24:mi:ss'));
insert into STUDENT_CLASS_ENRL (UNIQUEID, STUDENT_ID, COURSE_REQUEST_ID, CLASS_ID, TIMESTAMP)
values (226312, 223393, 225650, 224040, to_date('06-06-2007 17:12:52', 'dd-mm-yyyy hh24:mi:ss'));
insert into STUDENT_CLASS_ENRL (UNIQUEID, STUDENT_ID, COURSE_REQUEST_ID, CLASS_ID, TIMESTAMP)
values (226313, 223393, 225650, 224034, to_date('06-06-2007 17:12:52', 'dd-mm-yyyy hh24:mi:ss'));
insert into STUDENT_CLASS_ENRL (UNIQUEID, STUDENT_ID, COURSE_REQUEST_ID, CLASS_ID, TIMESTAMP)
values (226314, 223393, 225650, 223350, to_date('06-06-2007 17:12:52', 'dd-mm-yyyy hh24:mi:ss'));
insert into STUDENT_CLASS_ENRL (UNIQUEID, STUDENT_ID, COURSE_REQUEST_ID, CLASS_ID, TIMESTAMP)
values (226315, 223393, 225655, 223947, to_date('06-06-2007 17:12:52', 'dd-mm-yyyy hh24:mi:ss'));
insert into STUDENT_CLASS_ENRL (UNIQUEID, STUDENT_ID, COURSE_REQUEST_ID, CLASS_ID, TIMESTAMP)
values (226316, 223393, 225655, 223950, to_date('06-06-2007 17:12:52', 'dd-mm-yyyy hh24:mi:ss'));
insert into STUDENT_CLASS_ENRL (UNIQUEID, STUDENT_ID, COURSE_REQUEST_ID, CLASS_ID, TIMESTAMP)
values (226317, 223393, 225659, 223957, to_date('06-06-2007 17:12:52', 'dd-mm-yyyy hh24:mi:ss'));
insert into STUDENT_CLASS_ENRL (UNIQUEID, STUDENT_ID, COURSE_REQUEST_ID, CLASS_ID, TIMESTAMP)
values (226318, 223393, 225659, 223966, to_date('06-06-2007 17:12:52', 'dd-mm-yyyy hh24:mi:ss'));
insert into STUDENT_CLASS_ENRL (UNIQUEID, STUDENT_ID, COURSE_REQUEST_ID, CLASS_ID, TIMESTAMP)
values (226319, 223393, 225663, 223855, to_date('06-06-2007 17:12:52', 'dd-mm-yyyy hh24:mi:ss'));
insert into STUDENT_CLASS_ENRL (UNIQUEID, STUDENT_ID, COURSE_REQUEST_ID, CLASS_ID, TIMESTAMP)
values (226320, 223393, 225663, 223314, to_date('06-06-2007 17:12:52', 'dd-mm-yyyy hh24:mi:ss'));
insert into STUDENT_CLASS_ENRL (UNIQUEID, STUDENT_ID, COURSE_REQUEST_ID, CLASS_ID, TIMESTAMP)
values (226321, 223395, 225686, 223302, to_date('06-06-2007 17:12:52', 'dd-mm-yyyy hh24:mi:ss'));
insert into STUDENT_CLASS_ENRL (UNIQUEID, STUDENT_ID, COURSE_REQUEST_ID, CLASS_ID, TIMESTAMP)
values (226322, 223395, 225689, 223856, to_date('06-06-2007 17:12:52', 'dd-mm-yyyy hh24:mi:ss'));
insert into STUDENT_CLASS_ENRL (UNIQUEID, STUDENT_ID, COURSE_REQUEST_ID, CLASS_ID, TIMESTAMP)
values (226323, 223395, 225689, 223315, to_date('06-06-2007 17:12:52', 'dd-mm-yyyy hh24:mi:ss'));
insert into STUDENT_CLASS_ENRL (UNIQUEID, STUDENT_ID, COURSE_REQUEST_ID, CLASS_ID, TIMESTAMP)
values (226324, 223395, 225693, 223324, to_date('06-06-2007 17:12:52', 'dd-mm-yyyy hh24:mi:ss'));
insert into STUDENT_CLASS_ENRL (UNIQUEID, STUDENT_ID, COURSE_REQUEST_ID, CLASS_ID, TIMESTAMP)
values (226325, 223395, 225693, 224005, to_date('06-06-2007 17:12:52', 'dd-mm-yyyy hh24:mi:ss'));
insert into STUDENT_CLASS_ENRL (UNIQUEID, STUDENT_ID, COURSE_REQUEST_ID, CLASS_ID, TIMESTAMP)
values (226326, 223395, 225697, 223344, to_date('06-06-2007 17:12:52', 'dd-mm-yyyy hh24:mi:ss'));
insert into STUDENT_CLASS_ENRL (UNIQUEID, STUDENT_ID, COURSE_REQUEST_ID, CLASS_ID, TIMESTAMP)
values (226327, 223395, 225700, 223330, to_date('06-06-2007 17:12:52', 'dd-mm-yyyy hh24:mi:ss'));
insert into STUDENT_CLASS_ENRL (UNIQUEID, STUDENT_ID, COURSE_REQUEST_ID, CLASS_ID, TIMESTAMP)
values (226328, 223395, 225703, 223249, to_date('06-06-2007 17:12:52', 'dd-mm-yyyy hh24:mi:ss'));
insert into STUDENT_CLASS_ENRL (UNIQUEID, STUDENT_ID, COURSE_REQUEST_ID, CLASS_ID, TIMESTAMP)
values (226329, 223396, 225706, 223373, to_date('06-06-2007 17:12:52', 'dd-mm-yyyy hh24:mi:ss'));
insert into STUDENT_CLASS_ENRL (UNIQUEID, STUDENT_ID, COURSE_REQUEST_ID, CLASS_ID, TIMESTAMP)
values (226330, 223396, 225709, 223330, to_date('06-06-2007 17:12:52', 'dd-mm-yyyy hh24:mi:ss'));
insert into STUDENT_CLASS_ENRL (UNIQUEID, STUDENT_ID, COURSE_REQUEST_ID, CLASS_ID, TIMESTAMP)
values (226331, 223396, 225712, 224017, to_date('06-06-2007 17:12:52', 'dd-mm-yyyy hh24:mi:ss'));
insert into STUDENT_CLASS_ENRL (UNIQUEID, STUDENT_ID, COURSE_REQUEST_ID, CLASS_ID, TIMESTAMP)
values (226332, 223396, 225715, 223344, to_date('06-06-2007 17:12:52', 'dd-mm-yyyy hh24:mi:ss'));
insert into STUDENT_CLASS_ENRL (UNIQUEID, STUDENT_ID, COURSE_REQUEST_ID, CLASS_ID, TIMESTAMP)
values (226333, 223396, 225718, 224041, to_date('06-06-2007 17:12:52', 'dd-mm-yyyy hh24:mi:ss'));
insert into STUDENT_CLASS_ENRL (UNIQUEID, STUDENT_ID, COURSE_REQUEST_ID, CLASS_ID, TIMESTAMP)
values (226334, 223396, 225718, 224035, to_date('06-06-2007 17:12:52', 'dd-mm-yyyy hh24:mi:ss'));
insert into STUDENT_CLASS_ENRL (UNIQUEID, STUDENT_ID, COURSE_REQUEST_ID, CLASS_ID, TIMESTAMP)
values (226335, 223396, 225718, 223351, to_date('06-06-2007 17:12:52', 'dd-mm-yyyy hh24:mi:ss'));
insert into STUDENT_CLASS_ENRL (UNIQUEID, STUDENT_ID, COURSE_REQUEST_ID, CLASS_ID, TIMESTAMP)
values (226336, 223397, 225723, 223900, to_date('06-06-2007 17:12:52', 'dd-mm-yyyy hh24:mi:ss'));
insert into STUDENT_CLASS_ENRL (UNIQUEID, STUDENT_ID, COURSE_REQUEST_ID, CLASS_ID, TIMESTAMP)
values (226337, 223397, 225723, 223927, to_date('06-06-2007 17:12:53', 'dd-mm-yyyy hh24:mi:ss'));
insert into STUDENT_CLASS_ENRL (UNIQUEID, STUDENT_ID, COURSE_REQUEST_ID, CLASS_ID, TIMESTAMP)
values (226338, 223397, 225723, 223908, to_date('06-06-2007 17:12:53', 'dd-mm-yyyy hh24:mi:ss'));
insert into STUDENT_CLASS_ENRL (UNIQUEID, STUDENT_ID, COURSE_REQUEST_ID, CLASS_ID, TIMESTAMP)
values (226339, 223397, 225723, 223979, to_date('06-06-2007 17:12:53', 'dd-mm-yyyy hh24:mi:ss'));
insert into STUDENT_CLASS_ENRL (UNIQUEID, STUDENT_ID, COURSE_REQUEST_ID, CLASS_ID, TIMESTAMP)
values (226340, 223397, 225729, 224059, to_date('06-06-2007 17:12:53', 'dd-mm-yyyy hh24:mi:ss'));
insert into STUDENT_CLASS_ENRL (UNIQUEID, STUDENT_ID, COURSE_REQUEST_ID, CLASS_ID, TIMESTAMP)
values (226341, 223397, 225729, 224057, to_date('06-06-2007 17:12:53', 'dd-mm-yyyy hh24:mi:ss'));
insert into STUDENT_CLASS_ENRL (UNIQUEID, STUDENT_ID, COURSE_REQUEST_ID, CLASS_ID, TIMESTAMP)
values (226342, 223397, 225733, 223258, to_date('06-06-2007 17:12:53', 'dd-mm-yyyy hh24:mi:ss'));
insert into STUDENT_CLASS_ENRL (UNIQUEID, STUDENT_ID, COURSE_REQUEST_ID, CLASS_ID, TIMESTAMP)
values (226343, 223397, 225733, 223817, to_date('06-06-2007 17:12:53', 'dd-mm-yyyy hh24:mi:ss'));
insert into STUDENT_CLASS_ENRL (UNIQUEID, STUDENT_ID, COURSE_REQUEST_ID, CLASS_ID, TIMESTAMP)
values (226344, 223397, 225733, 223833, to_date('06-06-2007 17:12:53', 'dd-mm-yyyy hh24:mi:ss'));
insert into STUDENT_CLASS_ENRL (UNIQUEID, STUDENT_ID, COURSE_REQUEST_ID, CLASS_ID, TIMESTAMP)
values (226345, 223397, 225738, 223956, to_date('06-06-2007 17:12:53', 'dd-mm-yyyy hh24:mi:ss'));
insert into STUDENT_CLASS_ENRL (UNIQUEID, STUDENT_ID, COURSE_REQUEST_ID, CLASS_ID, TIMESTAMP)
values (226346, 223397, 225738, 223963, to_date('06-06-2007 17:12:53', 'dd-mm-yyyy hh24:mi:ss'));
insert into STUDENT_CLASS_ENRL (UNIQUEID, STUDENT_ID, COURSE_REQUEST_ID, CLASS_ID, TIMESTAMP)
values (226347, 223397, 225742, 223317, to_date('06-06-2007 17:12:53', 'dd-mm-yyyy hh24:mi:ss'));
insert into STUDENT_CLASS_ENRL (UNIQUEID, STUDENT_ID, COURSE_REQUEST_ID, CLASS_ID, TIMESTAMP)
values (226348, 223397, 225742, 223858, to_date('06-06-2007 17:12:53', 'dd-mm-yyyy hh24:mi:ss'));
insert into STUDENT_CLASS_ENRL (UNIQUEID, STUDENT_ID, COURSE_REQUEST_ID, CLASS_ID, TIMESTAMP)
values (226349, 223401, 225811, 223331, to_date('06-06-2007 17:12:53', 'dd-mm-yyyy hh24:mi:ss'));
insert into STUDENT_CLASS_ENRL (UNIQUEID, STUDENT_ID, COURSE_REQUEST_ID, CLASS_ID, TIMESTAMP)
values (226350, 223401, 225814, 223903, to_date('06-06-2007 17:12:53', 'dd-mm-yyyy hh24:mi:ss'));
insert into STUDENT_CLASS_ENRL (UNIQUEID, STUDENT_ID, COURSE_REQUEST_ID, CLASS_ID, TIMESTAMP)
values (226351, 223401, 225814, 223899, to_date('06-06-2007 17:12:53', 'dd-mm-yyyy hh24:mi:ss'));
insert into STUDENT_CLASS_ENRL (UNIQUEID, STUDENT_ID, COURSE_REQUEST_ID, CLASS_ID, TIMESTAMP)
values (226352, 223401, 225814, 223927, to_date('06-06-2007 17:12:53', 'dd-mm-yyyy hh24:mi:ss'));
insert into STUDENT_CLASS_ENRL (UNIQUEID, STUDENT_ID, COURSE_REQUEST_ID, CLASS_ID, TIMESTAMP)
values (226353, 223401, 225814, 223921, to_date('06-06-2007 17:12:53', 'dd-mm-yyyy hh24:mi:ss'));
insert into STUDENT_CLASS_ENRL (UNIQUEID, STUDENT_ID, COURSE_REQUEST_ID, CLASS_ID, TIMESTAMP)
values (226354, 223401, 225820, 223834, to_date('06-06-2007 17:12:53', 'dd-mm-yyyy hh24:mi:ss'));
insert into STUDENT_CLASS_ENRL (UNIQUEID, STUDENT_ID, COURSE_REQUEST_ID, CLASS_ID, TIMESTAMP)
values (226355, 223401, 225820, 223258, to_date('06-06-2007 17:12:53', 'dd-mm-yyyy hh24:mi:ss'));
insert into STUDENT_CLASS_ENRL (UNIQUEID, STUDENT_ID, COURSE_REQUEST_ID, CLASS_ID, TIMESTAMP)
values (226356, 223401, 225820, 223818, to_date('06-06-2007 17:12:53', 'dd-mm-yyyy hh24:mi:ss'));
insert into STUDENT_CLASS_ENRL (UNIQUEID, STUDENT_ID, COURSE_REQUEST_ID, CLASS_ID, TIMESTAMP)
values (226357, 223401, 225825, 223851, to_date('06-06-2007 17:12:53', 'dd-mm-yyyy hh24:mi:ss'));
insert into STUDENT_CLASS_ENRL (UNIQUEID, STUDENT_ID, COURSE_REQUEST_ID, CLASS_ID, TIMESTAMP)
values (226358, 223401, 225825, 223310, to_date('06-06-2007 17:12:53', 'dd-mm-yyyy hh24:mi:ss'));
insert into STUDENT_CLASS_ENRL (UNIQUEID, STUDENT_ID, COURSE_REQUEST_ID, CLASS_ID, TIMESTAMP)
values (226359, 223401, 225829, 224006, to_date('06-06-2007 17:12:53', 'dd-mm-yyyy hh24:mi:ss'));
insert into STUDENT_CLASS_ENRL (UNIQUEID, STUDENT_ID, COURSE_REQUEST_ID, CLASS_ID, TIMESTAMP)
values (226360, 223401, 225829, 223324, to_date('06-06-2007 17:12:53', 'dd-mm-yyyy hh24:mi:ss'));
insert into STUDENT_CLASS_ENRL (UNIQUEID, STUDENT_ID, COURSE_REQUEST_ID, CLASS_ID, TIMESTAMP)
values (226361, 223402, 225833, 223951, to_date('06-06-2007 17:12:53', 'dd-mm-yyyy hh24:mi:ss'));
insert into STUDENT_CLASS_ENRL (UNIQUEID, STUDENT_ID, COURSE_REQUEST_ID, CLASS_ID, TIMESTAMP)
values (226362, 223402, 225833, 223245, to_date('06-06-2007 17:12:53', 'dd-mm-yyyy hh24:mi:ss'));
insert into STUDENT_CLASS_ENRL (UNIQUEID, STUDENT_ID, COURSE_REQUEST_ID, CLASS_ID, TIMESTAMP)
values (226363, 223402, 225837, 223351, to_date('06-06-2007 17:12:53', 'dd-mm-yyyy hh24:mi:ss'));
insert into STUDENT_CLASS_ENRL (UNIQUEID, STUDENT_ID, COURSE_REQUEST_ID, CLASS_ID, TIMESTAMP)
values (226364, 223402, 225837, 224036, to_date('06-06-2007 17:12:53', 'dd-mm-yyyy hh24:mi:ss'));
insert into STUDENT_CLASS_ENRL (UNIQUEID, STUDENT_ID, COURSE_REQUEST_ID, CLASS_ID, TIMESTAMP)
values (226365, 223402, 225837, 224042, to_date('06-06-2007 17:12:53', 'dd-mm-yyyy hh24:mi:ss'));
insert into STUDENT_CLASS_ENRL (UNIQUEID, STUDENT_ID, COURSE_REQUEST_ID, CLASS_ID, TIMESTAMP)
values (226366, 223402, 225842, 223957, to_date('06-06-2007 17:12:53', 'dd-mm-yyyy hh24:mi:ss'));
insert into STUDENT_CLASS_ENRL (UNIQUEID, STUDENT_ID, COURSE_REQUEST_ID, CLASS_ID, TIMESTAMP)
values (226367, 223402, 225842, 223968, to_date('06-06-2007 17:12:53', 'dd-mm-yyyy hh24:mi:ss'));
insert into STUDENT_CLASS_ENRL (UNIQUEID, STUDENT_ID, COURSE_REQUEST_ID, CLASS_ID, TIMESTAMP)
values (226368, 223402, 225844, 223298, to_date('06-06-2007 17:12:53', 'dd-mm-yyyy hh24:mi:ss'));
insert into STUDENT_CLASS_ENRL (UNIQUEID, STUDENT_ID, COURSE_REQUEST_ID, CLASS_ID, TIMESTAMP)
values (226369, 223402, 225847, 224028, to_date('06-06-2007 17:12:53', 'dd-mm-yyyy hh24:mi:ss'));
insert into STUDENT_CLASS_ENRL (UNIQUEID, STUDENT_ID, COURSE_REQUEST_ID, CLASS_ID, TIMESTAMP)
values (226370, 224240, 225850, 224050, to_date('06-06-2007 17:12:53', 'dd-mm-yyyy hh24:mi:ss'));
insert into STUDENT_CLASS_ENRL (UNIQUEID, STUDENT_ID, COURSE_REQUEST_ID, CLASS_ID, TIMESTAMP)
values (226371, 224240, 225853, 223919, to_date('06-06-2007 17:12:53', 'dd-mm-yyyy hh24:mi:ss'));
insert into STUDENT_CLASS_ENRL (UNIQUEID, STUDENT_ID, COURSE_REQUEST_ID, CLASS_ID, TIMESTAMP)
values (226372, 224240, 225853, 223926, to_date('06-06-2007 17:12:53', 'dd-mm-yyyy hh24:mi:ss'));
insert into STUDENT_CLASS_ENRL (UNIQUEID, STUDENT_ID, COURSE_REQUEST_ID, CLASS_ID, TIMESTAMP)
values (226373, 224240, 225853, 223240, to_date('06-06-2007 17:12:53', 'dd-mm-yyyy hh24:mi:ss'));
insert into STUDENT_CLASS_ENRL (UNIQUEID, STUDENT_ID, COURSE_REQUEST_ID, CLASS_ID, TIMESTAMP)
values (226374, 224240, 225853, 223905, to_date('06-06-2007 17:12:53', 'dd-mm-yyyy hh24:mi:ss'));
insert into STUDENT_CLASS_ENRL (UNIQUEID, STUDENT_ID, COURSE_REQUEST_ID, CLASS_ID, TIMESTAMP)
values (226375, 224240, 225859, 223331, to_date('06-06-2007 17:12:53', 'dd-mm-yyyy hh24:mi:ss'));
insert into STUDENT_CLASS_ENRL (UNIQUEID, STUDENT_ID, COURSE_REQUEST_ID, CLASS_ID, TIMESTAMP)
values (226376, 224240, 225862, 223299, to_date('06-06-2007 17:12:53', 'dd-mm-yyyy hh24:mi:ss'));
commit;
prompt 100 records committed...
insert into STUDENT_CLASS_ENRL (UNIQUEID, STUDENT_ID, COURSE_REQUEST_ID, CLASS_ID, TIMESTAMP)
values (226377, 224240, 225865, 223379, to_date('06-06-2007 17:12:53', 'dd-mm-yyyy hh24:mi:ss'));
insert into STUDENT_CLASS_ENRL (UNIQUEID, STUDENT_ID, COURSE_REQUEST_ID, CLASS_ID, TIMESTAMP)
values (226378, 224240, 225865, 223803, to_date('06-06-2007 17:12:53', 'dd-mm-yyyy hh24:mi:ss'));
insert into STUDENT_CLASS_ENRL (UNIQUEID, STUDENT_ID, COURSE_REQUEST_ID, CLASS_ID, TIMESTAMP)
values (226379, 224240, 225867, 223249, to_date('06-06-2007 17:12:53', 'dd-mm-yyyy hh24:mi:ss'));
insert into STUDENT_CLASS_ENRL (UNIQUEID, STUDENT_ID, COURSE_REQUEST_ID, CLASS_ID, TIMESTAMP)
values (226380, 223384, 226168, 223884, to_date('06-06-2007 17:12:53', 'dd-mm-yyyy hh24:mi:ss'));
insert into STUDENT_CLASS_ENRL (UNIQUEID, STUDENT_ID, COURSE_REQUEST_ID, CLASS_ID, TIMESTAMP)
values (226381, 223384, 226172, 223301, to_date('06-06-2007 17:12:53', 'dd-mm-yyyy hh24:mi:ss'));
insert into STUDENT_CLASS_ENRL (UNIQUEID, STUDENT_ID, COURSE_REQUEST_ID, CLASS_ID, TIMESTAMP)
values (226382, 223384, 226177, 223363, to_date('06-06-2007 17:12:53', 'dd-mm-yyyy hh24:mi:ss'));
insert into STUDENT_CLASS_ENRL (UNIQUEID, STUDENT_ID, COURSE_REQUEST_ID, CLASS_ID, TIMESTAMP)
values (226383, 223384, 226181, 223291, to_date('06-06-2007 17:12:53', 'dd-mm-yyyy hh24:mi:ss'));
insert into STUDENT_CLASS_ENRL (UNIQUEID, STUDENT_ID, COURSE_REQUEST_ID, CLASS_ID, TIMESTAMP)
values (226384, 223384, 226185, 223373, to_date('06-06-2007 17:12:53', 'dd-mm-yyyy hh24:mi:ss'));
insert into STUDENT_CLASS_ENRL (UNIQUEID, STUDENT_ID, COURSE_REQUEST_ID, CLASS_ID, TIMESTAMP)
values (226385, 223398, 225746, 223900, to_date('06-06-2007 17:12:53', 'dd-mm-yyyy hh24:mi:ss'));
insert into STUDENT_CLASS_ENRL (UNIQUEID, STUDENT_ID, COURSE_REQUEST_ID, CLASS_ID, TIMESTAMP)
values (226386, 223398, 225746, 223914, to_date('06-06-2007 17:12:53', 'dd-mm-yyyy hh24:mi:ss'));
insert into STUDENT_CLASS_ENRL (UNIQUEID, STUDENT_ID, COURSE_REQUEST_ID, CLASS_ID, TIMESTAMP)
values (226387, 223398, 225746, 223973, to_date('06-06-2007 17:12:53', 'dd-mm-yyyy hh24:mi:ss'));
insert into STUDENT_CLASS_ENRL (UNIQUEID, STUDENT_ID, COURSE_REQUEST_ID, CLASS_ID, TIMESTAMP)
values (226388, 223398, 225746, 223906, to_date('06-06-2007 17:12:53', 'dd-mm-yyyy hh24:mi:ss'));
insert into STUDENT_CLASS_ENRL (UNIQUEID, STUDENT_ID, COURSE_REQUEST_ID, CLASS_ID, TIMESTAMP)
values (226389, 223398, 225752, 224060, to_date('06-06-2007 17:12:53', 'dd-mm-yyyy hh24:mi:ss'));
insert into STUDENT_CLASS_ENRL (UNIQUEID, STUDENT_ID, COURSE_REQUEST_ID, CLASS_ID, TIMESTAMP)
values (226390, 223398, 225752, 224057, to_date('06-06-2007 17:12:53', 'dd-mm-yyyy hh24:mi:ss'));
insert into STUDENT_CLASS_ENRL (UNIQUEID, STUDENT_ID, COURSE_REQUEST_ID, CLASS_ID, TIMESTAMP)
values (226391, 223398, 225756, 223263, to_date('06-06-2007 17:12:53', 'dd-mm-yyyy hh24:mi:ss'));
insert into STUDENT_CLASS_ENRL (UNIQUEID, STUDENT_ID, COURSE_REQUEST_ID, CLASS_ID, TIMESTAMP)
values (226392, 223398, 225756, 223256, to_date('06-06-2007 17:12:53', 'dd-mm-yyyy hh24:mi:ss'));
insert into STUDENT_CLASS_ENRL (UNIQUEID, STUDENT_ID, COURSE_REQUEST_ID, CLASS_ID, TIMESTAMP)
values (226393, 223398, 225756, 223827, to_date('06-06-2007 17:12:53', 'dd-mm-yyyy hh24:mi:ss'));
insert into STUDENT_CLASS_ENRL (UNIQUEID, STUDENT_ID, COURSE_REQUEST_ID, CLASS_ID, TIMESTAMP)
values (226394, 223398, 225761, 223869, to_date('06-06-2007 17:12:53', 'dd-mm-yyyy hh24:mi:ss'));
insert into STUDENT_CLASS_ENRL (UNIQUEID, STUDENT_ID, COURSE_REQUEST_ID, CLASS_ID, TIMESTAMP)
values (226395, 223398, 225761, 223960, to_date('06-06-2007 17:12:53', 'dd-mm-yyyy hh24:mi:ss'));
insert into STUDENT_CLASS_ENRL (UNIQUEID, STUDENT_ID, COURSE_REQUEST_ID, CLASS_ID, TIMESTAMP)
values (226396, 223398, 225765, 224007, to_date('06-06-2007 17:12:53', 'dd-mm-yyyy hh24:mi:ss'));
insert into STUDENT_CLASS_ENRL (UNIQUEID, STUDENT_ID, COURSE_REQUEST_ID, CLASS_ID, TIMESTAMP)
values (226397, 223398, 225765, 223325, to_date('06-06-2007 17:12:53', 'dd-mm-yyyy hh24:mi:ss'));
insert into STUDENT_CLASS_ENRL (UNIQUEID, STUDENT_ID, COURSE_REQUEST_ID, CLASS_ID, TIMESTAMP)
values (226398, 223399, 225769, 223910, to_date('06-06-2007 17:12:53', 'dd-mm-yyyy hh24:mi:ss'));
insert into STUDENT_CLASS_ENRL (UNIQUEID, STUDENT_ID, COURSE_REQUEST_ID, CLASS_ID, TIMESTAMP)
values (226399, 223399, 225769, 223240, to_date('06-06-2007 17:12:53', 'dd-mm-yyyy hh24:mi:ss'));
insert into STUDENT_CLASS_ENRL (UNIQUEID, STUDENT_ID, COURSE_REQUEST_ID, CLASS_ID, TIMESTAMP)
values (226400, 223399, 225769, 223921, to_date('06-06-2007 17:12:53', 'dd-mm-yyyy hh24:mi:ss'));
insert into STUDENT_CLASS_ENRL (UNIQUEID, STUDENT_ID, COURSE_REQUEST_ID, CLASS_ID, TIMESTAMP)
values (226401, 223399, 225769, 223973, to_date('06-06-2007 17:12:53', 'dd-mm-yyyy hh24:mi:ss'));
insert into STUDENT_CLASS_ENRL (UNIQUEID, STUDENT_ID, COURSE_REQUEST_ID, CLASS_ID, TIMESTAMP)
values (226402, 223399, 225775, 224057, to_date('06-06-2007 17:12:53', 'dd-mm-yyyy hh24:mi:ss'));
insert into STUDENT_CLASS_ENRL (UNIQUEID, STUDENT_ID, COURSE_REQUEST_ID, CLASS_ID, TIMESTAMP)
values (226403, 223399, 225775, 224061, to_date('06-06-2007 17:12:53', 'dd-mm-yyyy hh24:mi:ss'));
insert into STUDENT_CLASS_ENRL (UNIQUEID, STUDENT_ID, COURSE_REQUEST_ID, CLASS_ID, TIMESTAMP)
values (226404, 223399, 225779, 223256, to_date('06-06-2007 17:12:53', 'dd-mm-yyyy hh24:mi:ss'));
insert into STUDENT_CLASS_ENRL (UNIQUEID, STUDENT_ID, COURSE_REQUEST_ID, CLASS_ID, TIMESTAMP)
values (226405, 223399, 225779, 223826, to_date('06-06-2007 17:12:53', 'dd-mm-yyyy hh24:mi:ss'));
insert into STUDENT_CLASS_ENRL (UNIQUEID, STUDENT_ID, COURSE_REQUEST_ID, CLASS_ID, TIMESTAMP)
values (226406, 223399, 225779, 223261, to_date('06-06-2007 17:12:53', 'dd-mm-yyyy hh24:mi:ss'));
insert into STUDENT_CLASS_ENRL (UNIQUEID, STUDENT_ID, COURSE_REQUEST_ID, CLASS_ID, TIMESTAMP)
values (226407, 223399, 225781, 223957, to_date('06-06-2007 17:12:53', 'dd-mm-yyyy hh24:mi:ss'));
insert into STUDENT_CLASS_ENRL (UNIQUEID, STUDENT_ID, COURSE_REQUEST_ID, CLASS_ID, TIMESTAMP)
values (226408, 223399, 225781, 223967, to_date('06-06-2007 17:12:53', 'dd-mm-yyyy hh24:mi:ss'));
insert into STUDENT_CLASS_ENRL (UNIQUEID, STUDENT_ID, COURSE_REQUEST_ID, CLASS_ID, TIMESTAMP)
values (226409, 223399, 225785, 223379, to_date('06-06-2007 17:12:53', 'dd-mm-yyyy hh24:mi:ss'));
insert into STUDENT_CLASS_ENRL (UNIQUEID, STUDENT_ID, COURSE_REQUEST_ID, CLASS_ID, TIMESTAMP)
values (226410, 223399, 225785, 223802, to_date('06-06-2007 17:12:53', 'dd-mm-yyyy hh24:mi:ss'));
insert into STUDENT_CLASS_ENRL (UNIQUEID, STUDENT_ID, COURSE_REQUEST_ID, CLASS_ID, TIMESTAMP)
values (226411, 223385, 225477, 223884, to_date('06-06-2007 17:12:53', 'dd-mm-yyyy hh24:mi:ss'));
insert into STUDENT_CLASS_ENRL (UNIQUEID, STUDENT_ID, COURSE_REQUEST_ID, CLASS_ID, TIMESTAMP)
values (226412, 223385, 225480, 223298, to_date('06-06-2007 17:12:53', 'dd-mm-yyyy hh24:mi:ss'));
insert into STUDENT_CLASS_ENRL (UNIQUEID, STUDENT_ID, COURSE_REQUEST_ID, CLASS_ID, TIMESTAMP)
values (226413, 223385, 225483, 223363, to_date('06-06-2007 17:12:53', 'dd-mm-yyyy hh24:mi:ss'));
insert into STUDENT_CLASS_ENRL (UNIQUEID, STUDENT_ID, COURSE_REQUEST_ID, CLASS_ID, TIMESTAMP)
values (226414, 223385, 225486, 223291, to_date('06-06-2007 17:12:53', 'dd-mm-yyyy hh24:mi:ss'));
insert into STUDENT_CLASS_ENRL (UNIQUEID, STUDENT_ID, COURSE_REQUEST_ID, CLASS_ID, TIMESTAMP)
values (226415, 223385, 225489, 223325, to_date('06-06-2007 17:12:53', 'dd-mm-yyyy hh24:mi:ss'));
insert into STUDENT_CLASS_ENRL (UNIQUEID, STUDENT_ID, COURSE_REQUEST_ID, CLASS_ID, TIMESTAMP)
values (226416, 223385, 225489, 224008, to_date('06-06-2007 17:12:54', 'dd-mm-yyyy hh24:mi:ss'));
insert into STUDENT_CLASS_ENRL (UNIQUEID, STUDENT_ID, COURSE_REQUEST_ID, CLASS_ID, TIMESTAMP)
values (226417, 223388, 225533, 223917, to_date('06-06-2007 17:12:54', 'dd-mm-yyyy hh24:mi:ss'));
insert into STUDENT_CLASS_ENRL (UNIQUEID, STUDENT_ID, COURSE_REQUEST_ID, CLASS_ID, TIMESTAMP)
values (226418, 223388, 225533, 223903, to_date('06-06-2007 17:12:54', 'dd-mm-yyyy hh24:mi:ss'));
insert into STUDENT_CLASS_ENRL (UNIQUEID, STUDENT_ID, COURSE_REQUEST_ID, CLASS_ID, TIMESTAMP)
values (226419, 223388, 225533, 223899, to_date('06-06-2007 17:12:54', 'dd-mm-yyyy hh24:mi:ss'));
insert into STUDENT_CLASS_ENRL (UNIQUEID, STUDENT_ID, COURSE_REQUEST_ID, CLASS_ID, TIMESTAMP)
values (226420, 223388, 225533, 223927, to_date('06-06-2007 17:12:54', 'dd-mm-yyyy hh24:mi:ss'));
insert into STUDENT_CLASS_ENRL (UNIQUEID, STUDENT_ID, COURSE_REQUEST_ID, CLASS_ID, TIMESTAMP)
values (226421, 223388, 225539, 223259, to_date('06-06-2007 17:12:54', 'dd-mm-yyyy hh24:mi:ss'));
insert into STUDENT_CLASS_ENRL (UNIQUEID, STUDENT_ID, COURSE_REQUEST_ID, CLASS_ID, TIMESTAMP)
values (226422, 223388, 225539, 223256, to_date('06-06-2007 17:12:54', 'dd-mm-yyyy hh24:mi:ss'));
insert into STUDENT_CLASS_ENRL (UNIQUEID, STUDENT_ID, COURSE_REQUEST_ID, CLASS_ID, TIMESTAMP)
values (226423, 223388, 225539, 223824, to_date('06-06-2007 17:12:54', 'dd-mm-yyyy hh24:mi:ss'));
insert into STUDENT_CLASS_ENRL (UNIQUEID, STUDENT_ID, COURSE_REQUEST_ID, CLASS_ID, TIMESTAMP)
values (226424, 223388, 225544, 223869, to_date('06-06-2007 17:12:54', 'dd-mm-yyyy hh24:mi:ss'));
insert into STUDENT_CLASS_ENRL (UNIQUEID, STUDENT_ID, COURSE_REQUEST_ID, CLASS_ID, TIMESTAMP)
values (226425, 223388, 225544, 223959, to_date('06-06-2007 17:12:54', 'dd-mm-yyyy hh24:mi:ss'));
insert into STUDENT_CLASS_ENRL (UNIQUEID, STUDENT_ID, COURSE_REQUEST_ID, CLASS_ID, TIMESTAMP)
values (226426, 223388, 225548, 224022, to_date('06-06-2007 17:12:54', 'dd-mm-yyyy hh24:mi:ss'));
insert into STUDENT_CLASS_ENRL (UNIQUEID, STUDENT_ID, COURSE_REQUEST_ID, CLASS_ID, TIMESTAMP)
values (226427, 223388, 225551, 223857, to_date('06-06-2007 17:12:54', 'dd-mm-yyyy hh24:mi:ss'));
insert into STUDENT_CLASS_ENRL (UNIQUEID, STUDENT_ID, COURSE_REQUEST_ID, CLASS_ID, TIMESTAMP)
values (226428, 223388, 225551, 223316, to_date('06-06-2007 17:12:54', 'dd-mm-yyyy hh24:mi:ss'));
insert into STUDENT_CLASS_ENRL (UNIQUEID, STUDENT_ID, COURSE_REQUEST_ID, CLASS_ID, TIMESTAMP)
values (226429, 223392, 225623, 223269, to_date('06-06-2007 17:12:54', 'dd-mm-yyyy hh24:mi:ss'));
insert into STUDENT_CLASS_ENRL (UNIQUEID, STUDENT_ID, COURSE_REQUEST_ID, CLASS_ID, TIMESTAMP)
values (226430, 223392, 225623, 223832, to_date('06-06-2007 17:12:54', 'dd-mm-yyyy hh24:mi:ss'));
insert into STUDENT_CLASS_ENRL (UNIQUEID, STUDENT_ID, COURSE_REQUEST_ID, CLASS_ID, TIMESTAMP)
values (226431, 223392, 225623, 223258, to_date('06-06-2007 17:12:54', 'dd-mm-yyyy hh24:mi:ss'));
insert into STUDENT_CLASS_ENRL (UNIQUEID, STUDENT_ID, COURSE_REQUEST_ID, CLASS_ID, TIMESTAMP)
values (226432, 223392, 225628, 223350, to_date('06-06-2007 17:12:54', 'dd-mm-yyyy hh24:mi:ss'));
insert into STUDENT_CLASS_ENRL (UNIQUEID, STUDENT_ID, COURSE_REQUEST_ID, CLASS_ID, TIMESTAMP)
values (226433, 223392, 225628, 224033, to_date('06-06-2007 17:12:54', 'dd-mm-yyyy hh24:mi:ss'));
insert into STUDENT_CLASS_ENRL (UNIQUEID, STUDENT_ID, COURSE_REQUEST_ID, CLASS_ID, TIMESTAMP)
values (226434, 223392, 225628, 224039, to_date('06-06-2007 17:12:54', 'dd-mm-yyyy hh24:mi:ss'));
insert into STUDENT_CLASS_ENRL (UNIQUEID, STUDENT_ID, COURSE_REQUEST_ID, CLASS_ID, TIMESTAMP)
values (226435, 223392, 225633, 223996, to_date('06-06-2007 17:12:54', 'dd-mm-yyyy hh24:mi:ss'));
insert into STUDENT_CLASS_ENRL (UNIQUEID, STUDENT_ID, COURSE_REQUEST_ID, CLASS_ID, TIMESTAMP)
values (226436, 223392, 225633, 224000, to_date('06-06-2007 17:12:54', 'dd-mm-yyyy hh24:mi:ss'));
insert into STUDENT_CLASS_ENRL (UNIQUEID, STUDENT_ID, COURSE_REQUEST_ID, CLASS_ID, TIMESTAMP)
values (226437, 223392, 225637, 223957, to_date('06-06-2007 17:12:54', 'dd-mm-yyyy hh24:mi:ss'));
insert into STUDENT_CLASS_ENRL (UNIQUEID, STUDENT_ID, COURSE_REQUEST_ID, CLASS_ID, TIMESTAMP)
values (226438, 223392, 225637, 223965, to_date('06-06-2007 17:12:54', 'dd-mm-yyyy hh24:mi:ss'));
insert into STUDENT_CLASS_ENRL (UNIQUEID, STUDENT_ID, COURSE_REQUEST_ID, CLASS_ID, TIMESTAMP)
values (226439, 223392, 225641, 223854, to_date('06-06-2007 17:12:54', 'dd-mm-yyyy hh24:mi:ss'));
insert into STUDENT_CLASS_ENRL (UNIQUEID, STUDENT_ID, COURSE_REQUEST_ID, CLASS_ID, TIMESTAMP)
values (226440, 223392, 225641, 223313, to_date('06-06-2007 17:12:54', 'dd-mm-yyyy hh24:mi:ss'));
insert into STUDENT_CLASS_ENRL (UNIQUEID, STUDENT_ID, COURSE_REQUEST_ID, CLASS_ID, TIMESTAMP)
values (226441, 223394, 225667, 223904, to_date('06-06-2007 17:12:54', 'dd-mm-yyyy hh24:mi:ss'));
insert into STUDENT_CLASS_ENRL (UNIQUEID, STUDENT_ID, COURSE_REQUEST_ID, CLASS_ID, TIMESTAMP)
values (226442, 223394, 225667, 223926, to_date('06-06-2007 17:12:54', 'dd-mm-yyyy hh24:mi:ss'));
insert into STUDENT_CLASS_ENRL (UNIQUEID, STUDENT_ID, COURSE_REQUEST_ID, CLASS_ID, TIMESTAMP)
values (226443, 223394, 225667, 223240, to_date('06-06-2007 17:12:54', 'dd-mm-yyyy hh24:mi:ss'));
insert into STUDENT_CLASS_ENRL (UNIQUEID, STUDENT_ID, COURSE_REQUEST_ID, CLASS_ID, TIMESTAMP)
values (226444, 223394, 225667, 223918, to_date('06-06-2007 17:12:54', 'dd-mm-yyyy hh24:mi:ss'));
insert into STUDENT_CLASS_ENRL (UNIQUEID, STUDENT_ID, COURSE_REQUEST_ID, CLASS_ID, TIMESTAMP)
values (226445, 223394, 225673, 223300, to_date('06-06-2007 17:12:54', 'dd-mm-yyyy hh24:mi:ss'));
insert into STUDENT_CLASS_ENRL (UNIQUEID, STUDENT_ID, COURSE_REQUEST_ID, CLASS_ID, TIMESTAMP)
values (226446, 223394, 225676, 223356, to_date('06-06-2007 17:12:54', 'dd-mm-yyyy hh24:mi:ss'));
insert into STUDENT_CLASS_ENRL (UNIQUEID, STUDENT_ID, COURSE_REQUEST_ID, CLASS_ID, TIMESTAMP)
values (226447, 223394, 225679, 223363, to_date('06-06-2007 17:12:54', 'dd-mm-yyyy hh24:mi:ss'));
insert into STUDENT_CLASS_ENRL (UNIQUEID, STUDENT_ID, COURSE_REQUEST_ID, CLASS_ID, TIMESTAMP)
values (226448, 223394, 225682, 223379, to_date('06-06-2007 17:12:54', 'dd-mm-yyyy hh24:mi:ss'));
insert into STUDENT_CLASS_ENRL (UNIQUEID, STUDENT_ID, COURSE_REQUEST_ID, CLASS_ID, TIMESTAMP)
values (226449, 223394, 225682, 223803, to_date('06-06-2007 17:12:54', 'dd-mm-yyyy hh24:mi:ss'));
insert into STUDENT_CLASS_ENRL (UNIQUEID, STUDENT_ID, COURSE_REQUEST_ID, CLASS_ID, TIMESTAMP)
values (226450, 223400, 225789, 223356, to_date('06-06-2007 17:12:54', 'dd-mm-yyyy hh24:mi:ss'));
insert into STUDENT_CLASS_ENRL (UNIQUEID, STUDENT_ID, COURSE_REQUEST_ID, CLASS_ID, TIMESTAMP)
values (226451, 223400, 225792, 223978, to_date('06-06-2007 17:12:54', 'dd-mm-yyyy hh24:mi:ss'));
insert into STUDENT_CLASS_ENRL (UNIQUEID, STUDENT_ID, COURSE_REQUEST_ID, CLASS_ID, TIMESTAMP)
values (226452, 223400, 225792, 223899, to_date('06-06-2007 17:12:54', 'dd-mm-yyyy hh24:mi:ss'));
insert into STUDENT_CLASS_ENRL (UNIQUEID, STUDENT_ID, COURSE_REQUEST_ID, CLASS_ID, TIMESTAMP)
values (226453, 223400, 225792, 223909, to_date('06-06-2007 17:12:54', 'dd-mm-yyyy hh24:mi:ss'));
insert into STUDENT_CLASS_ENRL (UNIQUEID, STUDENT_ID, COURSE_REQUEST_ID, CLASS_ID, TIMESTAMP)
values (226454, 223400, 225792, 223973, to_date('06-06-2007 17:12:54', 'dd-mm-yyyy hh24:mi:ss'));
insert into STUDENT_CLASS_ENRL (UNIQUEID, STUDENT_ID, COURSE_REQUEST_ID, CLASS_ID, TIMESTAMP)
values (226455, 223400, 225798, 223830, to_date('06-06-2007 17:12:54', 'dd-mm-yyyy hh24:mi:ss'));
insert into STUDENT_CLASS_ENRL (UNIQUEID, STUDENT_ID, COURSE_REQUEST_ID, CLASS_ID, TIMESTAMP)
values (226456, 223400, 225798, 223267, to_date('06-06-2007 17:12:54', 'dd-mm-yyyy hh24:mi:ss'));
insert into STUDENT_CLASS_ENRL (UNIQUEID, STUDENT_ID, COURSE_REQUEST_ID, CLASS_ID, TIMESTAMP)
values (226457, 223400, 225798, 223257, to_date('06-06-2007 17:12:54', 'dd-mm-yyyy hh24:mi:ss'));
insert into STUDENT_CLASS_ENRL (UNIQUEID, STUDENT_ID, COURSE_REQUEST_ID, CLASS_ID, TIMESTAMP)
values (226458, 223400, 225803, 223311, to_date('06-06-2007 17:12:54', 'dd-mm-yyyy hh24:mi:ss'));
insert into STUDENT_CLASS_ENRL (UNIQUEID, STUDENT_ID, COURSE_REQUEST_ID, CLASS_ID, TIMESTAMP)
values (226459, 223400, 225803, 223852, to_date('06-06-2007 17:12:54', 'dd-mm-yyyy hh24:mi:ss'));
insert into STUDENT_CLASS_ENRL (UNIQUEID, STUDENT_ID, COURSE_REQUEST_ID, CLASS_ID, TIMESTAMP)
values (226460, 223400, 225807, 223378, to_date('06-06-2007 17:12:54', 'dd-mm-yyyy hh24:mi:ss'));
insert into STUDENT_CLASS_ENRL (UNIQUEID, STUDENT_ID, COURSE_REQUEST_ID, CLASS_ID, TIMESTAMP)
values (226461, 223400, 225807, 223801, to_date('06-06-2007 17:12:54', 'dd-mm-yyyy hh24:mi:ss'));
insert into STUDENT_CLASS_ENRL (UNIQUEID, STUDENT_ID, COURSE_REQUEST_ID, CLASS_ID, TIMESTAMP)
values (226462, 224241, 225870, 224028, to_date('06-06-2007 17:12:54', 'dd-mm-yyyy hh24:mi:ss'));
insert into STUDENT_CLASS_ENRL (UNIQUEID, STUDENT_ID, COURSE_REQUEST_ID, CLASS_ID, TIMESTAMP)
values (226463, 224241, 225873, 223291, to_date('06-06-2007 17:12:54', 'dd-mm-yyyy hh24:mi:ss'));
insert into STUDENT_CLASS_ENRL (UNIQUEID, STUDENT_ID, COURSE_REQUEST_ID, CLASS_ID, TIMESTAMP)
values (226464, 224241, 225876, 223245, to_date('06-06-2007 17:12:54', 'dd-mm-yyyy hh24:mi:ss'));
insert into STUDENT_CLASS_ENRL (UNIQUEID, STUDENT_ID, COURSE_REQUEST_ID, CLASS_ID, TIMESTAMP)
values (226465, 224241, 225876, 223970, to_date('06-06-2007 17:12:54', 'dd-mm-yyyy hh24:mi:ss'));
insert into STUDENT_CLASS_ENRL (UNIQUEID, STUDENT_ID, COURSE_REQUEST_ID, CLASS_ID, TIMESTAMP)
values (226466, 224241, 225878, 223301, to_date('06-06-2007 17:12:54', 'dd-mm-yyyy hh24:mi:ss'));
insert into STUDENT_CLASS_ENRL (UNIQUEID, STUDENT_ID, COURSE_REQUEST_ID, CLASS_ID, TIMESTAMP)
values (226467, 224241, 225881, 224050, to_date('06-06-2007 17:12:54', 'dd-mm-yyyy hh24:mi:ss'));
insert into STUDENT_CLASS_ENRL (UNIQUEID, STUDENT_ID, COURSE_REQUEST_ID, CLASS_ID, TIMESTAMP)
values (226468, 224241, 225884, 223249, to_date('06-06-2007 17:12:54', 'dd-mm-yyyy hh24:mi:ss'));
insert into STUDENT_CLASS_ENRL (UNIQUEID, STUDENT_ID, COURSE_REQUEST_ID, CLASS_ID, TIMESTAMP)
values (226469, 223389, 225555, 223899, to_date('06-06-2007 17:12:55', 'dd-mm-yyyy hh24:mi:ss'));
insert into STUDENT_CLASS_ENRL (UNIQUEID, STUDENT_ID, COURSE_REQUEST_ID, CLASS_ID, TIMESTAMP)
values (226470, 223389, 225555, 223904, to_date('06-06-2007 17:12:55', 'dd-mm-yyyy hh24:mi:ss'));
insert into STUDENT_CLASS_ENRL (UNIQUEID, STUDENT_ID, COURSE_REQUEST_ID, CLASS_ID, TIMESTAMP)
values (226471, 223389, 225555, 223926, to_date('06-06-2007 17:12:55', 'dd-mm-yyyy hh24:mi:ss'));
insert into STUDENT_CLASS_ENRL (UNIQUEID, STUDENT_ID, COURSE_REQUEST_ID, CLASS_ID, TIMESTAMP)
values (226472, 223389, 225555, 223918, to_date('06-06-2007 17:12:55', 'dd-mm-yyyy hh24:mi:ss'));
insert into STUDENT_CLASS_ENRL (UNIQUEID, STUDENT_ID, COURSE_REQUEST_ID, CLASS_ID, TIMESTAMP)
values (226473, 223389, 225561, 223256, to_date('06-06-2007 17:12:55', 'dd-mm-yyyy hh24:mi:ss'));
insert into STUDENT_CLASS_ENRL (UNIQUEID, STUDENT_ID, COURSE_REQUEST_ID, CLASS_ID, TIMESTAMP)
values (226474, 223389, 225561, 223825, to_date('06-06-2007 17:12:55', 'dd-mm-yyyy hh24:mi:ss'));
insert into STUDENT_CLASS_ENRL (UNIQUEID, STUDENT_ID, COURSE_REQUEST_ID, CLASS_ID, TIMESTAMP)
values (226475, 223389, 225561, 223260, to_date('06-06-2007 17:12:55', 'dd-mm-yyyy hh24:mi:ss'));
insert into STUDENT_CLASS_ENRL (UNIQUEID, STUDENT_ID, COURSE_REQUEST_ID, CLASS_ID, TIMESTAMP)
values (226476, 223389, 225566, 223961, to_date('06-06-2007 17:12:55', 'dd-mm-yyyy hh24:mi:ss'));
commit;
prompt 200 records committed...
insert into STUDENT_CLASS_ENRL (UNIQUEID, STUDENT_ID, COURSE_REQUEST_ID, CLASS_ID, TIMESTAMP)
values (226477, 223389, 225566, 223956, to_date('06-06-2007 17:12:55', 'dd-mm-yyyy hh24:mi:ss'));
insert into STUDENT_CLASS_ENRL (UNIQUEID, STUDENT_ID, COURSE_REQUEST_ID, CLASS_ID, TIMESTAMP)
values (226478, 223389, 225570, 224022, to_date('06-06-2007 17:12:55', 'dd-mm-yyyy hh24:mi:ss'));
insert into STUDENT_CLASS_ENRL (UNIQUEID, STUDENT_ID, COURSE_REQUEST_ID, CLASS_ID, TIMESTAMP)
values (226479, 223389, 225573, 223854, to_date('06-06-2007 17:12:55', 'dd-mm-yyyy hh24:mi:ss'));
insert into STUDENT_CLASS_ENRL (UNIQUEID, STUDENT_ID, COURSE_REQUEST_ID, CLASS_ID, TIMESTAMP)
values (226480, 223389, 225573, 223313, to_date('06-06-2007 17:12:55', 'dd-mm-yyyy hh24:mi:ss'));
insert into STUDENT_CLASS_ENRL (UNIQUEID, STUDENT_ID, COURSE_REQUEST_ID, CLASS_ID, TIMESTAMP)
values (226481, 223391, 225601, 223256, to_date('06-06-2007 17:12:55', 'dd-mm-yyyy hh24:mi:ss'));
insert into STUDENT_CLASS_ENRL (UNIQUEID, STUDENT_ID, COURSE_REQUEST_ID, CLASS_ID, TIMESTAMP)
values (226482, 223391, 225601, 223826, to_date('06-06-2007 17:12:55', 'dd-mm-yyyy hh24:mi:ss'));
insert into STUDENT_CLASS_ENRL (UNIQUEID, STUDENT_ID, COURSE_REQUEST_ID, CLASS_ID, TIMESTAMP)
values (226483, 223391, 225601, 223261, to_date('06-06-2007 17:12:55', 'dd-mm-yyyy hh24:mi:ss'));
insert into STUDENT_CLASS_ENRL (UNIQUEID, STUDENT_ID, COURSE_REQUEST_ID, CLASS_ID, TIMESTAMP)
values (226484, 223391, 225606, 223917, to_date('06-06-2007 17:12:55', 'dd-mm-yyyy hh24:mi:ss'));
insert into STUDENT_CLASS_ENRL (UNIQUEID, STUDENT_ID, COURSE_REQUEST_ID, CLASS_ID, TIMESTAMP)
values (226485, 223391, 225606, 223899, to_date('06-06-2007 17:12:55', 'dd-mm-yyyy hh24:mi:ss'));
insert into STUDENT_CLASS_ENRL (UNIQUEID, STUDENT_ID, COURSE_REQUEST_ID, CLASS_ID, TIMESTAMP)
values (226486, 223391, 225606, 223926, to_date('06-06-2007 17:12:55', 'dd-mm-yyyy hh24:mi:ss'));
insert into STUDENT_CLASS_ENRL (UNIQUEID, STUDENT_ID, COURSE_REQUEST_ID, CLASS_ID, TIMESTAMP)
values (226487, 223391, 225606, 223905, to_date('06-06-2007 17:12:55', 'dd-mm-yyyy hh24:mi:ss'));
insert into STUDENT_CLASS_ENRL (UNIQUEID, STUDENT_ID, COURSE_REQUEST_ID, CLASS_ID, TIMESTAMP)
values (226488, 223391, 225612, 223996, to_date('06-06-2007 17:12:55', 'dd-mm-yyyy hh24:mi:ss'));
insert into STUDENT_CLASS_ENRL (UNIQUEID, STUDENT_ID, COURSE_REQUEST_ID, CLASS_ID, TIMESTAMP)
values (226489, 223391, 225612, 223999, to_date('06-06-2007 17:12:55', 'dd-mm-yyyy hh24:mi:ss'));
insert into STUDENT_CLASS_ENRL (UNIQUEID, STUDENT_ID, COURSE_REQUEST_ID, CLASS_ID, TIMESTAMP)
values (226490, 223391, 225616, 223962, to_date('06-06-2007 17:12:55', 'dd-mm-yyyy hh24:mi:ss'));
insert into STUDENT_CLASS_ENRL (UNIQUEID, STUDENT_ID, COURSE_REQUEST_ID, CLASS_ID, TIMESTAMP)
values (226491, 223391, 225616, 223956, to_date('06-06-2007 17:12:55', 'dd-mm-yyyy hh24:mi:ss'));
insert into STUDENT_CLASS_ENRL (UNIQUEID, STUDENT_ID, COURSE_REQUEST_ID, CLASS_ID, TIMESTAMP)
values (226492, 223391, 225620, 223299, to_date('06-06-2007 17:12:55', 'dd-mm-yyyy hh24:mi:ss'));
commit;
prompt 216 records loaded
prompt Loading STUDENT_ENRL...
insert into STUDENT_ENRL (UNIQUEID, STUDENT_ID, SOLUTION_ID, CLASS_ID, LAST_MODIFIED_TIME)
values (7618610, 223385, 807, 223884, null);
insert into STUDENT_ENRL (UNIQUEID, STUDENT_ID, SOLUTION_ID, CLASS_ID, LAST_MODIFIED_TIME)
values (7618611, 223384, 807, 223884, null);
insert into STUDENT_ENRL (UNIQUEID, STUDENT_ID, SOLUTION_ID, CLASS_ID, LAST_MODIFIED_TIME)
values (7618612, 224241, 806, 223249, null);
insert into STUDENT_ENRL (UNIQUEID, STUDENT_ID, SOLUTION_ID, CLASS_ID, LAST_MODIFIED_TIME)
values (7618613, 224240, 806, 223249, null);
insert into STUDENT_ENRL (UNIQUEID, STUDENT_ID, SOLUTION_ID, CLASS_ID, LAST_MODIFIED_TIME)
values (7618614, 223390, 806, 223249, null);
insert into STUDENT_ENRL (UNIQUEID, STUDENT_ID, SOLUTION_ID, CLASS_ID, LAST_MODIFIED_TIME)
values (7618615, 223395, 806, 223249, null);
insert into STUDENT_ENRL (UNIQUEID, STUDENT_ID, SOLUTION_ID, CLASS_ID, LAST_MODIFIED_TIME)
values (7618616, 223389, 806, 223240, null);
insert into STUDENT_ENRL (UNIQUEID, STUDENT_ID, SOLUTION_ID, CLASS_ID, LAST_MODIFIED_TIME)
values (7618617, 223391, 806, 223240, null);
insert into STUDENT_ENRL (UNIQUEID, STUDENT_ID, SOLUTION_ID, CLASS_ID, LAST_MODIFIED_TIME)
values (7618618, 223398, 806, 223240, null);
insert into STUDENT_ENRL (UNIQUEID, STUDENT_ID, SOLUTION_ID, CLASS_ID, LAST_MODIFIED_TIME)
values (7618619, 223394, 806, 223899, null);
insert into STUDENT_ENRL (UNIQUEID, STUDENT_ID, SOLUTION_ID, CLASS_ID, LAST_MODIFIED_TIME)
values (7618620, 223399, 806, 223899, null);
insert into STUDENT_ENRL (UNIQUEID, STUDENT_ID, SOLUTION_ID, CLASS_ID, LAST_MODIFIED_TIME)
values (7618621, 223401, 806, 223899, null);
insert into STUDENT_ENRL (UNIQUEID, STUDENT_ID, SOLUTION_ID, CLASS_ID, LAST_MODIFIED_TIME)
values (7618622, 223388, 806, 223899, null);
insert into STUDENT_ENRL (UNIQUEID, STUDENT_ID, SOLUTION_ID, CLASS_ID, LAST_MODIFIED_TIME)
values (7618623, 223400, 806, 223900, null);
insert into STUDENT_ENRL (UNIQUEID, STUDENT_ID, SOLUTION_ID, CLASS_ID, LAST_MODIFIED_TIME)
values (7618624, 223387, 806, 223900, null);
insert into STUDENT_ENRL (UNIQUEID, STUDENT_ID, SOLUTION_ID, CLASS_ID, LAST_MODIFIED_TIME)
values (7618625, 224240, 806, 223900, null);
insert into STUDENT_ENRL (UNIQUEID, STUDENT_ID, SOLUTION_ID, CLASS_ID, LAST_MODIFIED_TIME)
values (7618626, 223397, 806, 223900, null);
insert into STUDENT_ENRL (UNIQUEID, STUDENT_ID, SOLUTION_ID, CLASS_ID, LAST_MODIFIED_TIME)
values (7618627, 223389, 807, 223902, null);
insert into STUDENT_ENRL (UNIQUEID, STUDENT_ID, SOLUTION_ID, CLASS_ID, LAST_MODIFIED_TIME)
values (7618628, 223388, 807, 223903, null);
insert into STUDENT_ENRL (UNIQUEID, STUDENT_ID, SOLUTION_ID, CLASS_ID, LAST_MODIFIED_TIME)
values (7618629, 223394, 807, 223904, null);
insert into STUDENT_ENRL (UNIQUEID, STUDENT_ID, SOLUTION_ID, CLASS_ID, LAST_MODIFIED_TIME)
values (7618630, 224240, 807, 223905, null);
insert into STUDENT_ENRL (UNIQUEID, STUDENT_ID, SOLUTION_ID, CLASS_ID, LAST_MODIFIED_TIME)
values (7618631, 223398, 807, 223906, null);
insert into STUDENT_ENRL (UNIQUEID, STUDENT_ID, SOLUTION_ID, CLASS_ID, LAST_MODIFIED_TIME)
values (7618632, 223399, 807, 223907, null);
insert into STUDENT_ENRL (UNIQUEID, STUDENT_ID, SOLUTION_ID, CLASS_ID, LAST_MODIFIED_TIME)
values (7618633, 223397, 807, 223908, null);
insert into STUDENT_ENRL (UNIQUEID, STUDENT_ID, SOLUTION_ID, CLASS_ID, LAST_MODIFIED_TIME)
values (7618634, 223387, 807, 223909, null);
insert into STUDENT_ENRL (UNIQUEID, STUDENT_ID, SOLUTION_ID, CLASS_ID, LAST_MODIFIED_TIME)
values (7618635, 223391, 807, 223910, null);
insert into STUDENT_ENRL (UNIQUEID, STUDENT_ID, SOLUTION_ID, CLASS_ID, LAST_MODIFIED_TIME)
values (7618636, 223401, 807, 223976, null);
insert into STUDENT_ENRL (UNIQUEID, STUDENT_ID, SOLUTION_ID, CLASS_ID, LAST_MODIFIED_TIME)
values (7618637, 223400, 807, 223977, null);
insert into STUDENT_ENRL (UNIQUEID, STUDENT_ID, SOLUTION_ID, CLASS_ID, LAST_MODIFIED_TIME)
values (7618638, 223401, 807, 223914, null);
insert into STUDENT_ENRL (UNIQUEID, STUDENT_ID, SOLUTION_ID, CLASS_ID, LAST_MODIFIED_TIME)
values (7618639, 223387, 807, 223915, null);
insert into STUDENT_ENRL (UNIQUEID, STUDENT_ID, SOLUTION_ID, CLASS_ID, LAST_MODIFIED_TIME)
values (7618640, 223399, 807, 223916, null);
insert into STUDENT_ENRL (UNIQUEID, STUDENT_ID, SOLUTION_ID, CLASS_ID, LAST_MODIFIED_TIME)
values (7618641, 224240, 807, 223917, null);
insert into STUDENT_ENRL (UNIQUEID, STUDENT_ID, SOLUTION_ID, CLASS_ID, LAST_MODIFIED_TIME)
values (7618642, 223394, 807, 223918, null);
insert into STUDENT_ENRL (UNIQUEID, STUDENT_ID, SOLUTION_ID, CLASS_ID, LAST_MODIFIED_TIME)
values (7618643, 223389, 807, 223919, null);
insert into STUDENT_ENRL (UNIQUEID, STUDENT_ID, SOLUTION_ID, CLASS_ID, LAST_MODIFIED_TIME)
values (7618644, 223388, 807, 223920, null);
insert into STUDENT_ENRL (UNIQUEID, STUDENT_ID, SOLUTION_ID, CLASS_ID, LAST_MODIFIED_TIME)
values (7618645, 223397, 807, 223921, null);
insert into STUDENT_ENRL (UNIQUEID, STUDENT_ID, SOLUTION_ID, CLASS_ID, LAST_MODIFIED_TIME)
values (7618646, 223391, 807, 223922, null);
insert into STUDENT_ENRL (UNIQUEID, STUDENT_ID, SOLUTION_ID, CLASS_ID, LAST_MODIFIED_TIME)
values (7618647, 223400, 807, 223978, null);
insert into STUDENT_ENRL (UNIQUEID, STUDENT_ID, SOLUTION_ID, CLASS_ID, LAST_MODIFIED_TIME)
values (7618648, 223398, 807, 223979, null);
insert into STUDENT_ENRL (UNIQUEID, STUDENT_ID, SOLUTION_ID, CLASS_ID, LAST_MODIFIED_TIME)
values (7618649, 223400, 806, 223926, null);
insert into STUDENT_ENRL (UNIQUEID, STUDENT_ID, SOLUTION_ID, CLASS_ID, LAST_MODIFIED_TIME)
values (7618650, 223387, 806, 223926, null);
insert into STUDENT_ENRL (UNIQUEID, STUDENT_ID, SOLUTION_ID, CLASS_ID, LAST_MODIFIED_TIME)
values (7618651, 224240, 806, 223926, null);
insert into STUDENT_ENRL (UNIQUEID, STUDENT_ID, SOLUTION_ID, CLASS_ID, LAST_MODIFIED_TIME)
values (7618652, 223397, 806, 223926, null);
insert into STUDENT_ENRL (UNIQUEID, STUDENT_ID, SOLUTION_ID, CLASS_ID, LAST_MODIFIED_TIME)
values (7618653, 223389, 806, 223927, null);
insert into STUDENT_ENRL (UNIQUEID, STUDENT_ID, SOLUTION_ID, CLASS_ID, LAST_MODIFIED_TIME)
values (7618654, 223391, 806, 223927, null);
insert into STUDENT_ENRL (UNIQUEID, STUDENT_ID, SOLUTION_ID, CLASS_ID, LAST_MODIFIED_TIME)
values (7618655, 223398, 806, 223927, null);
insert into STUDENT_ENRL (UNIQUEID, STUDENT_ID, SOLUTION_ID, CLASS_ID, LAST_MODIFIED_TIME)
values (7618656, 223394, 806, 223973, null);
insert into STUDENT_ENRL (UNIQUEID, STUDENT_ID, SOLUTION_ID, CLASS_ID, LAST_MODIFIED_TIME)
values (7618657, 223399, 806, 223973, null);
insert into STUDENT_ENRL (UNIQUEID, STUDENT_ID, SOLUTION_ID, CLASS_ID, LAST_MODIFIED_TIME)
values (7618658, 223401, 806, 223973, null);
insert into STUDENT_ENRL (UNIQUEID, STUDENT_ID, SOLUTION_ID, CLASS_ID, LAST_MODIFIED_TIME)
values (7618659, 223388, 806, 223973, null);
insert into STUDENT_ENRL (UNIQUEID, STUDENT_ID, SOLUTION_ID, CLASS_ID, LAST_MODIFIED_TIME)
values (7618660, 224241, 807, 223245, null);
insert into STUDENT_ENRL (UNIQUEID, STUDENT_ID, SOLUTION_ID, CLASS_ID, LAST_MODIFIED_TIME)
values (7618661, 223402, 807, 223245, null);
insert into STUDENT_ENRL (UNIQUEID, STUDENT_ID, SOLUTION_ID, CLASS_ID, LAST_MODIFIED_TIME)
values (7618662, 223386, 807, 223947, null);
insert into STUDENT_ENRL (UNIQUEID, STUDENT_ID, SOLUTION_ID, CLASS_ID, LAST_MODIFIED_TIME)
values (7618663, 223393, 807, 223947, null);
insert into STUDENT_ENRL (UNIQUEID, STUDENT_ID, SOLUTION_ID, CLASS_ID, LAST_MODIFIED_TIME)
values (7618664, 223393, 807, 223949, null);
insert into STUDENT_ENRL (UNIQUEID, STUDENT_ID, SOLUTION_ID, CLASS_ID, LAST_MODIFIED_TIME)
values (7618665, 223402, 807, 223950, null);
insert into STUDENT_ENRL (UNIQUEID, STUDENT_ID, SOLUTION_ID, CLASS_ID, LAST_MODIFIED_TIME)
values (7618666, 223386, 807, 223951, null);
insert into STUDENT_ENRL (UNIQUEID, STUDENT_ID, SOLUTION_ID, CLASS_ID, LAST_MODIFIED_TIME)
values (7618667, 224241, 807, 223970, null);
insert into STUDENT_ENRL (UNIQUEID, STUDENT_ID, SOLUTION_ID, CLASS_ID, LAST_MODIFIED_TIME)
values (7618668, 223387, 806, 223869, null);
insert into STUDENT_ENRL (UNIQUEID, STUDENT_ID, SOLUTION_ID, CLASS_ID, LAST_MODIFIED_TIME)
values (7618669, 223391, 806, 223869, null);
insert into STUDENT_ENRL (UNIQUEID, STUDENT_ID, SOLUTION_ID, CLASS_ID, LAST_MODIFIED_TIME)
values (7618670, 223399, 806, 223869, null);
insert into STUDENT_ENRL (UNIQUEID, STUDENT_ID, SOLUTION_ID, CLASS_ID, LAST_MODIFIED_TIME)
values (7618671, 223390, 806, 223869, null);
insert into STUDENT_ENRL (UNIQUEID, STUDENT_ID, SOLUTION_ID, CLASS_ID, LAST_MODIFIED_TIME)
values (7618672, 223388, 806, 223956, null);
insert into STUDENT_ENRL (UNIQUEID, STUDENT_ID, SOLUTION_ID, CLASS_ID, LAST_MODIFIED_TIME)
values (7618673, 223397, 806, 223956, null);
insert into STUDENT_ENRL (UNIQUEID, STUDENT_ID, SOLUTION_ID, CLASS_ID, LAST_MODIFIED_TIME)
values (7618674, 223392, 806, 223956, null);
insert into STUDENT_ENRL (UNIQUEID, STUDENT_ID, SOLUTION_ID, CLASS_ID, LAST_MODIFIED_TIME)
values (7618675, 223398, 806, 223956, null);
insert into STUDENT_ENRL (UNIQUEID, STUDENT_ID, SOLUTION_ID, CLASS_ID, LAST_MODIFIED_TIME)
values (7618676, 223389, 806, 223957, null);
insert into STUDENT_ENRL (UNIQUEID, STUDENT_ID, SOLUTION_ID, CLASS_ID, LAST_MODIFIED_TIME)
values (7618677, 223402, 806, 223957, null);
insert into STUDENT_ENRL (UNIQUEID, STUDENT_ID, SOLUTION_ID, CLASS_ID, LAST_MODIFIED_TIME)
values (7618678, 223386, 806, 223957, null);
insert into STUDENT_ENRL (UNIQUEID, STUDENT_ID, SOLUTION_ID, CLASS_ID, LAST_MODIFIED_TIME)
values (7618679, 223393, 806, 223957, null);
insert into STUDENT_ENRL (UNIQUEID, STUDENT_ID, SOLUTION_ID, CLASS_ID, LAST_MODIFIED_TIME)
values (7618680, 223387, 807, 223870, null);
insert into STUDENT_ENRL (UNIQUEID, STUDENT_ID, SOLUTION_ID, CLASS_ID, LAST_MODIFIED_TIME)
values (7618681, 223391, 807, 223958, null);
insert into STUDENT_ENRL (UNIQUEID, STUDENT_ID, SOLUTION_ID, CLASS_ID, LAST_MODIFIED_TIME)
values (7618682, 223399, 807, 223959, null);
insert into STUDENT_ENRL (UNIQUEID, STUDENT_ID, SOLUTION_ID, CLASS_ID, LAST_MODIFIED_TIME)
values (7618683, 223390, 807, 223960, null);
insert into STUDENT_ENRL (UNIQUEID, STUDENT_ID, SOLUTION_ID, CLASS_ID, LAST_MODIFIED_TIME)
values (7618684, 223388, 807, 223961, null);
insert into STUDENT_ENRL (UNIQUEID, STUDENT_ID, SOLUTION_ID, CLASS_ID, LAST_MODIFIED_TIME)
values (7618685, 223397, 807, 223962, null);
insert into STUDENT_ENRL (UNIQUEID, STUDENT_ID, SOLUTION_ID, CLASS_ID, LAST_MODIFIED_TIME)
values (7618686, 223392, 807, 223963, null);
insert into STUDENT_ENRL (UNIQUEID, STUDENT_ID, SOLUTION_ID, CLASS_ID, LAST_MODIFIED_TIME)
values (7618687, 223398, 807, 223964, null);
insert into STUDENT_ENRL (UNIQUEID, STUDENT_ID, SOLUTION_ID, CLASS_ID, LAST_MODIFIED_TIME)
values (7618688, 223389, 807, 223965, null);
insert into STUDENT_ENRL (UNIQUEID, STUDENT_ID, SOLUTION_ID, CLASS_ID, LAST_MODIFIED_TIME)
values (7618689, 223402, 807, 223966, null);
insert into STUDENT_ENRL (UNIQUEID, STUDENT_ID, SOLUTION_ID, CLASS_ID, LAST_MODIFIED_TIME)
values (7618690, 223386, 807, 223967, null);
insert into STUDENT_ENRL (UNIQUEID, STUDENT_ID, SOLUTION_ID, CLASS_ID, LAST_MODIFIED_TIME)
values (7618691, 223393, 807, 223968, null);
insert into STUDENT_ENRL (UNIQUEID, STUDENT_ID, SOLUTION_ID, CLASS_ID, LAST_MODIFIED_TIME)
values (7618692, 223388, 806, 223256, null);
insert into STUDENT_ENRL (UNIQUEID, STUDENT_ID, SOLUTION_ID, CLASS_ID, LAST_MODIFIED_TIME)
values (7618693, 223397, 806, 223256, null);
insert into STUDENT_ENRL (UNIQUEID, STUDENT_ID, SOLUTION_ID, CLASS_ID, LAST_MODIFIED_TIME)
values (7618694, 223392, 806, 223256, null);
insert into STUDENT_ENRL (UNIQUEID, STUDENT_ID, SOLUTION_ID, CLASS_ID, LAST_MODIFIED_TIME)
values (7618695, 223398, 806, 223256, null);
insert into STUDENT_ENRL (UNIQUEID, STUDENT_ID, SOLUTION_ID, CLASS_ID, LAST_MODIFIED_TIME)
values (7618696, 223387, 806, 223257, null);
insert into STUDENT_ENRL (UNIQUEID, STUDENT_ID, SOLUTION_ID, CLASS_ID, LAST_MODIFIED_TIME)
values (7618697, 223391, 806, 223257, null);
insert into STUDENT_ENRL (UNIQUEID, STUDENT_ID, SOLUTION_ID, CLASS_ID, LAST_MODIFIED_TIME)
values (7618698, 223399, 806, 223257, null);
insert into STUDENT_ENRL (UNIQUEID, STUDENT_ID, SOLUTION_ID, CLASS_ID, LAST_MODIFIED_TIME)
values (7618699, 223390, 806, 223257, null);
insert into STUDENT_ENRL (UNIQUEID, STUDENT_ID, SOLUTION_ID, CLASS_ID, LAST_MODIFIED_TIME)
values (7618700, 223389, 806, 223258, null);
insert into STUDENT_ENRL (UNIQUEID, STUDENT_ID, SOLUTION_ID, CLASS_ID, LAST_MODIFIED_TIME)
values (7618701, 223400, 806, 223258, null);
insert into STUDENT_ENRL (UNIQUEID, STUDENT_ID, SOLUTION_ID, CLASS_ID, LAST_MODIFIED_TIME)
values (7618702, 223401, 806, 223258, null);
insert into STUDENT_ENRL (UNIQUEID, STUDENT_ID, SOLUTION_ID, CLASS_ID, LAST_MODIFIED_TIME)
values (7618703, 223393, 806, 223258, null);
insert into STUDENT_ENRL (UNIQUEID, STUDENT_ID, SOLUTION_ID, CLASS_ID, LAST_MODIFIED_TIME)
values (7618704, 223388, 807, 223259, null);
insert into STUDENT_ENRL (UNIQUEID, STUDENT_ID, SOLUTION_ID, CLASS_ID, LAST_MODIFIED_TIME)
values (7618705, 223397, 807, 223260, null);
insert into STUDENT_ENRL (UNIQUEID, STUDENT_ID, SOLUTION_ID, CLASS_ID, LAST_MODIFIED_TIME)
values (7618706, 223392, 807, 223261, null);
insert into STUDENT_ENRL (UNIQUEID, STUDENT_ID, SOLUTION_ID, CLASS_ID, LAST_MODIFIED_TIME)
values (7618707, 223398, 807, 223263, null);
insert into STUDENT_ENRL (UNIQUEID, STUDENT_ID, SOLUTION_ID, CLASS_ID, LAST_MODIFIED_TIME)
values (7618708, 223387, 807, 223264, null);
insert into STUDENT_ENRL (UNIQUEID, STUDENT_ID, SOLUTION_ID, CLASS_ID, LAST_MODIFIED_TIME)
values (7618709, 223391, 807, 223265, null);
commit;
prompt 100 records committed...
insert into STUDENT_ENRL (UNIQUEID, STUDENT_ID, SOLUTION_ID, CLASS_ID, LAST_MODIFIED_TIME)
values (7618710, 223399, 807, 223267, null);
insert into STUDENT_ENRL (UNIQUEID, STUDENT_ID, SOLUTION_ID, CLASS_ID, LAST_MODIFIED_TIME)
values (7618711, 223390, 807, 223268, null);
insert into STUDENT_ENRL (UNIQUEID, STUDENT_ID, SOLUTION_ID, CLASS_ID, LAST_MODIFIED_TIME)
values (7618712, 223389, 807, 223269, null);
insert into STUDENT_ENRL (UNIQUEID, STUDENT_ID, SOLUTION_ID, CLASS_ID, LAST_MODIFIED_TIME)
values (7618713, 223400, 807, 223817, null);
insert into STUDENT_ENRL (UNIQUEID, STUDENT_ID, SOLUTION_ID, CLASS_ID, LAST_MODIFIED_TIME)
values (7618714, 223401, 807, 223818, null);
insert into STUDENT_ENRL (UNIQUEID, STUDENT_ID, SOLUTION_ID, CLASS_ID, LAST_MODIFIED_TIME)
values (7618715, 223393, 807, 223819, null);
insert into STUDENT_ENRL (UNIQUEID, STUDENT_ID, SOLUTION_ID, CLASS_ID, LAST_MODIFIED_TIME)
values (7618716, 223388, 807, 223824, null);
insert into STUDENT_ENRL (UNIQUEID, STUDENT_ID, SOLUTION_ID, CLASS_ID, LAST_MODIFIED_TIME)
values (7618717, 223397, 807, 223825, null);
insert into STUDENT_ENRL (UNIQUEID, STUDENT_ID, SOLUTION_ID, CLASS_ID, LAST_MODIFIED_TIME)
values (7618718, 223392, 807, 223826, null);
insert into STUDENT_ENRL (UNIQUEID, STUDENT_ID, SOLUTION_ID, CLASS_ID, LAST_MODIFIED_TIME)
values (7618719, 223398, 807, 223827, null);
insert into STUDENT_ENRL (UNIQUEID, STUDENT_ID, SOLUTION_ID, CLASS_ID, LAST_MODIFIED_TIME)
values (7618720, 223387, 807, 223828, null);
insert into STUDENT_ENRL (UNIQUEID, STUDENT_ID, SOLUTION_ID, CLASS_ID, LAST_MODIFIED_TIME)
values (7618721, 223391, 807, 223829, null);
insert into STUDENT_ENRL (UNIQUEID, STUDENT_ID, SOLUTION_ID, CLASS_ID, LAST_MODIFIED_TIME)
values (7618722, 223399, 807, 223830, null);
insert into STUDENT_ENRL (UNIQUEID, STUDENT_ID, SOLUTION_ID, CLASS_ID, LAST_MODIFIED_TIME)
values (7618723, 223390, 807, 223831, null);
insert into STUDENT_ENRL (UNIQUEID, STUDENT_ID, SOLUTION_ID, CLASS_ID, LAST_MODIFIED_TIME)
values (7618724, 223389, 807, 223832, null);
insert into STUDENT_ENRL (UNIQUEID, STUDENT_ID, SOLUTION_ID, CLASS_ID, LAST_MODIFIED_TIME)
values (7618725, 223400, 807, 223833, null);
insert into STUDENT_ENRL (UNIQUEID, STUDENT_ID, SOLUTION_ID, CLASS_ID, LAST_MODIFIED_TIME)
values (7618726, 223401, 807, 223834, null);
insert into STUDENT_ENRL (UNIQUEID, STUDENT_ID, SOLUTION_ID, CLASS_ID, LAST_MODIFIED_TIME)
values (7618727, 223393, 807, 223835, null);
insert into STUDENT_ENRL (UNIQUEID, STUDENT_ID, SOLUTION_ID, CLASS_ID, LAST_MODIFIED_TIME)
values (7618728, 223395, 807, 223297, null);
insert into STUDENT_ENRL (UNIQUEID, STUDENT_ID, SOLUTION_ID, CLASS_ID, LAST_MODIFIED_TIME)
values (7618729, 223391, 807, 223298, null);
insert into STUDENT_ENRL (UNIQUEID, STUDENT_ID, SOLUTION_ID, CLASS_ID, LAST_MODIFIED_TIME)
values (7618730, 223390, 807, 223299, null);
insert into STUDENT_ENRL (UNIQUEID, STUDENT_ID, SOLUTION_ID, CLASS_ID, LAST_MODIFIED_TIME)
values (7618731, 223402, 807, 223300, null);
insert into STUDENT_ENRL (UNIQUEID, STUDENT_ID, SOLUTION_ID, CLASS_ID, LAST_MODIFIED_TIME)
values (7618732, 224240, 807, 223301, null);
insert into STUDENT_ENRL (UNIQUEID, STUDENT_ID, SOLUTION_ID, CLASS_ID, LAST_MODIFIED_TIME)
values (7618733, 224241, 807, 223302, null);
insert into STUDENT_ENRL (UNIQUEID, STUDENT_ID, SOLUTION_ID, CLASS_ID, LAST_MODIFIED_TIME)
values (7618734, 223384, 807, 223303, null);
insert into STUDENT_ENRL (UNIQUEID, STUDENT_ID, SOLUTION_ID, CLASS_ID, LAST_MODIFIED_TIME)
values (7618735, 223385, 807, 223304, null);
insert into STUDENT_ENRL (UNIQUEID, STUDENT_ID, SOLUTION_ID, CLASS_ID, LAST_MODIFIED_TIME)
values (7618736, 223394, 807, 223305, null);
insert into STUDENT_ENRL (UNIQUEID, STUDENT_ID, SOLUTION_ID, CLASS_ID, LAST_MODIFIED_TIME)
values (7618737, 224241, 806, 223291, null);
insert into STUDENT_ENRL (UNIQUEID, STUDENT_ID, SOLUTION_ID, CLASS_ID, LAST_MODIFIED_TIME)
values (7618738, 223385, 806, 223291, null);
insert into STUDENT_ENRL (UNIQUEID, STUDENT_ID, SOLUTION_ID, CLASS_ID, LAST_MODIFIED_TIME)
values (7618739, 223384, 806, 223291, null);
insert into STUDENT_ENRL (UNIQUEID, STUDENT_ID, SOLUTION_ID, CLASS_ID, LAST_MODIFIED_TIME)
values (7618740, 223386, 806, 223291, null);
insert into STUDENT_ENRL (UNIQUEID, STUDENT_ID, SOLUTION_ID, CLASS_ID, LAST_MODIFIED_TIME)
values (7618741, 223401, 807, 223310, null);
insert into STUDENT_ENRL (UNIQUEID, STUDENT_ID, SOLUTION_ID, CLASS_ID, LAST_MODIFIED_TIME)
values (7618742, 223395, 807, 223311, null);
insert into STUDENT_ENRL (UNIQUEID, STUDENT_ID, SOLUTION_ID, CLASS_ID, LAST_MODIFIED_TIME)
values (7618743, 223388, 807, 223312, null);
insert into STUDENT_ENRL (UNIQUEID, STUDENT_ID, SOLUTION_ID, CLASS_ID, LAST_MODIFIED_TIME)
values (7618744, 223397, 807, 223313, null);
insert into STUDENT_ENRL (UNIQUEID, STUDENT_ID, SOLUTION_ID, CLASS_ID, LAST_MODIFIED_TIME)
values (7618745, 223393, 807, 223314, null);
insert into STUDENT_ENRL (UNIQUEID, STUDENT_ID, SOLUTION_ID, CLASS_ID, LAST_MODIFIED_TIME)
values (7618746, 223387, 807, 223315, null);
insert into STUDENT_ENRL (UNIQUEID, STUDENT_ID, SOLUTION_ID, CLASS_ID, LAST_MODIFIED_TIME)
values (7618747, 223392, 807, 223316, null);
insert into STUDENT_ENRL (UNIQUEID, STUDENT_ID, SOLUTION_ID, CLASS_ID, LAST_MODIFIED_TIME)
values (7618748, 223400, 807, 223317, null);
insert into STUDENT_ENRL (UNIQUEID, STUDENT_ID, SOLUTION_ID, CLASS_ID, LAST_MODIFIED_TIME)
values (7618749, 223386, 807, 223318, null);
insert into STUDENT_ENRL (UNIQUEID, STUDENT_ID, SOLUTION_ID, CLASS_ID, LAST_MODIFIED_TIME)
values (7618750, 223389, 807, 223319, null);
insert into STUDENT_ENRL (UNIQUEID, STUDENT_ID, SOLUTION_ID, CLASS_ID, LAST_MODIFIED_TIME)
values (7618751, 223401, 807, 223851, null);
insert into STUDENT_ENRL (UNIQUEID, STUDENT_ID, SOLUTION_ID, CLASS_ID, LAST_MODIFIED_TIME)
values (7618752, 223395, 807, 223852, null);
insert into STUDENT_ENRL (UNIQUEID, STUDENT_ID, SOLUTION_ID, CLASS_ID, LAST_MODIFIED_TIME)
values (7618753, 223388, 807, 223853, null);
insert into STUDENT_ENRL (UNIQUEID, STUDENT_ID, SOLUTION_ID, CLASS_ID, LAST_MODIFIED_TIME)
values (7618754, 223397, 807, 223854, null);
insert into STUDENT_ENRL (UNIQUEID, STUDENT_ID, SOLUTION_ID, CLASS_ID, LAST_MODIFIED_TIME)
values (7618755, 223393, 807, 223855, null);
insert into STUDENT_ENRL (UNIQUEID, STUDENT_ID, SOLUTION_ID, CLASS_ID, LAST_MODIFIED_TIME)
values (7618756, 223387, 807, 223856, null);
insert into STUDENT_ENRL (UNIQUEID, STUDENT_ID, SOLUTION_ID, CLASS_ID, LAST_MODIFIED_TIME)
values (7618757, 223392, 807, 223857, null);
insert into STUDENT_ENRL (UNIQUEID, STUDENT_ID, SOLUTION_ID, CLASS_ID, LAST_MODIFIED_TIME)
values (7618758, 223400, 807, 223858, null);
insert into STUDENT_ENRL (UNIQUEID, STUDENT_ID, SOLUTION_ID, CLASS_ID, LAST_MODIFIED_TIME)
values (7618759, 223386, 807, 223859, null);
insert into STUDENT_ENRL (UNIQUEID, STUDENT_ID, SOLUTION_ID, CLASS_ID, LAST_MODIFIED_TIME)
values (7618760, 223389, 807, 223860, null);
insert into STUDENT_ENRL (UNIQUEID, STUDENT_ID, SOLUTION_ID, CLASS_ID, LAST_MODIFIED_TIME)
values (7618761, 223391, 807, 223996, null);
insert into STUDENT_ENRL (UNIQUEID, STUDENT_ID, SOLUTION_ID, CLASS_ID, LAST_MODIFIED_TIME)
values (7618762, 223390, 807, 223996, null);
insert into STUDENT_ENRL (UNIQUEID, STUDENT_ID, SOLUTION_ID, CLASS_ID, LAST_MODIFIED_TIME)
values (7618763, 223392, 807, 223996, null);
insert into STUDENT_ENRL (UNIQUEID, STUDENT_ID, SOLUTION_ID, CLASS_ID, LAST_MODIFIED_TIME)
values (7618764, 223392, 807, 223998, null);
insert into STUDENT_ENRL (UNIQUEID, STUDENT_ID, SOLUTION_ID, CLASS_ID, LAST_MODIFIED_TIME)
values (7618765, 223391, 807, 223999, null);
insert into STUDENT_ENRL (UNIQUEID, STUDENT_ID, SOLUTION_ID, CLASS_ID, LAST_MODIFIED_TIME)
values (7618766, 223390, 807, 224000, null);
insert into STUDENT_ENRL (UNIQUEID, STUDENT_ID, SOLUTION_ID, CLASS_ID, LAST_MODIFIED_TIME)
values (7618767, 223398, 807, 223324, null);
insert into STUDENT_ENRL (UNIQUEID, STUDENT_ID, SOLUTION_ID, CLASS_ID, LAST_MODIFIED_TIME)
values (7618768, 223395, 807, 223324, null);
insert into STUDENT_ENRL (UNIQUEID, STUDENT_ID, SOLUTION_ID, CLASS_ID, LAST_MODIFIED_TIME)
values (7618769, 223385, 807, 223325, null);
insert into STUDENT_ENRL (UNIQUEID, STUDENT_ID, SOLUTION_ID, CLASS_ID, LAST_MODIFIED_TIME)
values (7618770, 223401, 807, 223325, null);
insert into STUDENT_ENRL (UNIQUEID, STUDENT_ID, SOLUTION_ID, CLASS_ID, LAST_MODIFIED_TIME)
values (7618771, 223398, 807, 224005, null);
insert into STUDENT_ENRL (UNIQUEID, STUDENT_ID, SOLUTION_ID, CLASS_ID, LAST_MODIFIED_TIME)
values (7618772, 223395, 807, 224006, null);
insert into STUDENT_ENRL (UNIQUEID, STUDENT_ID, SOLUTION_ID, CLASS_ID, LAST_MODIFIED_TIME)
values (7618773, 223385, 807, 224007, null);
insert into STUDENT_ENRL (UNIQUEID, STUDENT_ID, SOLUTION_ID, CLASS_ID, LAST_MODIFIED_TIME)
values (7618774, 223401, 807, 224008, null);
insert into STUDENT_ENRL (UNIQUEID, STUDENT_ID, SOLUTION_ID, CLASS_ID, LAST_MODIFIED_TIME)
values (7618775, 223396, 807, 223330, null);
insert into STUDENT_ENRL (UNIQUEID, STUDENT_ID, SOLUTION_ID, CLASS_ID, LAST_MODIFIED_TIME)
values (7618776, 224240, 807, 223330, null);
insert into STUDENT_ENRL (UNIQUEID, STUDENT_ID, SOLUTION_ID, CLASS_ID, LAST_MODIFIED_TIME)
values (7618777, 223401, 807, 223331, null);
insert into STUDENT_ENRL (UNIQUEID, STUDENT_ID, SOLUTION_ID, CLASS_ID, LAST_MODIFIED_TIME)
values (7618778, 223395, 807, 223331, null);
insert into STUDENT_ENRL (UNIQUEID, STUDENT_ID, SOLUTION_ID, CLASS_ID, LAST_MODIFIED_TIME)
values (7618779, 223396, 807, 224017, null);
insert into STUDENT_ENRL (UNIQUEID, STUDENT_ID, SOLUTION_ID, CLASS_ID, LAST_MODIFIED_TIME)
values (7618780, 223399, 806, 224057, null);
insert into STUDENT_ENRL (UNIQUEID, STUDENT_ID, SOLUTION_ID, CLASS_ID, LAST_MODIFIED_TIME)
values (7618781, 223397, 806, 224057, null);
insert into STUDENT_ENRL (UNIQUEID, STUDENT_ID, SOLUTION_ID, CLASS_ID, LAST_MODIFIED_TIME)
values (7618782, 223398, 806, 224057, null);
insert into STUDENT_ENRL (UNIQUEID, STUDENT_ID, SOLUTION_ID, CLASS_ID, LAST_MODIFIED_TIME)
values (7618783, 223398, 807, 224059, null);
insert into STUDENT_ENRL (UNIQUEID, STUDENT_ID, SOLUTION_ID, CLASS_ID, LAST_MODIFIED_TIME)
values (7618784, 223399, 807, 224060, null);
insert into STUDENT_ENRL (UNIQUEID, STUDENT_ID, SOLUTION_ID, CLASS_ID, LAST_MODIFIED_TIME)
values (7618785, 223397, 807, 224061, null);
insert into STUDENT_ENRL (UNIQUEID, STUDENT_ID, SOLUTION_ID, CLASS_ID, LAST_MODIFIED_TIME)
values (7618786, 223389, 806, 224022, null);
insert into STUDENT_ENRL (UNIQUEID, STUDENT_ID, SOLUTION_ID, CLASS_ID, LAST_MODIFIED_TIME)
values (7618787, 223387, 806, 224022, null);
insert into STUDENT_ENRL (UNIQUEID, STUDENT_ID, SOLUTION_ID, CLASS_ID, LAST_MODIFIED_TIME)
values (7618788, 223388, 806, 224022, null);
insert into STUDENT_ENRL (UNIQUEID, STUDENT_ID, SOLUTION_ID, CLASS_ID, LAST_MODIFIED_TIME)
values (7618789, 223396, 807, 223344, null);
insert into STUDENT_ENRL (UNIQUEID, STUDENT_ID, SOLUTION_ID, CLASS_ID, LAST_MODIFIED_TIME)
values (7618790, 223395, 807, 223344, null);
insert into STUDENT_ENRL (UNIQUEID, STUDENT_ID, SOLUTION_ID, CLASS_ID, LAST_MODIFIED_TIME)
values (7618791, 223390, 807, 223350, null);
insert into STUDENT_ENRL (UNIQUEID, STUDENT_ID, SOLUTION_ID, CLASS_ID, LAST_MODIFIED_TIME)
values (7618792, 223392, 807, 223350, null);
insert into STUDENT_ENRL (UNIQUEID, STUDENT_ID, SOLUTION_ID, CLASS_ID, LAST_MODIFIED_TIME)
values (7618793, 223393, 807, 223350, null);
insert into STUDENT_ENRL (UNIQUEID, STUDENT_ID, SOLUTION_ID, CLASS_ID, LAST_MODIFIED_TIME)
values (7618794, 223402, 807, 223351, null);
insert into STUDENT_ENRL (UNIQUEID, STUDENT_ID, SOLUTION_ID, CLASS_ID, LAST_MODIFIED_TIME)
values (7618795, 223396, 807, 223351, null);
insert into STUDENT_ENRL (UNIQUEID, STUDENT_ID, SOLUTION_ID, CLASS_ID, LAST_MODIFIED_TIME)
values (7618796, 223390, 807, 224032, null);
insert into STUDENT_ENRL (UNIQUEID, STUDENT_ID, SOLUTION_ID, CLASS_ID, LAST_MODIFIED_TIME)
values (7618797, 223392, 807, 224033, null);
insert into STUDENT_ENRL (UNIQUEID, STUDENT_ID, SOLUTION_ID, CLASS_ID, LAST_MODIFIED_TIME)
values (7618798, 223393, 807, 224034, null);
insert into STUDENT_ENRL (UNIQUEID, STUDENT_ID, SOLUTION_ID, CLASS_ID, LAST_MODIFIED_TIME)
values (7618799, 223402, 807, 224035, null);
insert into STUDENT_ENRL (UNIQUEID, STUDENT_ID, SOLUTION_ID, CLASS_ID, LAST_MODIFIED_TIME)
values (7618800, 223396, 807, 224036, null);
insert into STUDENT_ENRL (UNIQUEID, STUDENT_ID, SOLUTION_ID, CLASS_ID, LAST_MODIFIED_TIME)
values (7618801, 223390, 807, 224038, null);
insert into STUDENT_ENRL (UNIQUEID, STUDENT_ID, SOLUTION_ID, CLASS_ID, LAST_MODIFIED_TIME)
values (7618802, 223392, 807, 224039, null);
insert into STUDENT_ENRL (UNIQUEID, STUDENT_ID, SOLUTION_ID, CLASS_ID, LAST_MODIFIED_TIME)
values (7618803, 223393, 807, 224040, null);
insert into STUDENT_ENRL (UNIQUEID, STUDENT_ID, SOLUTION_ID, CLASS_ID, LAST_MODIFIED_TIME)
values (7618804, 223402, 807, 224041, null);
insert into STUDENT_ENRL (UNIQUEID, STUDENT_ID, SOLUTION_ID, CLASS_ID, LAST_MODIFIED_TIME)
values (7618805, 223396, 807, 224042, null);
insert into STUDENT_ENRL (UNIQUEID, STUDENT_ID, SOLUTION_ID, CLASS_ID, LAST_MODIFIED_TIME)
values (7618806, 223402, 807, 223356, null);
insert into STUDENT_ENRL (UNIQUEID, STUDENT_ID, SOLUTION_ID, CLASS_ID, LAST_MODIFIED_TIME)
values (7618807, 223394, 807, 223356, null);
insert into STUDENT_ENRL (UNIQUEID, STUDENT_ID, SOLUTION_ID, CLASS_ID, LAST_MODIFIED_TIME)
values (7618808, 223400, 807, 224028, null);
insert into STUDENT_ENRL (UNIQUEID, STUDENT_ID, SOLUTION_ID, CLASS_ID, LAST_MODIFIED_TIME)
values (7618809, 224241, 807, 224028, null);
commit;
prompt 200 records committed...
insert into STUDENT_ENRL (UNIQUEID, STUDENT_ID, SOLUTION_ID, CLASS_ID, LAST_MODIFIED_TIME)
values (7618810, 223385, 806, 223363, null);
insert into STUDENT_ENRL (UNIQUEID, STUDENT_ID, SOLUTION_ID, CLASS_ID, LAST_MODIFIED_TIME)
values (7618811, 223394, 806, 223363, null);
insert into STUDENT_ENRL (UNIQUEID, STUDENT_ID, SOLUTION_ID, CLASS_ID, LAST_MODIFIED_TIME)
values (7618812, 223384, 806, 223363, null);
insert into STUDENT_ENRL (UNIQUEID, STUDENT_ID, SOLUTION_ID, CLASS_ID, LAST_MODIFIED_TIME)
values (7618813, 223386, 806, 223363, null);
insert into STUDENT_ENRL (UNIQUEID, STUDENT_ID, SOLUTION_ID, CLASS_ID, LAST_MODIFIED_TIME)
values (7618814, 224241, 807, 223373, null);
insert into STUDENT_ENRL (UNIQUEID, STUDENT_ID, SOLUTION_ID, CLASS_ID, LAST_MODIFIED_TIME)
values (7618815, 224240, 807, 223373, null);
insert into STUDENT_ENRL (UNIQUEID, STUDENT_ID, SOLUTION_ID, CLASS_ID, LAST_MODIFIED_TIME)
values (7618816, 223396, 807, 224050, null);
insert into STUDENT_ENRL (UNIQUEID, STUDENT_ID, SOLUTION_ID, CLASS_ID, LAST_MODIFIED_TIME)
values (7618817, 223384, 807, 224050, null);
insert into STUDENT_ENRL (UNIQUEID, STUDENT_ID, SOLUTION_ID, CLASS_ID, LAST_MODIFIED_TIME)
values (7618818, 223394, 807, 223378, null);
insert into STUDENT_ENRL (UNIQUEID, STUDENT_ID, SOLUTION_ID, CLASS_ID, LAST_MODIFIED_TIME)
values (7618819, 223399, 807, 223378, null);
insert into STUDENT_ENRL (UNIQUEID, STUDENT_ID, SOLUTION_ID, CLASS_ID, LAST_MODIFIED_TIME)
values (7618820, 223400, 807, 223379, null);
insert into STUDENT_ENRL (UNIQUEID, STUDENT_ID, SOLUTION_ID, CLASS_ID, LAST_MODIFIED_TIME)
values (7618821, 224240, 807, 223379, null);
insert into STUDENT_ENRL (UNIQUEID, STUDENT_ID, SOLUTION_ID, CLASS_ID, LAST_MODIFIED_TIME)
values (7618822, 223394, 807, 223800, null);
insert into STUDENT_ENRL (UNIQUEID, STUDENT_ID, SOLUTION_ID, CLASS_ID, LAST_MODIFIED_TIME)
values (7618823, 223399, 807, 223801, null);
insert into STUDENT_ENRL (UNIQUEID, STUDENT_ID, SOLUTION_ID, CLASS_ID, LAST_MODIFIED_TIME)
values (7618824, 223400, 807, 223802, null);
insert into STUDENT_ENRL (UNIQUEID, STUDENT_ID, SOLUTION_ID, CLASS_ID, LAST_MODIFIED_TIME)
values (7618825, 224240, 807, 223803, null);
commit;
prompt 216 records loaded
prompt Loading STUDENT_ENRL_MSG...
prompt Table is empty
prompt Loading STUDENT_GROUP...
prompt Table is empty
prompt Loading STUDENT_GROUP_RESERVATION...
prompt Table is empty
prompt Loading STUDENT_MAJOR...
prompt Table is empty
prompt Loading STUDENT_MINOR...
prompt Table is empty
prompt Loading STUDENT_TO_ACOMODATION...
prompt Table is empty
prompt Loading STUDENT_TO_GROUP...
prompt Table is empty
prompt Loading TIME_PATTERN_DAYS...
insert into TIME_PATTERN_DAYS (UNIQUEID, DAY_CODE, TIME_PATTERN_ID)
values (1903, 40, 771);
insert into TIME_PATTERN_DAYS (UNIQUEID, DAY_CODE, TIME_PATTERN_ID)
values (1904, 80, 772);
insert into TIME_PATTERN_DAYS (UNIQUEID, DAY_CODE, TIME_PATTERN_ID)
values (1905, 68, 772);
insert into TIME_PATTERN_DAYS (UNIQUEID, DAY_CODE, TIME_PATTERN_ID)
values (1906, 40, 772);
insert into TIME_PATTERN_DAYS (UNIQUEID, DAY_CODE, TIME_PATTERN_ID)
values (1907, 20, 772);
insert into TIME_PATTERN_DAYS (UNIQUEID, DAY_CODE, TIME_PATTERN_ID)
values (1908, 64, 773);
insert into TIME_PATTERN_DAYS (UNIQUEID, DAY_CODE, TIME_PATTERN_ID)
values (1909, 32, 773);
insert into TIME_PATTERN_DAYS (UNIQUEID, DAY_CODE, TIME_PATTERN_ID)
values (1910, 16, 773);
insert into TIME_PATTERN_DAYS (UNIQUEID, DAY_CODE, TIME_PATTERN_ID)
values (1911, 8, 773);
insert into TIME_PATTERN_DAYS (UNIQUEID, DAY_CODE, TIME_PATTERN_ID)
values (1912, 4, 773);
insert into TIME_PATTERN_DAYS (UNIQUEID, DAY_CODE, TIME_PATTERN_ID)
values (1913, 64, 774);
insert into TIME_PATTERN_DAYS (UNIQUEID, DAY_CODE, TIME_PATTERN_ID)
values (1914, 32, 774);
insert into TIME_PATTERN_DAYS (UNIQUEID, DAY_CODE, TIME_PATTERN_ID)
values (1915, 16, 774);
insert into TIME_PATTERN_DAYS (UNIQUEID, DAY_CODE, TIME_PATTERN_ID)
values (1916, 8, 774);
insert into TIME_PATTERN_DAYS (UNIQUEID, DAY_CODE, TIME_PATTERN_ID)
values (1917, 4, 774);
insert into TIME_PATTERN_DAYS (UNIQUEID, DAY_CODE, TIME_PATTERN_ID)
values (1918, 64, 775);
insert into TIME_PATTERN_DAYS (UNIQUEID, DAY_CODE, TIME_PATTERN_ID)
values (1919, 32, 775);
insert into TIME_PATTERN_DAYS (UNIQUEID, DAY_CODE, TIME_PATTERN_ID)
values (1920, 16, 775);
insert into TIME_PATTERN_DAYS (UNIQUEID, DAY_CODE, TIME_PATTERN_ID)
values (1921, 8, 775);
insert into TIME_PATTERN_DAYS (UNIQUEID, DAY_CODE, TIME_PATTERN_ID)
values (1922, 4, 775);
insert into TIME_PATTERN_DAYS (UNIQUEID, DAY_CODE, TIME_PATTERN_ID)
values (1923, 124, 776);
insert into TIME_PATTERN_DAYS (UNIQUEID, DAY_CODE, TIME_PATTERN_ID)
values (1924, 84, 777);
insert into TIME_PATTERN_DAYS (UNIQUEID, DAY_CODE, TIME_PATTERN_ID)
values (1925, 64, 778);
insert into TIME_PATTERN_DAYS (UNIQUEID, DAY_CODE, TIME_PATTERN_ID)
values (1926, 64, 779);
insert into TIME_PATTERN_DAYS (UNIQUEID, DAY_CODE, TIME_PATTERN_ID)
values (1927, 64, 780);
commit;
prompt 25 records loaded
prompt Loading TIME_PATTERN_DEPT...
prompt Table is empty
prompt Loading TIME_PATTERN_TIME...
insert into TIME_PATTERN_TIME (UNIQUEID, START_SLOT, TIME_PATTERN_ID)
values (3137, 90, 771);
insert into TIME_PATTERN_TIME (UNIQUEID, START_SLOT, TIME_PATTERN_ID)
values (3138, 108, 771);
insert into TIME_PATTERN_TIME (UNIQUEID, START_SLOT, TIME_PATTERN_ID)
values (3139, 126, 771);
insert into TIME_PATTERN_TIME (UNIQUEID, START_SLOT, TIME_PATTERN_ID)
values (3140, 144, 771);
insert into TIME_PATTERN_TIME (UNIQUEID, START_SLOT, TIME_PATTERN_ID)
values (3141, 162, 771);
insert into TIME_PATTERN_TIME (UNIQUEID, START_SLOT, TIME_PATTERN_ID)
values (3142, 180, 771);
insert into TIME_PATTERN_TIME (UNIQUEID, START_SLOT, TIME_PATTERN_ID)
values (3143, 198, 771);
insert into TIME_PATTERN_TIME (UNIQUEID, START_SLOT, TIME_PATTERN_ID)
values (3144, 90, 772);
insert into TIME_PATTERN_TIME (UNIQUEID, START_SLOT, TIME_PATTERN_ID)
values (3145, 102, 772);
insert into TIME_PATTERN_TIME (UNIQUEID, START_SLOT, TIME_PATTERN_ID)
values (3146, 114, 772);
insert into TIME_PATTERN_TIME (UNIQUEID, START_SLOT, TIME_PATTERN_ID)
values (3147, 126, 772);
insert into TIME_PATTERN_TIME (UNIQUEID, START_SLOT, TIME_PATTERN_ID)
values (3148, 138, 772);
insert into TIME_PATTERN_TIME (UNIQUEID, START_SLOT, TIME_PATTERN_ID)
values (3149, 150, 772);
insert into TIME_PATTERN_TIME (UNIQUEID, START_SLOT, TIME_PATTERN_ID)
values (3150, 162, 772);
insert into TIME_PATTERN_TIME (UNIQUEID, START_SLOT, TIME_PATTERN_ID)
values (3151, 174, 772);
insert into TIME_PATTERN_TIME (UNIQUEID, START_SLOT, TIME_PATTERN_ID)
values (3152, 186, 772);
insert into TIME_PATTERN_TIME (UNIQUEID, START_SLOT, TIME_PATTERN_ID)
values (3153, 198, 772);
insert into TIME_PATTERN_TIME (UNIQUEID, START_SLOT, TIME_PATTERN_ID)
values (3154, 90, 773);
insert into TIME_PATTERN_TIME (UNIQUEID, START_SLOT, TIME_PATTERN_ID)
values (3155, 102, 773);
insert into TIME_PATTERN_TIME (UNIQUEID, START_SLOT, TIME_PATTERN_ID)
values (3156, 114, 773);
insert into TIME_PATTERN_TIME (UNIQUEID, START_SLOT, TIME_PATTERN_ID)
values (3157, 126, 773);
insert into TIME_PATTERN_TIME (UNIQUEID, START_SLOT, TIME_PATTERN_ID)
values (3158, 138, 773);
insert into TIME_PATTERN_TIME (UNIQUEID, START_SLOT, TIME_PATTERN_ID)
values (3159, 150, 773);
insert into TIME_PATTERN_TIME (UNIQUEID, START_SLOT, TIME_PATTERN_ID)
values (3160, 162, 773);
insert into TIME_PATTERN_TIME (UNIQUEID, START_SLOT, TIME_PATTERN_ID)
values (3161, 174, 773);
insert into TIME_PATTERN_TIME (UNIQUEID, START_SLOT, TIME_PATTERN_ID)
values (3162, 186, 773);
insert into TIME_PATTERN_TIME (UNIQUEID, START_SLOT, TIME_PATTERN_ID)
values (3163, 198, 773);
insert into TIME_PATTERN_TIME (UNIQUEID, START_SLOT, TIME_PATTERN_ID)
values (3164, 90, 774);
insert into TIME_PATTERN_TIME (UNIQUEID, START_SLOT, TIME_PATTERN_ID)
values (3165, 114, 774);
insert into TIME_PATTERN_TIME (UNIQUEID, START_SLOT, TIME_PATTERN_ID)
values (3166, 138, 774);
insert into TIME_PATTERN_TIME (UNIQUEID, START_SLOT, TIME_PATTERN_ID)
values (3167, 162, 774);
insert into TIME_PATTERN_TIME (UNIQUEID, START_SLOT, TIME_PATTERN_ID)
values (3168, 186, 774);
insert into TIME_PATTERN_TIME (UNIQUEID, START_SLOT, TIME_PATTERN_ID)
values (3169, 90, 775);
insert into TIME_PATTERN_TIME (UNIQUEID, START_SLOT, TIME_PATTERN_ID)
values (3170, 102, 775);
insert into TIME_PATTERN_TIME (UNIQUEID, START_SLOT, TIME_PATTERN_ID)
values (3171, 126, 775);
insert into TIME_PATTERN_TIME (UNIQUEID, START_SLOT, TIME_PATTERN_ID)
values (3172, 138, 775);
insert into TIME_PATTERN_TIME (UNIQUEID, START_SLOT, TIME_PATTERN_ID)
values (3173, 162, 775);
insert into TIME_PATTERN_TIME (UNIQUEID, START_SLOT, TIME_PATTERN_ID)
values (3174, 174, 775);
insert into TIME_PATTERN_TIME (UNIQUEID, START_SLOT, TIME_PATTERN_ID)
values (3175, 180, 775);
insert into TIME_PATTERN_TIME (UNIQUEID, START_SLOT, TIME_PATTERN_ID)
values (3176, 90, 776);
insert into TIME_PATTERN_TIME (UNIQUEID, START_SLOT, TIME_PATTERN_ID)
values (3177, 102, 776);
insert into TIME_PATTERN_TIME (UNIQUEID, START_SLOT, TIME_PATTERN_ID)
values (3178, 114, 776);
insert into TIME_PATTERN_TIME (UNIQUEID, START_SLOT, TIME_PATTERN_ID)
values (3179, 126, 776);
insert into TIME_PATTERN_TIME (UNIQUEID, START_SLOT, TIME_PATTERN_ID)
values (3180, 138, 776);
insert into TIME_PATTERN_TIME (UNIQUEID, START_SLOT, TIME_PATTERN_ID)
values (3181, 150, 776);
insert into TIME_PATTERN_TIME (UNIQUEID, START_SLOT, TIME_PATTERN_ID)
values (3182, 162, 776);
insert into TIME_PATTERN_TIME (UNIQUEID, START_SLOT, TIME_PATTERN_ID)
values (3183, 174, 776);
insert into TIME_PATTERN_TIME (UNIQUEID, START_SLOT, TIME_PATTERN_ID)
values (3184, 180, 776);
insert into TIME_PATTERN_TIME (UNIQUEID, START_SLOT, TIME_PATTERN_ID)
values (3185, 186, 776);
insert into TIME_PATTERN_TIME (UNIQUEID, START_SLOT, TIME_PATTERN_ID)
values (3186, 90, 777);
insert into TIME_PATTERN_TIME (UNIQUEID, START_SLOT, TIME_PATTERN_ID)
values (3187, 102, 777);
insert into TIME_PATTERN_TIME (UNIQUEID, START_SLOT, TIME_PATTERN_ID)
values (3188, 114, 777);
insert into TIME_PATTERN_TIME (UNIQUEID, START_SLOT, TIME_PATTERN_ID)
values (3189, 126, 777);
insert into TIME_PATTERN_TIME (UNIQUEID, START_SLOT, TIME_PATTERN_ID)
values (3190, 138, 777);
insert into TIME_PATTERN_TIME (UNIQUEID, START_SLOT, TIME_PATTERN_ID)
values (3191, 150, 777);
insert into TIME_PATTERN_TIME (UNIQUEID, START_SLOT, TIME_PATTERN_ID)
values (3192, 162, 777);
insert into TIME_PATTERN_TIME (UNIQUEID, START_SLOT, TIME_PATTERN_ID)
values (3193, 174, 777);
insert into TIME_PATTERN_TIME (UNIQUEID, START_SLOT, TIME_PATTERN_ID)
values (3194, 186, 777);
insert into TIME_PATTERN_TIME (UNIQUEID, START_SLOT, TIME_PATTERN_ID)
values (3195, 198, 777);
insert into TIME_PATTERN_TIME (UNIQUEID, START_SLOT, TIME_PATTERN_ID)
values (3196, 90, 778);
insert into TIME_PATTERN_TIME (UNIQUEID, START_SLOT, TIME_PATTERN_ID)
values (3197, 102, 778);
insert into TIME_PATTERN_TIME (UNIQUEID, START_SLOT, TIME_PATTERN_ID)
values (3198, 114, 778);
insert into TIME_PATTERN_TIME (UNIQUEID, START_SLOT, TIME_PATTERN_ID)
values (3199, 126, 778);
insert into TIME_PATTERN_TIME (UNIQUEID, START_SLOT, TIME_PATTERN_ID)
values (3200, 138, 778);
insert into TIME_PATTERN_TIME (UNIQUEID, START_SLOT, TIME_PATTERN_ID)
values (3201, 150, 778);
insert into TIME_PATTERN_TIME (UNIQUEID, START_SLOT, TIME_PATTERN_ID)
values (3202, 162, 778);
insert into TIME_PATTERN_TIME (UNIQUEID, START_SLOT, TIME_PATTERN_ID)
values (3203, 174, 778);
insert into TIME_PATTERN_TIME (UNIQUEID, START_SLOT, TIME_PATTERN_ID)
values (3204, 186, 778);
insert into TIME_PATTERN_TIME (UNIQUEID, START_SLOT, TIME_PATTERN_ID)
values (3205, 198, 778);
insert into TIME_PATTERN_TIME (UNIQUEID, START_SLOT, TIME_PATTERN_ID)
values (3206, 102, 779);
insert into TIME_PATTERN_TIME (UNIQUEID, START_SLOT, TIME_PATTERN_ID)
values (3207, 138, 779);
insert into TIME_PATTERN_TIME (UNIQUEID, START_SLOT, TIME_PATTERN_ID)
values (3208, 174, 779);
insert into TIME_PATTERN_TIME (UNIQUEID, START_SLOT, TIME_PATTERN_ID)
values (3209, 90, 780);
insert into TIME_PATTERN_TIME (UNIQUEID, START_SLOT, TIME_PATTERN_ID)
values (3210, 114, 780);
insert into TIME_PATTERN_TIME (UNIQUEID, START_SLOT, TIME_PATTERN_ID)
values (3211, 138, 780);
insert into TIME_PATTERN_TIME (UNIQUEID, START_SLOT, TIME_PATTERN_ID)
values (3212, 162, 780);
insert into TIME_PATTERN_TIME (UNIQUEID, START_SLOT, TIME_PATTERN_ID)
values (3213, 186, 780);
commit;
prompt 77 records loaded
prompt Loading TIME_PREF...
insert into TIME_PREF (UNIQUEID, OWNER_ID, PREF_LEVEL_ID, PREFERENCE, TIME_PATTERN_ID, LAST_MODIFIED_TIME)
values (121327, 223367, 1, '2222222', 771, null);
insert into TIME_PREF (UNIQUEID, OWNER_ID, PREF_LEVEL_ID, PREFERENCE, TIME_PATTERN_ID, LAST_MODIFIED_TIME)
values (121328, 223367, 1, '2222222222', 777, null);
insert into TIME_PREF (UNIQUEID, OWNER_ID, PREF_LEVEL_ID, PREFERENCE, TIME_PATTERN_ID, LAST_MODIFIED_TIME)
values (121331, 223790, 1, '22222222222222222222222222222222222222222222222222', 773, null);
insert into TIME_PREF (UNIQUEID, OWNER_ID, PREF_LEVEL_ID, PREFERENCE, TIME_PATTERN_ID, LAST_MODIFIED_TIME)
values (121333, 223377, 1, '2222222222', 777, null);
insert into TIME_PREF (UNIQUEID, OWNER_ID, PREF_LEVEL_ID, PREFERENCE, TIME_PATTERN_ID, LAST_MODIFIED_TIME)
values (121334, 223377, 1, '2222222', 771, null);
insert into TIME_PREF (UNIQUEID, OWNER_ID, PREF_LEVEL_ID, PREFERENCE, TIME_PATTERN_ID, LAST_MODIFIED_TIME)
values (121481, 223255, 1, 'PPPPPPP2PP2PP22PP2PP22PP2PP22PP2PP2', 775, null);
insert into TIME_PREF (UNIQUEID, OWNER_ID, PREF_LEVEL_ID, PREFERENCE, TIME_PATTERN_ID, LAST_MODIFIED_TIME)
values (121339, 223362, 1, '2222222222', 777, null);
insert into TIME_PREF (UNIQUEID, OWNER_ID, PREF_LEVEL_ID, PREFERENCE, TIME_PATTERN_ID, LAST_MODIFIED_TIME)
values (121340, 223362, 1, '2222222', 771, null);
insert into TIME_PREF (UNIQUEID, OWNER_ID, PREF_LEVEL_ID, PREFERENCE, TIME_PATTERN_ID, LAST_MODIFIED_TIME)
values (121341, 223372, 1, '2222222222', 777, null);
insert into TIME_PREF (UNIQUEID, OWNER_ID, PREF_LEVEL_ID, PREFERENCE, TIME_PATTERN_ID, LAST_MODIFIED_TIME)
values (121342, 223372, 1, '2222222', 771, null);
insert into TIME_PREF (UNIQUEID, OWNER_ID, PREF_LEVEL_ID, PREFERENCE, TIME_PATTERN_ID, LAST_MODIFIED_TIME)
values (121344, 223355, 1, '2222222', 771, null);
insert into TIME_PREF (UNIQUEID, OWNER_ID, PREF_LEVEL_ID, PREFERENCE, TIME_PATTERN_ID, LAST_MODIFIED_TIME)
values (121346, 223355, 1, '2222222222', 777, null);
insert into TIME_PREF (UNIQUEID, OWNER_ID, PREF_LEVEL_ID, PREFERENCE, TIME_PATTERN_ID, LAST_MODIFIED_TIME)
values (121348, 223254, 1, '2222222222222222222222222222222222222222', 772, null);
insert into TIME_PREF (UNIQUEID, OWNER_ID, PREF_LEVEL_ID, PREFERENCE, TIME_PATTERN_ID, LAST_MODIFIED_TIME)
values (121478, 223248, 1, '2222222220', 776, null);
insert into TIME_PREF (UNIQUEID, OWNER_ID, PREF_LEVEL_ID, PREFERENCE, TIME_PATTERN_ID, LAST_MODIFIED_TIME)
values (121353, 223815, 1, '22222222222222222222222222222222222222222222222222', 773, null);
insert into TIME_PREF (UNIQUEID, OWNER_ID, PREF_LEVEL_ID, PREFERENCE, TIME_PATTERN_ID, LAST_MODIFIED_TIME)
values (121473, 223867, 1, '2222222222', 777, null);
insert into TIME_PREF (UNIQUEID, OWNER_ID, PREF_LEVEL_ID, PREFERENCE, TIME_PATTERN_ID, LAST_MODIFIED_TIME)
values (121454, 223799, 1, '22222222222222222222222222222222222222222222222222', 773, null);
insert into TIME_PREF (UNIQUEID, OWNER_ID, PREF_LEVEL_ID, PREFERENCE, TIME_PATTERN_ID, LAST_MODIFIED_TIME)
values (121462, 223296, 1, '2222222', 771, null);
insert into TIME_PREF (UNIQUEID, OWNER_ID, PREF_LEVEL_ID, PREFERENCE, TIME_PATTERN_ID, LAST_MODIFIED_TIME)
values (121452, 223948, 1, '2222222222222222222222222', 774, null);
insert into TIME_PREF (UNIQUEID, OWNER_ID, PREF_LEVEL_ID, PREFERENCE, TIME_PATTERN_ID, LAST_MODIFIED_TIME)
values (121371, 223868, 1, '22222222222222222222222222222222222222222222222222', 773, null);
insert into TIME_PREF (UNIQUEID, OWNER_ID, PREF_LEVEL_ID, PREFERENCE, TIME_PATTERN_ID, LAST_MODIFIED_TIME)
values (121443, 224056, 1, '2222222222222222222222222222222222222222', 772, null);
insert into TIME_PREF (UNIQUEID, OWNER_ID, PREF_LEVEL_ID, PREFERENCE, TIME_PATTERN_ID, LAST_MODIFIED_TIME)
values (121447, 224058, 1, '2RRRR22222222222222222222', 774, null);
insert into TIME_PREF (UNIQUEID, OWNER_ID, PREF_LEVEL_ID, PREFERENCE, TIME_PATTERN_ID, LAST_MODIFIED_TIME)
values (121450, 223913, 1, 'PPPPPPPPPP222222222222222', 774, null);
insert into TIME_PREF (UNIQUEID, OWNER_ID, PREF_LEVEL_ID, PREFERENCE, TIME_PATTERN_ID, LAST_MODIFIED_TIME)
values (121388, 223925, 1, '22222222222222222222222222222222222222222222222222', 773, null);
insert into TIME_PREF (UNIQUEID, OWNER_ID, PREF_LEVEL_ID, PREFERENCE, TIME_PATTERN_ID, LAST_MODIFIED_TIME)
values (121385, 223239, 1, '2222222222222222222222222222222222222222', 772, null);
insert into TIME_PREF (UNIQUEID, OWNER_ID, PREF_LEVEL_ID, PREFERENCE, TIME_PATTERN_ID, LAST_MODIFIED_TIME)
values (121387, 223901, 1, '22222222222222222222222222222222222222222222222222', 773, null);
insert into TIME_PREF (UNIQUEID, OWNER_ID, PREF_LEVEL_ID, PREFERENCE, TIME_PATTERN_ID, LAST_MODIFIED_TIME)
values (121392, 223937, 1, '2222222222222222222222222222222222222222', 772, null);
insert into TIME_PREF (UNIQUEID, OWNER_ID, PREF_LEVEL_ID, PREFERENCE, TIME_PATTERN_ID, LAST_MODIFIED_TIME)
values (121394, 223939, 1, 'P2222P2222P2222P2222P2222', 774, null);
insert into TIME_PREF (UNIQUEID, OWNER_ID, PREF_LEVEL_ID, PREFERENCE, TIME_PATTERN_ID, LAST_MODIFIED_TIME)
values (121398, 223244, 1, '2222222222222222222222222222222222222222', 772, null);
insert into TIME_PREF (UNIQUEID, OWNER_ID, PREF_LEVEL_ID, PREFERENCE, TIME_PATTERN_ID, LAST_MODIFIED_TIME)
values (121402, 223290, 1, '2222222', 771, null);
insert into TIME_PREF (UNIQUEID, OWNER_ID, PREF_LEVEL_ID, PREFERENCE, TIME_PATTERN_ID, LAST_MODIFIED_TIME)
values (121403, 223290, 1, '2222222222', 777, null);
insert into TIME_PREF (UNIQUEID, OWNER_ID, PREF_LEVEL_ID, PREFERENCE, TIME_PATTERN_ID, LAST_MODIFIED_TIME)
values (121414, 223995, 1, '2222222222222222222222222222222222222222', 772, null);
insert into TIME_PREF (UNIQUEID, OWNER_ID, PREF_LEVEL_ID, PREFERENCE, TIME_PATTERN_ID, LAST_MODIFIED_TIME)
values (121406, 223848, 1, '22222222222222222222222222222222222222222222222222', 773, null);
insert into TIME_PREF (UNIQUEID, OWNER_ID, PREF_LEVEL_ID, PREFERENCE, TIME_PATTERN_ID, LAST_MODIFIED_TIME)
values (121409, 223309, 1, '2222222222', 777, null);
insert into TIME_PREF (UNIQUEID, OWNER_ID, PREF_LEVEL_ID, PREFERENCE, TIME_PATTERN_ID, LAST_MODIFIED_TIME)
values (121413, 223997, 1, '2222222222222222222222222', 774, null);
insert into TIME_PREF (UNIQUEID, OWNER_ID, PREF_LEVEL_ID, PREFERENCE, TIME_PATTERN_ID, LAST_MODIFIED_TIME)
values (121417, 223323, 1, '2222222222', 777, null);
insert into TIME_PREF (UNIQUEID, OWNER_ID, PREF_LEVEL_ID, PREFERENCE, TIME_PATTERN_ID, LAST_MODIFIED_TIME)
values (121419, 224004, 1, '22222222222222222222222222222222222222222222222222', 773, null);
insert into TIME_PREF (UNIQUEID, OWNER_ID, PREF_LEVEL_ID, PREFERENCE, TIME_PATTERN_ID, LAST_MODIFIED_TIME)
values (121421, 223329, 1, '2222222', 771, null);
insert into TIME_PREF (UNIQUEID, OWNER_ID, PREF_LEVEL_ID, PREFERENCE, TIME_PATTERN_ID, LAST_MODIFIED_TIME)
values (121423, 223329, 1, '2222222222', 777, null);
insert into TIME_PREF (UNIQUEID, OWNER_ID, PREF_LEVEL_ID, PREFERENCE, TIME_PATTERN_ID, LAST_MODIFIED_TIME)
values (121426, 224016, 1, '2222222222', 777, null);
insert into TIME_PREF (UNIQUEID, OWNER_ID, PREF_LEVEL_ID, PREFERENCE, TIME_PATTERN_ID, LAST_MODIFIED_TIME)
values (121429, 224021, 1, '22222222222222222222222222222222222222222222222222', 773, null);
insert into TIME_PREF (UNIQUEID, OWNER_ID, PREF_LEVEL_ID, PREFERENCE, TIME_PATTERN_ID, LAST_MODIFIED_TIME)
values (121431, 223343, 1, '2222222222', 777, null);
insert into TIME_PREF (UNIQUEID, OWNER_ID, PREF_LEVEL_ID, PREFERENCE, TIME_PATTERN_ID, LAST_MODIFIED_TIME)
values (121432, 223343, 1, '2222222', 771, null);
insert into TIME_PREF (UNIQUEID, OWNER_ID, PREF_LEVEL_ID, PREFERENCE, TIME_PATTERN_ID, LAST_MODIFIED_TIME)
values (121435, 224031, 1, '2222222222222222222222222', 774, null);
insert into TIME_PREF (UNIQUEID, OWNER_ID, PREF_LEVEL_ID, PREFERENCE, TIME_PATTERN_ID, LAST_MODIFIED_TIME)
values (121437, 224030, 1, '22222222222222222222222222222222222222222222222222', 773, null);
insert into TIME_PREF (UNIQUEID, OWNER_ID, PREF_LEVEL_ID, PREFERENCE, TIME_PATTERN_ID, LAST_MODIFIED_TIME)
values (121439, 223349, 1, '2222222222222222222222222222222222222222', 772, null);
insert into TIME_PREF (UNIQUEID, OWNER_ID, PREF_LEVEL_ID, PREFERENCE, TIME_PATTERN_ID, LAST_MODIFIED_TIME)
values (121512, 226238, 1, '222222222222222442222222222222222333322222222222222222222222222442222222222222222333322222222222222222222222222442222222222222222333322222222222222222222222222442222222222222222333322222222222222222222222222442222222222222222333322222222222222222222222222222222222222222222222222222222222222222222222222222222222222222222222222222222222', null, null);
insert into TIME_PREF (UNIQUEID, OWNER_ID, PREF_LEVEL_ID, PREFERENCE, TIME_PATTERN_ID, LAST_MODIFIED_TIME)
values (121509, 226242, 1, '222222222222222PP2200000000002222222222222222222222222222222222PP4444444444444444444422222222222222222222222222PP2200000000002222222222222222222222222222222222PP4444444444444444444422222222222222222222222222PP2200000000002222PPPP22222222222222222222222222222222222222222222222222222222222222222222222222222222222222222222222222222222222', null, null);
insert into TIME_PREF (UNIQUEID, OWNER_ID, PREF_LEVEL_ID, PREFERENCE, TIME_PATTERN_ID, LAST_MODIFIED_TIME)
values (121513, 226240, 1, '222222222222222443333333333333333333322222222222222222222222222442200000000222222222222222222222222222222222222442211111111222222222222222222222222222222222222442200000000222222222222222222222222222222222222443333333333333333333322222222222222222222222222222222222222222222222222222222222222222222222222222222222222222222222222222222222', null, null);
insert into TIME_PREF (UNIQUEID, OWNER_ID, PREF_LEVEL_ID, PREFERENCE, TIME_PATTERN_ID, LAST_MODIFIED_TIME)
values (121520, 223228, 1, '2222222222', 777, null);
insert into TIME_PREF (UNIQUEID, OWNER_ID, PREF_LEVEL_ID, PREFERENCE, TIME_PATTERN_ID, LAST_MODIFIED_TIME)
values (121521, 223228, 1, 'PPPPPPP', 771, null);
commit;
prompt 51 records loaded
prompt Loading TMTBL_MGR_TO_ROLES...
insert into TMTBL_MGR_TO_ROLES (MANAGER_ID, ROLE_ID, UNIQUEID, IS_PRIMARY)
values (470, 1, 510, 1);
insert into TMTBL_MGR_TO_ROLES (MANAGER_ID, ROLE_ID, UNIQUEID, IS_PRIMARY)
values (471, 41, 511, 1);
insert into TMTBL_MGR_TO_ROLES (MANAGER_ID, ROLE_ID, UNIQUEID, IS_PRIMARY)
values (472, 21, 512, 1);
insert into TMTBL_MGR_TO_ROLES (MANAGER_ID, ROLE_ID, UNIQUEID, IS_PRIMARY)
values (473, 21, 513, 1);
commit;
prompt 4 records loaded
prompt Loading USERS...
insert into USERS (USERNAME, PASSWORD, EXTERNAL_UID)
values ('admin', 'ISMvKXpXpadDiUoOSoAfww==', '1');
insert into USERS (USERNAME, PASSWORD, EXTERNAL_UID)
values ('guest', 'CE4DQ6BIb/BVMN9scFyLtA==', '2');
insert into USERS (USERNAME, PASSWORD, EXTERNAL_UID)
values ('llr', 'upzaPqRBdj/JsBCHve1wWQ==', '3');
insert into USERS (USERNAME, PASSWORD, EXTERNAL_UID)
values ('dept', '22TgPFCHxi1Wgsv/a/O71w==', '4');
insert into USERS (USERNAME, PASSWORD, EXTERNAL_UID)
values ('muller', 'StUEFigbvXnXDqE8BBwF6w==', '15574403');
commit;
prompt 5 records loaded
prompt Loading USER_DATA...
insert into USER_DATA (EXTERNAL_UID, NAME, VALUE)
values ('1', 'InstructionalOfferingList.divSec', '0');
insert into USER_DATA (EXTERNAL_UID, NAME, VALUE)
values ('1', 'InstructionalOfferingList.demand', '1');
insert into USER_DATA (EXTERNAL_UID, NAME, VALUE)
values ('1', 'InstructionalOfferingList.projectedDemand', '1');
insert into USER_DATA (EXTERNAL_UID, NAME, VALUE)
values ('1', 'InstructionalOfferingList.minPerWk', '1');
insert into USER_DATA (EXTERNAL_UID, NAME, VALUE)
values ('1', 'InstructionalOfferingList.limit', '1');
insert into USER_DATA (EXTERNAL_UID, NAME, VALUE)
values ('1', 'InstructionalOfferingList.roomLimit', '1');
insert into USER_DATA (EXTERNAL_UID, NAME, VALUE)
values ('1', 'InstructionalOfferingList.manager', '1');
insert into USER_DATA (EXTERNAL_UID, NAME, VALUE)
values ('1', 'InstructionalOfferingList.datePattern', '1');
insert into USER_DATA (EXTERNAL_UID, NAME, VALUE)
values ('1', 'InstructionalOfferingList.timePattern', '1');
insert into USER_DATA (EXTERNAL_UID, NAME, VALUE)
values ('1', 'InstructionalOfferingList.instructor', '1');
insert into USER_DATA (EXTERNAL_UID, NAME, VALUE)
values ('1', 'InstructionalOfferingList.preferences', '1');
insert into USER_DATA (EXTERNAL_UID, NAME, VALUE)
values ('1', 'InstructionalOfferingList.timetable', '1');
insert into USER_DATA (EXTERNAL_UID, NAME, VALUE)
values ('1', 'InstructionalOfferingList.credit', '0');
insert into USER_DATA (EXTERNAL_UID, NAME, VALUE)
values ('1', 'InstructionalOfferingList.subpartCredit', '0');
insert into USER_DATA (EXTERNAL_UID, NAME, VALUE)
values ('1', 'InstructionalOfferingList.schedulePrintNote', '1');
insert into USER_DATA (EXTERNAL_UID, NAME, VALUE)
values ('1', 'InstructionalOfferingList.note', '0');
insert into USER_DATA (EXTERNAL_UID, NAME, VALUE)
values ('1', 'InstructionalOfferingList.title', '0');
insert into USER_DATA (EXTERNAL_UID, NAME, VALUE)
values ('1', 'InstructionalOfferingList.consent', '0');
insert into USER_DATA (EXTERNAL_UID, NAME, VALUE)
values ('1', 'InstructionalOfferingList.designatorRequired', '0');
insert into USER_DATA (EXTERNAL_UID, NAME, VALUE)
values ('1', 'InstructionalOfferingList.sortBy', 'Name');
commit;
prompt 20 records loaded
prompt Loading WAITLIST...
prompt Table is empty
prompt Enabling foreign key constraints for DATE_PATTERN...
alter table DATE_PATTERN enable constraint FK_DATE_PATTERN_SESSION;
prompt Enabling foreign key constraints for SESSIONS...
alter table SESSIONS enable constraint FK_SESSIONS_STATUS_TYPE;
alter table SESSIONS enable constraint FK_SESSION_DATEPATT;
prompt Enabling foreign key constraints for ACADEMIC_AREA...
alter table ACADEMIC_AREA enable constraint FK_ACADEMIC_AREA_SESSION;
prompt Enabling foreign key constraints for ACADEMIC_CLASSIFICATION...
alter table ACADEMIC_CLASSIFICATION enable constraint FK_ACAD_CLASS_SESSION;
prompt Enabling foreign key constraints for ACAD_AREA_RESERVATION...
alter table ACAD_AREA_RESERVATION enable constraint FK_ACAD_AREA_RESV_ACAD_AREA;
alter table ACAD_AREA_RESERVATION enable constraint FK_ACAD_AREA_RESV_ACAD_CLASS;
alter table ACAD_AREA_RESERVATION enable constraint FK_ACAD_AREA_RESV_TYPE;
prompt Enabling foreign key constraints for INSTRUCTIONAL_OFFERING...
alter table INSTRUCTIONAL_OFFERING enable constraint FK_INSTR_OFFR_CONSENT_TYPE;
prompt Enabling foreign key constraints for INSTR_OFFERING_CONFIG...
alter table INSTR_OFFERING_CONFIG enable constraint FK_INSTR_OFFR_CFG_INSTR_OFFR;
prompt Enabling foreign key constraints for SCHEDULING_SUBPART...
alter table SCHEDULING_SUBPART enable constraint FK_SCHED_SUBPART_CONFIG;
alter table SCHEDULING_SUBPART enable constraint FK_SCHED_SUBPART_DATE_PATTERN;
alter table SCHEDULING_SUBPART enable constraint FK_SCHED_SUBPART_ITYPE;
alter table SCHEDULING_SUBPART enable constraint FK_SCHED_SUBPART_PARENT;
prompt Enabling foreign key constraints for CLASS_...
alter table CLASS_ enable constraint FK_CLASS_DATEPATT;
alter table CLASS_ enable constraint FK_CLASS_PARENT;
alter table CLASS_ enable constraint FK_CLASS_SCHEDULING_SUBPART;
prompt Enabling foreign key constraints for SOLVER_GROUP...
alter table SOLVER_GROUP enable constraint FK_SOLVER_GROUP_SESSION;
prompt Enabling foreign key constraints for SOLUTION...
alter table SOLUTION enable constraint FK_SOLUTION_OWNER;
prompt Enabling foreign key constraints for TIME_PATTERN...
alter table TIME_PATTERN enable constraint FK_TIME_PATTERN_SESSION;
prompt Enabling foreign key constraints for ASSIGNMENT...
alter table ASSIGNMENT enable constraint FK_ASSIGNMENT_CLASS;
alter table ASSIGNMENT enable constraint FK_ASSIGNMENT_SOLUTION;
alter table ASSIGNMENT enable constraint FK_ASSIGNMENT_TIME_PATTERN;
prompt Enabling foreign key constraints for DEPARTMENT...
alter table DEPARTMENT enable constraint FK_DEPARTMENT_SOLVER_GROUP;
alter table DEPARTMENT enable constraint FK_DEPARTMENT_STATUS_TYPE;
prompt Enabling foreign key constraints for DEPARTMENTAL_INSTRUCTOR...
alter table DEPARTMENTAL_INSTRUCTOR enable constraint FK_DEPT_INSTR_DEPT;
alter table DEPARTMENTAL_INSTRUCTOR enable constraint FK_DEPT_INSTR_POS_CODE_TYPE;
prompt Enabling foreign key constraints for ASSIGNED_INSTRUCTORS...
alter table ASSIGNED_INSTRUCTORS enable constraint FK_ASSIGNED_INSTRS_ASSIGNMENT;
alter table ASSIGNED_INSTRUCTORS enable constraint FK_ASSIGNED_INSTRS_INSTRUCTOR;
prompt Enabling foreign key constraints for ASSIGNED_ROOMS...
alter table ASSIGNED_ROOMS enable constraint FK_ASSIGNED_ROOMS_ASSIGNMENT;
prompt Enabling foreign key constraints for BUILDING...
alter table BUILDING enable constraint FK_BUILDING_SESSION;
prompt Enabling foreign key constraints for BUILDING_PREF...
alter table BUILDING_PREF enable constraint FK_BUILDING_PREF_BLDG;
alter table BUILDING_PREF enable constraint FK_BUILDING_PREF_LEVEL;
prompt Enabling foreign key constraints for CLASS_INSTRUCTOR...
alter table CLASS_INSTRUCTOR enable constraint FK_CLASS_INSTRUCTOR_CLASS;
alter table CLASS_INSTRUCTOR enable constraint FK_CLASS_INSTRUCTOR_INSTR;
prompt Enabling foreign key constraints for STUDENT...
alter table STUDENT enable constraint FK_STUDENT_SESSION;
alter table STUDENT enable constraint FK_STUDENT_STATUS_STUDENT;
prompt Enabling foreign key constraints for FREE_TIME...
alter table FREE_TIME enable constraint FK_FREE_TIME_SESSION;
prompt Enabling foreign key constraints for COURSE_DEMAND...
alter table COURSE_DEMAND enable constraint FK_COURSE_DEMAND_FREE_TIME;
alter table COURSE_DEMAND enable constraint FK_COURSE_DEMAND_STUDENT;
prompt Enabling foreign key constraints for SUBJECT_AREA...
alter table SUBJECT_AREA enable constraint FK_SUBJECT_AREA_DEPT;
prompt Enabling foreign key constraints for COURSE_OFFERING...
alter table COURSE_OFFERING enable constraint FK_COURSE_OFFERING_DEMAND_OFFR;
alter table COURSE_OFFERING enable constraint FK_COURSE_OFFERING_INSTR_OFFR;
alter table COURSE_OFFERING enable constraint FK_COURSE_OFFERING_SUBJ_AREA;
prompt Enabling foreign key constraints for COURSE_REQUEST...
alter table COURSE_REQUEST enable constraint FK_COURSE_REQUEST_DEMAND;
alter table COURSE_REQUEST enable constraint FK_COURSE_REQUEST_OFFERING;
prompt Enabling foreign key constraints for CLASS_WAITLIST...
alter table CLASS_WAITLIST enable constraint FK_CLASS_WAITLIST_CLASS;
alter table CLASS_WAITLIST enable constraint FK_CLASS_WAITLIST_REQUEST;
alter table CLASS_WAITLIST enable constraint FK_CLASS_WAITLIST_STUDENT;
prompt Enabling foreign key constraints for CONSTRAINT_INFO...
alter table CONSTRAINT_INFO enable constraint FK_CONSTRAINT_INFO_ASSIGNMENT;
alter table CONSTRAINT_INFO enable constraint FK_CONSTRAINT_INFO_SOLVER;
prompt Enabling foreign key constraints for COURSE_CREDIT_UNIT_CONFIG...
alter table COURSE_CREDIT_UNIT_CONFIG enable constraint FK_CRS_CRDT_UNIT_CFG_CRDT_TYPE;
alter table COURSE_CREDIT_UNIT_CONFIG enable constraint FK_CRS_CRDT_UNIT_CFG_IO_OWN;
alter table COURSE_CREDIT_UNIT_CONFIG enable constraint FK_CRS_CRDT_UNIT_CFG_OWNER;
prompt Enabling foreign key constraints for COURSE_RESERVATION...
alter table COURSE_RESERVATION enable constraint FK_COURSE_RESERV_TYPE;
alter table COURSE_RESERVATION enable constraint FK_COURSE_RESV_CRS_OFFR;
prompt Enabling foreign key constraints for COURSE_SUBPART_CREDIT...
alter table COURSE_SUBPART_CREDIT enable constraint FK_SUBPART_CRED_CRS;
prompt Enabling foreign key constraints for DATE_PATTERN_DEPT...
alter table DATE_PATTERN_DEPT enable constraint FK_DATE_PATTERN_DEPT_DATE;
alter table DATE_PATTERN_DEPT enable constraint FK_DATE_PATTERN_DEPT_DEPT;
prompt Enabling foreign key constraints for DEPT_TO_TT_MGR...
alter table DEPT_TO_TT_MGR enable constraint FK_DEPT_TO_TT_MGR_DEPT;
alter table DEPT_TO_TT_MGR enable constraint FK_DEPT_TO_TT_MGR_MGR;
prompt Enabling foreign key constraints for DESIGNATOR...
alter table DESIGNATOR enable constraint FK_DESIGNATOR_INSTRUCTOR;
alter table DESIGNATOR enable constraint FK_DESIGNATOR_SUBJ_AREA;
prompt Enabling foreign key constraints for DISTRIBUTION_PREF...
alter table DISTRIBUTION_PREF enable constraint FK_DISTRIBUTION_PREF_DIST_TYPE;
alter table DISTRIBUTION_PREF enable constraint FK_DISTRIBUTION_PREF_LEVEL;
prompt Enabling foreign key constraints for DISTRIBUTION_OBJECT...
alter table DISTRIBUTION_OBJECT enable constraint FK_DISTRIBUTION_OBJECT_PREF;
prompt Enabling foreign key constraints for DIST_TYPE_DEPT...
alter table DIST_TYPE_DEPT enable constraint FK_DIST_TYPE_DEPT_DEPT;
alter table DIST_TYPE_DEPT enable constraint FK_DIST_TYPE_DEPT_TYPE;
prompt Enabling foreign key constraints for EXTERNAL_ROOM...
alter table EXTERNAL_ROOM enable constraint FK_EXT_ROOM_BUILDING;
prompt Enabling foreign key constraints for EXTERNAL_ROOM_DEPARTMENT...
alter table EXTERNAL_ROOM_DEPARTMENT enable constraint FK_EXT_DEPT_ROOM;
prompt Enabling foreign key constraints for EXTERNAL_ROOM_FEATURE...
alter table EXTERNAL_ROOM_FEATURE enable constraint FK_EXT_FTR_ROOM;
prompt Enabling foreign key constraints for HISTORY...
alter table HISTORY enable constraint FK_HISTORY_SESSION;
prompt Enabling foreign key constraints for INDIVIDUAL_RESERVATION...
alter table INDIVIDUAL_RESERVATION enable constraint FK_INDIVIDUAL_RESV_TYPE;
prompt Enabling foreign key constraints for JENRL...
alter table JENRL enable constraint FK_JENRL_CLASS1;
alter table JENRL enable constraint FK_JENRL_CLASS2;
alter table JENRL enable constraint FK_JENRL_SOLUTION;
prompt Enabling foreign key constraints for LASTLIKE_COURSE_DEMAND...
alter table LASTLIKE_COURSE_DEMAND enable constraint FK_LL_COURSE_DEMAND_STUDENT;
alter table LASTLIKE_COURSE_DEMAND enable constraint FK_LL_COURSE_DEMAND_SUBJAREA;
prompt Enabling foreign key constraints for MANAGER_SETTINGS...
alter table MANAGER_SETTINGS enable constraint FK_MANAGER_SETTINGS_KEY;
alter table MANAGER_SETTINGS enable constraint FK_MANAGER_SETTINGS_USER;
prompt Enabling foreign key constraints for NON_UNIVERSITY_LOCATION...
alter table NON_UNIVERSITY_LOCATION enable constraint FK_NON_UNIV_LOC_SESSION;
prompt Enabling foreign key constraints for OFFR_GROUP...
alter table OFFR_GROUP enable constraint FK_OFFR_GROUP_DEPT;
alter table OFFR_GROUP enable constraint FK_OFFR_GROUP_SESSION;
prompt Enabling foreign key constraints for OFFR_GROUP_OFFERING...
alter table OFFR_GROUP_OFFERING enable constraint FK_OFFR_GROUP_INSTR_OFFR;
alter table OFFR_GROUP_OFFERING enable constraint FK_OFFR_GROUP_OFFR_OFFR_GRP;
prompt Enabling foreign key constraints for POSITION_CODE_TO_TYPE...
alter table POSITION_CODE_TO_TYPE enable constraint FK_POS_CODE_TO_TYPE_CODE_TYPE;
prompt Enabling foreign key constraints for POS_MAJOR...
alter table POS_MAJOR enable constraint FK_POS_MAJOR_SESSION;
prompt Enabling foreign key constraints for POS_ACAD_AREA_MAJOR...
alter table POS_ACAD_AREA_MAJOR enable constraint FK_POS_ACAD_AREA_MAJOR_AREA;
alter table POS_ACAD_AREA_MAJOR enable constraint FK_POS_ACAD_AREA_MAJOR_MAJOR;
prompt Enabling foreign key constraints for POS_MINOR...
alter table POS_MINOR enable constraint FK_POS_MINOR_SESSION;
prompt Enabling foreign key constraints for POS_ACAD_AREA_MINOR...
alter table POS_ACAD_AREA_MINOR enable constraint FK_POS_ACAD_AREA_MINOR_AREA;
alter table POS_ACAD_AREA_MINOR enable constraint FK_POS_ACAD_AREA_MINOR_MINOR;
prompt Enabling foreign key constraints for POS_RESERVATION...
alter table POS_RESERVATION enable constraint FK_POS_RESV_ACAD_CLASS;
alter table POS_RESERVATION enable constraint FK_POS_RESV_MAJOR;
alter table POS_RESERVATION enable constraint FK_POS_RESV_TYPE;
prompt Enabling foreign key constraints for ROOM...
alter table ROOM enable constraint FK_ROOM_BUILDING;
alter table ROOM enable constraint FK_ROOM_SESSION;
prompt Enabling foreign key constraints for ROOM_DEPT...
alter table ROOM_DEPT enable constraint FK_ROOM_DEPT_DEPT;
prompt Enabling foreign key constraints for ROOM_FEATURE...
alter table ROOM_FEATURE enable constraint FK_ROOM_FEATURE_DEPT;
prompt Enabling foreign key constraints for ROOM_FEATURE_PREF...
alter table ROOM_FEATURE_PREF enable constraint FK_ROOM_FEAT_PREF_LEVEL;
alter table ROOM_FEATURE_PREF enable constraint FK_ROOM_FEAT_PREF_ROOM_FEAT;
prompt Enabling foreign key constraints for ROOM_GROUP...
alter table ROOM_GROUP enable constraint FK_ROOM_GROUP_DEPT;
alter table ROOM_GROUP enable constraint FK_ROOM_GROUP_SESSION;
prompt Enabling foreign key constraints for ROOM_GROUP_PREF...
alter table ROOM_GROUP_PREF enable constraint FK_ROOM_GROUP_PREF_LEVEL;
alter table ROOM_GROUP_PREF enable constraint FK_ROOM_GROUP_PREF_ROOM_GRP;
prompt Enabling foreign key constraints for ROOM_GROUP_ROOM...
alter table ROOM_GROUP_ROOM enable constraint FK_ROOM_GROUP_ROOM_ROOM_GRP;
prompt Enabling foreign key constraints for ROOM_JOIN_ROOM_FEATURE...
alter table ROOM_JOIN_ROOM_FEATURE enable constraint FK_ROOM_JOIN_ROOM_FEAT_RM_FEAT;
prompt Enabling foreign key constraints for ROOM_PREF...
alter table ROOM_PREF enable constraint FK_ROOM_PREF_LEVEL;
prompt Enabling foreign key constraints for SECTIONING_INFO...
alter table SECTIONING_INFO enable constraint FK_SECTIONING_INFO_CLASS;
prompt Enabling foreign key constraints for SOLVER_GR_TO_TT_MGR...
alter table SOLVER_GR_TO_TT_MGR enable constraint FK_SOLVER_GR_TO_TT_MGR_SOLVGRP;
alter table SOLVER_GR_TO_TT_MGR enable constraint FK_SOLVER_GR_TO_TT_MGR_TT_MGR;
prompt Enabling foreign key constraints for SOLVER_PARAMETER_DEF...
alter table SOLVER_PARAMETER_DEF enable constraint FK_SOLV_PARAM_DEF_SOLV_PAR_GRP;
prompt Enabling foreign key constraints for SOLVER_PARAMETER...
alter table SOLVER_PARAMETER enable constraint FK_SOLVER_PARAM_DEF;
alter table SOLVER_PARAMETER enable constraint FK_SOLVER_PARAM_PREDEF_STG;
alter table SOLVER_PARAMETER enable constraint FK_SOLVER_PARAM_SOLUTION;
prompt Enabling foreign key constraints for STUDENT_ACAD_AREA...
alter table STUDENT_ACAD_AREA enable constraint FK_STUDENT_ACAD_AREA_AREA;
alter table STUDENT_ACAD_AREA enable constraint FK_STUDENT_ACAD_AREA_CLASF;
alter table STUDENT_ACAD_AREA enable constraint FK_STUDENT_ACAD_AREA_STUDENT;
prompt Enabling foreign key constraints for STUDENT_ACCOMODATION...
alter table STUDENT_ACCOMODATION enable constraint FK_STUDENT_ACCOM_SESSION;
prompt Enabling foreign key constraints for STUDENT_CLASS_ENRL...
alter table STUDENT_CLASS_ENRL enable constraint FK_STUDENT_CLASS_ENRL_CLASS;
alter table STUDENT_CLASS_ENRL enable constraint FK_STUDENT_CLASS_ENRL_REQUEST;
alter table STUDENT_CLASS_ENRL enable constraint FK_STUDENT_CLASS_ENRL_STUDENT;
prompt Enabling foreign key constraints for STUDENT_ENRL...
alter table STUDENT_ENRL enable constraint FK_STUDENT_ENRL_CLASS;
alter table STUDENT_ENRL enable constraint FK_STUDENT_ENRL_SOLUTION;
prompt Enabling foreign key constraints for STUDENT_ENRL_MSG...
alter table STUDENT_ENRL_MSG enable constraint FK_STUDENT_ENRL_MSG_DEMAND;
prompt Enabling foreign key constraints for STUDENT_GROUP...
alter table STUDENT_GROUP enable constraint FK_STUDENT_GROUP_SESSION;
prompt Enabling foreign key constraints for STUDENT_GROUP_RESERVATION...
alter table STUDENT_GROUP_RESERVATION enable constraint FK_STU_GRP_RESV_RESERV_TYPE;
alter table STUDENT_GROUP_RESERVATION enable constraint FK_STU_GRP_RESV_STU_GRP;
prompt Enabling foreign key constraints for STUDENT_MAJOR...
alter table STUDENT_MAJOR enable constraint FK_STUDENT_MAJOR_MAJOR;
alter table STUDENT_MAJOR enable constraint FK_STUDENT_MAJOR_STUDENT;
prompt Enabling foreign key constraints for STUDENT_MINOR...
alter table STUDENT_MINOR enable constraint FK_STUDENT_MINOR_MINOR;
alter table STUDENT_MINOR enable constraint FK_STUDENT_MINOR_STUDENT;
prompt Enabling foreign key constraints for STUDENT_TO_ACOMODATION...
alter table STUDENT_TO_ACOMODATION enable constraint FK_STUDENT_ACOMODATION_ACCOM;
alter table STUDENT_TO_ACOMODATION enable constraint FK_STUDENT_ACOMODATION_STUDENT;
prompt Enabling foreign key constraints for STUDENT_TO_GROUP...
alter table STUDENT_TO_GROUP enable constraint FK_STUDENT_GROUP_GROUP;
alter table STUDENT_TO_GROUP enable constraint FK_STUDENT_GROUP_STUDENT;
prompt Enabling foreign key constraints for TIME_PATTERN_DAYS...
alter table TIME_PATTERN_DAYS enable constraint FK_TIME_PATTERN_DAYS_TIME_PATT;
prompt Enabling foreign key constraints for TIME_PATTERN_DEPT...
alter table TIME_PATTERN_DEPT enable constraint FK_TIME_PATTERN_DEPT_DEPT;
alter table TIME_PATTERN_DEPT enable constraint FK_TIME_PATTERN_DEPT_PATTERN;
prompt Enabling foreign key constraints for TIME_PATTERN_TIME...
alter table TIME_PATTERN_TIME enable constraint FK_TIME_PATTERN_TIME;
prompt Enabling foreign key constraints for TIME_PREF...
alter table TIME_PREF enable constraint FK_TIME_PREF_PREF_LEVEL;
alter table TIME_PREF enable constraint FK_TIME_PREF_TIME_PTRN;
prompt Enabling foreign key constraints for TMTBL_MGR_TO_ROLES...
alter table TMTBL_MGR_TO_ROLES enable constraint FK_TMTBL_MGR_TO_ROLES_MANAGER;
alter table TMTBL_MGR_TO_ROLES enable constraint FK_TMTBL_MGR_TO_ROLES_ROLE;
prompt Enabling foreign key constraints for WAITLIST...
alter table WAITLIST enable constraint FK_WAITLIST_COURSE_OFFERING;
alter table WAITLIST enable constraint FK_WAITLIST_STUDENT;
prompt Enabling triggers for DATE_PATTERN...
alter table DATE_PATTERN enable all triggers;
prompt Enabling triggers for DEPT_STATUS_TYPE...
alter table DEPT_STATUS_TYPE enable all triggers;
prompt Enabling triggers for SESSIONS...
alter table SESSIONS enable all triggers;
prompt Enabling triggers for ACADEMIC_AREA...
alter table ACADEMIC_AREA enable all triggers;
prompt Enabling triggers for ACADEMIC_CLASSIFICATION...
alter table ACADEMIC_CLASSIFICATION enable all triggers;
prompt Enabling triggers for RESERVATION_TYPE...
alter table RESERVATION_TYPE enable all triggers;
prompt Enabling triggers for ACAD_AREA_RESERVATION...
alter table ACAD_AREA_RESERVATION enable all triggers;
prompt Enabling triggers for APPLICATION_CONFIG...
alter table APPLICATION_CONFIG enable all triggers;
prompt Enabling triggers for OFFR_CONSENT_TYPE...
alter table OFFR_CONSENT_TYPE enable all triggers;
prompt Enabling triggers for INSTRUCTIONAL_OFFERING...
alter table INSTRUCTIONAL_OFFERING enable all triggers;
prompt Enabling triggers for INSTR_OFFERING_CONFIG...
alter table INSTR_OFFERING_CONFIG enable all triggers;
prompt Enabling triggers for ITYPE_DESC...
alter table ITYPE_DESC enable all triggers;
prompt Enabling triggers for SCHEDULING_SUBPART...
alter table SCHEDULING_SUBPART enable all triggers;
prompt Enabling triggers for CLASS_...
alter table CLASS_ enable all triggers;
prompt Enabling triggers for SOLVER_GROUP...
alter table SOLVER_GROUP enable all triggers;
prompt Enabling triggers for SOLUTION...
alter table SOLUTION enable all triggers;
prompt Enabling triggers for TIME_PATTERN...
alter table TIME_PATTERN enable all triggers;
prompt Enabling triggers for ASSIGNMENT...
alter table ASSIGNMENT enable all triggers;
prompt Enabling triggers for POSITION_TYPE...
alter table POSITION_TYPE enable all triggers;
prompt Enabling triggers for DEPARTMENT...
alter table DEPARTMENT enable all triggers;
prompt Enabling triggers for DEPARTMENTAL_INSTRUCTOR...
alter table DEPARTMENTAL_INSTRUCTOR enable all triggers;
prompt Enabling triggers for ASSIGNED_INSTRUCTORS...
alter table ASSIGNED_INSTRUCTORS enable all triggers;
prompt Enabling triggers for ASSIGNED_ROOMS...
alter table ASSIGNED_ROOMS enable all triggers;
prompt Enabling triggers for BUILDING...
alter table BUILDING enable all triggers;
prompt Enabling triggers for PREFERENCE_LEVEL...
alter table PREFERENCE_LEVEL enable all triggers;
prompt Enabling triggers for BUILDING_PREF...
alter table BUILDING_PREF enable all triggers;
prompt Enabling triggers for CLASS_INSTRUCTOR...
alter table CLASS_INSTRUCTOR enable all triggers;
prompt Enabling triggers for STUDENT_STATUS_TYPE...
alter table STUDENT_STATUS_TYPE enable all triggers;
prompt Enabling triggers for STUDENT...
alter table STUDENT enable all triggers;
prompt Enabling triggers for FREE_TIME...
alter table FREE_TIME enable all triggers;
prompt Enabling triggers for COURSE_DEMAND...
alter table COURSE_DEMAND enable all triggers;
prompt Enabling triggers for SUBJECT_AREA...
alter table SUBJECT_AREA enable all triggers;
prompt Enabling triggers for COURSE_OFFERING...
alter table COURSE_OFFERING enable all triggers;
prompt Enabling triggers for COURSE_REQUEST...
alter table COURSE_REQUEST enable all triggers;
prompt Enabling triggers for CLASS_WAITLIST...
alter table CLASS_WAITLIST enable all triggers;
prompt Enabling triggers for CONSTRAINT_INFO...
alter table CONSTRAINT_INFO enable all triggers;
prompt Enabling triggers for COURSE_CATALOG...
alter table COURSE_CATALOG enable all triggers;
prompt Enabling triggers for COURSE_CREDIT_TYPE...
alter table COURSE_CREDIT_TYPE enable all triggers;
prompt Enabling triggers for COURSE_CREDIT_UNIT_CONFIG...
alter table COURSE_CREDIT_UNIT_CONFIG enable all triggers;
prompt Enabling triggers for COURSE_CREDIT_UNIT_TYPE...
alter table COURSE_CREDIT_UNIT_TYPE enable all triggers;
prompt Enabling triggers for COURSE_RESERVATION...
alter table COURSE_RESERVATION enable all triggers;
prompt Enabling triggers for COURSE_SUBPART_CREDIT...
alter table COURSE_SUBPART_CREDIT enable all triggers;
prompt Enabling triggers for CRSE_CREDIT_FORMAT...
alter table CRSE_CREDIT_FORMAT enable all triggers;
prompt Enabling triggers for DATE_PATTERN_DEPT...
alter table DATE_PATTERN_DEPT enable all triggers;
prompt Enabling triggers for DEMAND_OFFR_TYPE...
alter table DEMAND_OFFR_TYPE enable all triggers;
prompt Enabling triggers for TIMETABLE_MANAGER...
alter table TIMETABLE_MANAGER enable all triggers;
prompt Enabling triggers for DEPT_TO_TT_MGR...
alter table DEPT_TO_TT_MGR enable all triggers;
prompt Enabling triggers for DESIGNATOR...
alter table DESIGNATOR enable all triggers;
prompt Enabling triggers for DISTRIBUTION_TYPE...
alter table DISTRIBUTION_TYPE enable all triggers;
prompt Enabling triggers for DISTRIBUTION_PREF...
alter table DISTRIBUTION_PREF enable all triggers;
prompt Enabling triggers for DISTRIBUTION_OBJECT...
alter table DISTRIBUTION_OBJECT enable all triggers;
prompt Enabling triggers for DIST_TYPE_DEPT...
alter table DIST_TYPE_DEPT enable all triggers;
prompt Enabling triggers for EXACT_TIME_MINS...
alter table EXACT_TIME_MINS enable all triggers;
prompt Enabling triggers for EXTERNAL_BUILDING...
alter table EXTERNAL_BUILDING enable all triggers;
prompt Enabling triggers for EXTERNAL_ROOM...
alter table EXTERNAL_ROOM enable all triggers;
prompt Enabling triggers for EXTERNAL_ROOM_DEPARTMENT...
alter table EXTERNAL_ROOM_DEPARTMENT enable all triggers;
prompt Enabling triggers for EXTERNAL_ROOM_FEATURE...
alter table EXTERNAL_ROOM_FEATURE enable all triggers;
prompt Enabling triggers for HISTORY...
alter table HISTORY enable all triggers;
prompt Enabling triggers for INDIVIDUAL_RESERVATION...
alter table INDIVIDUAL_RESERVATION enable all triggers;
prompt Enabling triggers for JENRL...
alter table JENRL enable all triggers;
prompt Enabling triggers for LASTLIKE_COURSE_DEMAND...
alter table LASTLIKE_COURSE_DEMAND enable all triggers;
prompt Enabling triggers for SETTINGS...
alter table SETTINGS enable all triggers;
prompt Enabling triggers for MANAGER_SETTINGS...
alter table MANAGER_SETTINGS enable all triggers;
prompt Enabling triggers for NON_UNIVERSITY_LOCATION...
alter table NON_UNIVERSITY_LOCATION enable all triggers;
prompt Enabling triggers for OFFR_GROUP...
alter table OFFR_GROUP enable all triggers;
prompt Enabling triggers for OFFR_GROUP_OFFERING...
alter table OFFR_GROUP_OFFERING enable all triggers;
prompt Enabling triggers for POSITION_CODE_TO_TYPE...
alter table POSITION_CODE_TO_TYPE enable all triggers;
prompt Enabling triggers for POS_MAJOR...
alter table POS_MAJOR enable all triggers;
prompt Enabling triggers for POS_ACAD_AREA_MAJOR...
alter table POS_ACAD_AREA_MAJOR enable all triggers;
prompt Enabling triggers for POS_MINOR...
alter table POS_MINOR enable all triggers;
prompt Enabling triggers for POS_ACAD_AREA_MINOR...
alter table POS_ACAD_AREA_MINOR enable all triggers;
prompt Enabling triggers for POS_RESERVATION...
alter table POS_RESERVATION enable all triggers;
prompt Enabling triggers for ROLES...
alter table ROLES enable all triggers;
prompt Enabling triggers for ROOM...
alter table ROOM enable all triggers;
prompt Enabling triggers for ROOM_DEPT...
alter table ROOM_DEPT enable all triggers;
prompt Enabling triggers for ROOM_FEATURE...
alter table ROOM_FEATURE enable all triggers;
prompt Enabling triggers for ROOM_FEATURE_PREF...
alter table ROOM_FEATURE_PREF enable all triggers;
prompt Enabling triggers for ROOM_GROUP...
alter table ROOM_GROUP enable all triggers;
prompt Enabling triggers for ROOM_GROUP_PREF...
alter table ROOM_GROUP_PREF enable all triggers;
prompt Enabling triggers for ROOM_GROUP_ROOM...
alter table ROOM_GROUP_ROOM enable all triggers;
prompt Enabling triggers for ROOM_JOIN_ROOM_FEATURE...
alter table ROOM_JOIN_ROOM_FEATURE enable all triggers;
prompt Enabling triggers for ROOM_PREF...
alter table ROOM_PREF enable all triggers;
prompt Enabling triggers for SECTIONING_INFO...
alter table SECTIONING_INFO enable all triggers;
prompt Enabling triggers for SOLVER_GR_TO_TT_MGR...
alter table SOLVER_GR_TO_TT_MGR enable all triggers;
prompt Enabling triggers for SOLVER_INFO_DEF...
alter table SOLVER_INFO_DEF enable all triggers;
prompt Enabling triggers for SOLVER_PARAMETER_GROUP...
alter table SOLVER_PARAMETER_GROUP enable all triggers;
prompt Enabling triggers for SOLVER_PARAMETER_DEF...
alter table SOLVER_PARAMETER_DEF enable all triggers;
prompt Enabling triggers for SOLVER_PREDEF_SETTING...
alter table SOLVER_PREDEF_SETTING enable all triggers;
prompt Enabling triggers for SOLVER_PARAMETER...
alter table SOLVER_PARAMETER enable all triggers;
prompt Enabling triggers for STAFF...
alter table STAFF enable all triggers;
prompt Enabling triggers for STUDENT_ACAD_AREA...
alter table STUDENT_ACAD_AREA enable all triggers;
prompt Enabling triggers for STUDENT_ACCOMODATION...
alter table STUDENT_ACCOMODATION enable all triggers;
prompt Enabling triggers for STUDENT_CLASS_ENRL...
alter table STUDENT_CLASS_ENRL enable all triggers;
prompt Enabling triggers for STUDENT_ENRL...
alter table STUDENT_ENRL enable all triggers;
prompt Enabling triggers for STUDENT_ENRL_MSG...
alter table STUDENT_ENRL_MSG enable all triggers;
prompt Enabling triggers for STUDENT_GROUP...
alter table STUDENT_GROUP enable all triggers;
prompt Enabling triggers for STUDENT_GROUP_RESERVATION...
alter table STUDENT_GROUP_RESERVATION enable all triggers;
prompt Enabling triggers for STUDENT_MAJOR...
alter table STUDENT_MAJOR enable all triggers;
prompt Enabling triggers for STUDENT_MINOR...
alter table STUDENT_MINOR enable all triggers;
prompt Enabling triggers for STUDENT_TO_ACOMODATION...
alter table STUDENT_TO_ACOMODATION enable all triggers;
prompt Enabling triggers for STUDENT_TO_GROUP...
alter table STUDENT_TO_GROUP enable all triggers;
prompt Enabling triggers for TIME_PATTERN_DAYS...
alter table TIME_PATTERN_DAYS enable all triggers;
prompt Enabling triggers for TIME_PATTERN_DEPT...
alter table TIME_PATTERN_DEPT enable all triggers;
prompt Enabling triggers for TIME_PATTERN_TIME...
alter table TIME_PATTERN_TIME enable all triggers;
prompt Enabling triggers for TIME_PREF...
alter table TIME_PREF enable all triggers;
prompt Enabling triggers for TMTBL_MGR_TO_ROLES...
alter table TMTBL_MGR_TO_ROLES enable all triggers;
prompt Enabling triggers for USERS...
alter table USERS enable all triggers;
prompt Enabling triggers for USER_DATA...
alter table USER_DATA enable all triggers;
prompt Enabling triggers for WAITLIST...
alter table WAITLIST enable all triggers;
set feedback on
set define on
prompt Generate statistics (for Oracle Cost Based Optimizer (CBO)) about data storage and distribution to generate accurate execution plans for queries.
execute dbms_stats.gather_schema_stats(ownname => 'TIMETABLE', estimate_percent => 100, method_opt=>'for all columns size auto', cascade=>true, options => 'GATHER');
prompt Done.
spool off
